-- phpMyAdmin SQL Dump
-- version 5.2.1deb3
-- https://www.phpmyadmin.net/
--
-- Hôte : localhost:3306
-- Généré le : mer. 24 déc. 2025 à 13:04
-- Version du serveur : 10.11.13-MariaDB-0ubuntu0.24.04.1
-- Version de PHP : 8.3.6

SET SQL_MODE = "NO_AUTO_VALUE_ON_ZERO";
START TRANSACTION;
SET time_zone = "+00:00";


/*!40101 SET @OLD_CHARACTER_SET_CLIENT=@@CHARACTER_SET_CLIENT */;
/*!40101 SET @OLD_CHARACTER_SET_RESULTS=@@CHARACTER_SET_RESULTS */;
/*!40101 SET @OLD_COLLATION_CONNECTION=@@COLLATION_CONNECTION */;
/*!40101 SET NAMES utf8mb4 */;

--
-- Base de données : `lego_tableau`
--

DELIMITER $$
--
-- Procédures
--
CREATE DEFINER=`root`@`localhost` PROCEDURE `check_mosaic_stock` (IN `p_id_Mosaic` INT, OUT `p_is_available` BOOLEAN)   BEGIN
    DECLARE v_missing_items INT$$

CREATE DEFINER=`root`@`localhost` PROCEDURE `create_all_tables` ()   BEGIN
    -- D'abord les tables indépendantes
    CALL create_save_customer_table()$$

CREATE DEFINER=`root`@`localhost` PROCEDURE `create_bank_details_table` ()   BEGIN
    CREATE TABLE IF NOT EXISTS BankDetails (
        id_Bank_Details INT AUTO_INCREMENT PRIMARY KEY,
        id_Customer INT NOT NULL,
        FOREIGN KEY (id_Customer) REFERENCES Customer(id_Customer),
        bank_name VARCHAR(150) NOT NULL,
        card_number VARCHAR(16) NOT NULL,
        expire_at DATE NOT NULL,
        cvc VARCHAR(3) NOT NULL
    ) ENGINE=InnoDB DEFAULT CHARSET=utf8mb4 COLLATE=utf8mb4_general_ci$$

CREATE DEFINER=`root`@`localhost` PROCEDURE `create_colors_table` ()   BEGIN
    CREATE TABLE IF NOT EXISTS `Colors` (
      `id` int(4) NOT NULL PRIMARY KEY,
      `name` varchar(28) DEFAULT NULL,
      `hex_color` varchar(6) DEFAULT NULL,
      `is_trans` varchar(5) DEFAULT NULL
    ) ENGINE=InnoDB DEFAULT CHARSET=utf8mb4 COLLATE=utf8mb4_general_ci$$

CREATE DEFINER=`root`@`localhost` PROCEDURE `create_customer_image_table` ()   BEGIN
    CREATE TABLE IF NOT EXISTS CustomerImage (
        id_Image INT AUTO_INCREMENT PRIMARY KEY,
        upload_date DATETIME NOT NULL DEFAULT CURRENT_TIMESTAMP
    ) ENGINE=InnoDB DEFAULT CHARSET=utf8mb4 COLLATE=utf8mb4_general_ci$$

CREATE DEFINER=`root`@`localhost` PROCEDURE `create_customer_order_table` ()   BEGIN
    CREATE TABLE IF NOT EXISTS CustomerOrder (
        id_Order INT AUTO_INCREMENT PRIMARY KEY,
        order_date DATETIME NOT NULL DEFAULT CURRENT_TIMESTAMP,
        status VARCHAR(20) NOT NULL,
        total_amount DECIMAL(10,2) NOT NULL,
        id_Customer INT NOT NULL,
        id_Image INT,
        id_Mosaic INT,
        FOREIGN KEY (id_Customer) REFERENCES Customer(id_Customer),
        FOREIGN KEY (id_Image) REFERENCES CustomerImage(id_Image),
        FOREIGN KEY (id_Mosaic) REFERENCES Mosaic(id_Mosaic)
    ) ENGINE=InnoDB DEFAULT CHARSET=utf8mb4 COLLATE=utf8mb4_general_ci$$

CREATE DEFINER=`root`@`localhost` PROCEDURE `create_customer_table` ()   BEGIN
    CREATE TABLE IF NOT EXISTS Customer (
        id_Customer INT AUTO_INCREMENT PRIMARY KEY,
        password VARCHAR(255) NOT NULL,
        phone CHAR(10),
        id_SaveCustomer INT,
        FOREIGN KEY (id_SaveCustomer) REFERENCES SaveCustomer(id_SaveCustomer)
    ) ENGINE=InnoDB DEFAULT CHARSET=utf8mb4 COLLATE=utf8mb4_general_ci$$

CREATE DEFINER=`root`@`localhost` PROCEDURE `create_factory_order_table` ()   BEGIN
    CREATE TABLE IF NOT EXISTS FactoryOrder (
        id_FactoryOrder INT AUTO_INCREMENT PRIMARY KEY,
        id_Item INT NOT NULL,
        quantity INT NOT NULL,
        price DECIMAL(10,2) NOT NULL,
        order_date DATE NOT NULL DEFAULT (CURRENT_DATE),
        FOREIGN KEY (id_Item) REFERENCES Item(id_Item)
    ) ENGINE=InnoDB DEFAULT CHARSET=utf8mb4 COLLATE=utf8mb4_general_ci$$

CREATE DEFINER=`root`@`localhost` PROCEDURE `create_image_table` ()   BEGIN
    CREATE TABLE IF NOT EXISTS Image (
        id_Image INT AUTO_INCREMENT PRIMARY KEY,
        filename VARCHAR(255) NOT NULL
    ) ENGINE=InnoDB DEFAULT CHARSET=utf8mb4 COLLATE=utf8mb4_general_ci$$

CREATE DEFINER=`root`@`localhost` PROCEDURE `create_invoice_table` ()   BEGIN
    CREATE TABLE IF NOT EXISTS Invoice (
        id_Invoice INT AUTO_INCREMENT PRIMARY KEY,
        invoice_number VARCHAR(50) NOT NULL,
        issue_date DATETIME NOT NULL DEFAULT CURRENT_TIMESTAMP,
        total_amount DECIMAL(10,2) NOT NULL,
        id_Order INT UNIQUE NOT NULL,
        order_date DATETIME NOT NULL,
        order_status VARCHAR(20) NOT NULL,
        id_Bank_Details INT,
        id_SaveCustomer INT,
        FOREIGN KEY (id_Order) REFERENCES CustomerOrder(id_Order),
        FOREIGN KEY (id_Bank_Details) REFERENCES BankDetails(id_Bank_Details),
        FOREIGN KEY (id_SaveCustomer) REFERENCES SaveCustomer(id_SaveCustomer)
    ) ENGINE=InnoDB DEFAULT CHARSET=utf8mb4 COLLATE=utf8mb4_general_ci$$

CREATE DEFINER=`root`@`localhost` PROCEDURE `create_item_table` ()   BEGIN
    CREATE TABLE IF NOT EXISTS Item (
        id_Item INT AUTO_INCREMENT PRIMARY KEY,
        shape_id int(11) NOT NULL,
        color_id int(11) NOT NULL,
        price decimal(6,2) NOT NULL DEFAULT 0.00,
        UNIQUE KEY `shape_id` (`shape_id`,`color_id`),
        KEY `color_id` (`color_id`),
        CONSTRAINT `pieces_ibfk_1` FOREIGN KEY (`shape_id`) REFERENCES `Shapes` (`id`) ON UPDATE CASCADE,
        CONSTRAINT `pieces_ibfk_2` FOREIGN KEY (`color_id`) REFERENCES `Colors` (`id`) ON UPDATE CASCADE
    ) ENGINE=InnoDB DEFAULT CHARSET=utf8mb4 COLLATE=utf8mb4_general_ci$$

CREATE DEFINER=`root`@`localhost` PROCEDURE `create_mosaic_composition_table` ()   BEGIN
    CREATE TABLE IF NOT EXISTS MosaicComposition (
        id_Mosaic INT NOT NULL,
        id_Item INT NOT NULL,
        quantity_needed INT NOT NULL,
        PRIMARY KEY (id_Mosaic, id_Item),
        FOREIGN KEY (id_Mosaic) REFERENCES Mosaic(id_Mosaic),
        FOREIGN KEY (id_Item) REFERENCES Item(id_Item)
    ) ENGINE=InnoDB DEFAULT CHARSET=utf8mb4 COLLATE=utf8mb4_general_ci$$

CREATE DEFINER=`root`@`localhost` PROCEDURE `create_mosaic_table` ()   BEGIN
    CREATE TABLE IF NOT EXISTS Mosaic (
        id_Mosaic INT AUTO_INCREMENT PRIMARY KEY,
        pattern_type VARCHAR(50) NOT NULL,
        generation_date DATETIME NOT NULL DEFAULT CURRENT_TIMESTAMP
    ) ENGINE=InnoDB DEFAULT CHARSET=utf8mb4 COLLATE=utf8mb4_general_ci$$

CREATE DEFINER=`root`@`localhost` PROCEDURE `create_order_item_table` ()   BEGIN
    CREATE TABLE IF NOT EXISTS OrderItem (
        id_Order INT NOT NULL,
        id_Item INT NOT NULL,
        quantity INT NOT NULL,
        unit_price_snapshot DECIMAL(10,2) NOT NULL,
        PRIMARY KEY (id_Order, id_Item),
        FOREIGN KEY (id_Order) REFERENCES CustomerOrder(id_Order),
        FOREIGN KEY (id_Item) REFERENCES Item(id_Item)
    ) ENGINE=InnoDB DEFAULT CHARSET=utf8mb4 COLLATE=utf8mb4_general_ci$$

CREATE DEFINER=`root`@`localhost` PROCEDURE `create_save_customer_table` ()   BEGIN
    CREATE TABLE IF NOT EXISTS SaveCustomer (
        id_SaveCustomer INT AUTO_INCREMENT PRIMARY KEY,
        first_name VARCHAR(100) NOT NULL,
        last_name VARCHAR(100) NOT NULL,
        email VARCHAR(150) NOT NULL,
        adress VARCHAR(255),
        postal_code VARCHAR(20), 
        city VARCHAR(255)
    ) ENGINE=InnoDB DEFAULT CHARSET=utf8mb4 COLLATE=utf8mb4_general_ci$$

CREATE DEFINER=`root`@`localhost` PROCEDURE `create_shapes_table` ()   BEGIN
    CREATE TABLE IF NOT EXISTS `Shapes` (
      `id` int(11) NOT NULL PRIMARY KEY,
      `width` tinyint(4) NOT NULL,
      `length` tinyint(4) NOT NULL,
      `hole` int(11) DEFAULT NULL,
      `name` varchar(50) NOT NULL,
      UNIQUE KEY `width` (`width`,`length`,`hole`)
    ) ENGINE=InnoDB DEFAULT CHARSET=utf8mb4 COLLATE=utf8mb4_general_ci$$

CREATE DEFINER=`root`@`localhost` PROCEDURE `create_stockentry` ()   BEGIN
    CREATE TABLE IF NOT EXISTS StockEntry (
        id_Stock INT NOT NULL AUTO_INCREMENT,
        id_Item INT NOT NULL,
        date_import DATE NOT NULL DEFAULT (CURRENT_DATE),
        quantity INT NOT NULL,
        PRIMARY KEY (id_Stock),
        CONSTRAINT fk_stock_item FOREIGN KEY (id_Item) REFERENCES Item(id_Item)
    ) ENGINE=InnoDB DEFAULT CHARSET=utf8mb4 COLLATE=utf8mb4_general_ci$$

CREATE DEFINER=`root`@`localhost` PROCEDURE `get_all_items_stock` ()   BEGIN
    SELECT 
        i.id_Item, 
        s.name AS shape_name, 
        c.name AS color_name,
        i.price,
        (IFNULL(entries.total_in, 0) - IFNULL(sales.total_out, 0)) AS calculated_stock
    FROM Item i
    JOIN Shapes s ON i.shape_id = s.id
    JOIN Colors c ON i.color_id = c.id
    LEFT JOIN (SELECT id_Item, SUM(quantity) AS total_in FROM StockEntry GROUP BY id_Item) entries ON i.id_Item = entries.id_Item
    LEFT JOIN (SELECT id_Item, SUM(quantity) AS total_out FROM OrderItem GROUP BY id_Item) sales ON i.id_Item = sales.id_Item$$

CREATE DEFINER=`root`@`localhost` PROCEDURE `get_export_colors` ()   BEGIN
    SELECT id, hex_color 
    FROM Colors 
    ORDER BY id$$

CREATE DEFINER=`root`@`localhost` PROCEDURE `get_export_items_stock` ()   BEGIN
    SELECT 
        i.shape_id,
        i.color_id,
        i.price,
        -- Calcul du stock : (Total Entrées) - (Total Sorties)
        CAST((IFNULL(entries.total_in, 0) - IFNULL(sales.total_out, 0)) AS SIGNED) AS current_stock
    FROM Item i
    -- Jointure pour les entrées de stock
    LEFT JOIN (
        SELECT id_Item, SUM(quantity) AS total_in 
        FROM StockEntry 
        GROUP BY id_Item
    ) entries ON i.id_Item = entries.id_Item
    -- Jointure pour les ventes (sorties)
    LEFT JOIN (
        SELECT id_Item, SUM(quantity) AS total_out 
        FROM OrderItem 
        GROUP BY id_Item
    ) sales ON i.id_Item = sales.id_Item$$

CREATE DEFINER=`root`@`localhost` PROCEDURE `get_export_shapes` ()   BEGIN
    SELECT id, width, length 
    FROM Shapes 
    ORDER BY id$$

DELIMITER ;

-- --------------------------------------------------------

--
-- Structure de la table `BankDetails`
--

CREATE TABLE `BankDetails` (
  `id_Bank_Details` int(11) NOT NULL,
  `id_Customer` int(11) NOT NULL,
  `bank_name` varchar(150) NOT NULL,
  `card_number` varchar(16) NOT NULL,
  `expire_at` date NOT NULL,
  `cvc` varchar(3) NOT NULL
) ENGINE=InnoDB DEFAULT CHARSET=utf8mb4 COLLATE=utf8mb4_general_ci;

--
-- Déchargement des données de la table `BankDetails`
--

INSERT INTO `BankDetails` (`id_Bank_Details`, `id_Customer`, `bank_name`, `card_number`, `expire_at`, `cvc`) VALUES
(1, 1, 'Banque Populaire', '1234567890123456', '2028-12-31', '123');

-- --------------------------------------------------------

--
-- Structure de la table `Colors`
--

CREATE TABLE `Colors` (
  `id` int(4) NOT NULL,
  `name` varchar(28) DEFAULT NULL,
  `hex_color` varchar(6) DEFAULT NULL,
  `is_trans` varchar(5) DEFAULT NULL
) ENGINE=InnoDB DEFAULT CHARSET=utf8mb4 COLLATE=utf8mb4_general_ci;

--
-- Déchargement des données de la table `Colors`
--

INSERT INTO `Colors` (`id`, `name`, `hex_color`, `is_trans`) VALUES
(0, '[Unknown]', '0033B2', 'False'),
(1, 'Black', '05131D', 'False'),
(2, 'Blue', '0055BF', 'False'),
(3, 'Green', '237841', 'False'),
(4, 'Dark Turquoise', '008F9B', 'False'),
(5, 'Red', 'C91A09', 'False'),
(6, 'Dark Pink', 'C870A0', 'False'),
(7, 'Brown', '583927', 'False'),
(8, 'Light Gray', '9BA19D', 'False'),
(9, 'Dark Gray', '6D6E5C', 'False'),
(10, 'Light Blue', 'B4D2E3', 'False'),
(11, 'Bright Green', '4B9F4A', 'False'),
(12, 'Light Turquoise', '55A5AF', 'False'),
(13, 'Salmon', 'F2705E', 'False'),
(14, 'Pink', 'FC97AC', 'False'),
(15, 'Yellow', 'F2CD37', 'False'),
(16, 'White', 'FFFFFF', 'False'),
(17, 'Light Green', 'C2DAB8', 'False'),
(18, 'Light Yellow', 'FBE696', 'False'),
(19, 'Tan', 'E4CD9E', 'False'),
(20, 'Light Violet', 'C9CAE2', 'False'),
(21, 'Glow In Dark Opaque', 'D4D5C9', 'False'),
(22, 'Purple', '81007B', 'False'),
(23, 'Dark Blue-Violet', '2032B0', 'False'),
(24, 'Orange', 'FE8A18', 'False'),
(25, 'Magenta', '923978', 'False'),
(26, 'Lime', 'BBE90B', 'False'),
(27, 'Dark Tan', '958A73', 'False'),
(28, 'Bright Pink', 'E4ADC8', 'False'),
(29, 'Medium Lavender', 'AC78BA', 'False'),
(30, 'Lavender', 'E1D5ED', 'False'),
(31, 'Trans-Black IR Lens', '635F52', 'True'),
(32, 'Trans-Dark Blue', '0020A0', 'True'),
(33, 'Trans-Green', '84B68D', 'True'),
(34, 'Trans-Bright Green', 'D9E4A7', 'True'),
(35, 'Trans-Red', 'C91A09', 'True'),
(36, 'Trans-Brown', '635F52', 'True'),
(37, 'Trans-Light Blue', 'AEEFEC', 'True'),
(38, 'Trans-Neon Green', 'F8F184', 'True'),
(39, 'Trans-Very Lt Blue', 'C1DFF0', 'True'),
(40, 'Trans-Dark Pink', 'DF6695', 'True'),
(41, 'Trans-Yellow', 'F5CD2F', 'True'),
(42, 'Trans-Clear', 'FCFCFC', 'True'),
(43, 'Trans-Purple', 'A5A5CB', 'True'),
(44, 'Trans-Neon Yellow', 'DAB000', 'True'),
(45, 'Trans-Neon Orange', 'FF800D', 'True'),
(46, 'Chrome Antique Brass', '645A4C', 'False'),
(47, 'Chrome Blue', '6C96BF', 'False'),
(48, 'Chrome Green', '3CB371', 'False'),
(49, 'Chrome Pink', 'AA4D8E', 'False'),
(50, 'Chrome Black', '1B2A34', 'False'),
(51, 'Very Light Orange', 'F3CF9B', 'False'),
(52, 'Light Purple', 'CD6298', 'False'),
(53, 'Reddish Brown', '582A12', 'False'),
(54, 'Light Bluish Gray', 'A0A5A9', 'False'),
(55, 'Dark Bluish Gray', '6C6E68', 'False'),
(56, 'Medium Blue', '5A93DB', 'False'),
(57, 'Medium Green', '73DCA1', 'False'),
(58, 'Speckle Black-Copper', '05131D', 'False'),
(59, 'Speckle DBGray-Silver', '6C6E68', 'False'),
(60, 'Light Pink', 'FECCCF', 'False'),
(61, 'Light Nougat', 'F6D7B3', 'False'),
(62, 'Milky White', 'FFFFFF', 'False'),
(63, 'Metallic Silver', 'A5A9B4', 'False'),
(64, 'Metallic Green', '899B5F', 'False'),
(65, 'Metallic Gold', 'DBAC34', 'False'),
(66, 'Medium Nougat', 'AA7D55', 'False'),
(67, 'Dark Purple', '3F3691', 'False'),
(68, 'Light Brown', '7C503A', 'False'),
(69, 'Royal Blue', '4C61DB', 'False'),
(70, 'Nougat', 'D09168', 'False'),
(71, 'Light Salmon', 'FEBABD', 'False'),
(72, 'Violet', '4354A3', 'False'),
(73, 'Medium Bluish Violet', '6874CA', 'False'),
(74, 'Glitter Trans-Dark Pink', 'DF6695', 'True'),
(75, 'Medium Lime', 'C7D23C', 'False'),
(76, 'Glitter Trans-Clear', 'FFFFFF', 'True'),
(77, 'Aqua', 'B3D7D1', 'False'),
(78, 'Light Lime', 'D9E4A7', 'False'),
(79, 'Light Orange', 'F9BA61', 'False'),
(80, 'Glitter Trans-Purple', 'A5A5CB', 'True'),
(81, 'Speckle Black-Silver', '05131D', 'False'),
(82, 'Speckle Black-Gold', '05131D', 'False'),
(83, 'Copper', 'AE7A59', 'False'),
(84, 'Pearl Light Gray', '9CA3A8', 'False'),
(85, 'Pearl Sand Blue', '7988A1', 'False'),
(86, 'Pearl Light Gold', 'DCBC81', 'False'),
(87, 'Trans-Medium Blue', 'CFE2F7', 'True'),
(88, 'Pearl Dark Gray', '575857', 'False'),
(89, 'Pearl Very Light Gray', 'ABADAC', 'False'),
(90, 'Very Light Bluish Gray', 'E6E3E0', 'False'),
(91, 'Yellowish Green', 'DFEEA5', 'False'),
(92, 'Flat Dark Gold', 'B48455', 'False'),
(93, 'Flat Silver', '898788', 'False'),
(94, 'Trans-Orange', 'F08F1C', 'True'),
(95, 'Pearl White', 'F2F3F2', 'False'),
(96, 'Bright Light Orange', 'F8BB3D', 'False'),
(97, 'Bright Light Blue', '9FC3E9', 'False'),
(98, 'Rust', 'B31004', 'False'),
(99, 'Bright Light Yellow', 'FFF03A', 'False'),
(100, 'Trans-Pink', 'E4ADC8', 'True'),
(101, 'Sky Blue', '7DBFDD', 'False'),
(102, 'Trans-Light Purple', '96709F', 'True'),
(103, 'Dark Blue', '0A3463', 'False'),
(104, 'Dark Green', '184632', 'False'),
(105, 'Glow In Dark Trans', 'BDC6AD', 'True'),
(106, 'Pearl Gold', 'AA7F2E', 'False'),
(107, 'Dark Brown', '352100', 'False'),
(108, 'Maersk Blue', '3592C3', 'False'),
(109, 'Dark Red', '720E0F', 'False'),
(110, 'Dark Azure', '078BC9', 'False'),
(111, 'Medium Azure', '36AEBF', 'False'),
(112, 'Light Aqua', 'ADC3C0', 'False'),
(113, 'Olive Green', '9B9A5A', 'False'),
(114, 'Chrome Gold', 'BBA53D', 'False'),
(115, 'Sand Red', 'D67572', 'False'),
(116, 'Medium Dark Pink', 'F785B1', 'False'),
(117, 'Earth Orange', 'FA9C1C', 'False'),
(118, 'Sand Purple', '845E84', 'False'),
(119, 'Sand Green', 'A0BCAC', 'False'),
(120, 'Sand Blue', '6074A1', 'False'),
(121, 'Chrome Silver', 'E0E0E0', 'False'),
(122, 'Fabuland Brown', 'B67B50', 'False'),
(123, 'Medium Orange', 'FFA70B', 'False'),
(124, 'Dark Orange', 'A95500', 'False'),
(125, 'Very Light Gray', 'E6E3DA', 'False'),
(126, 'Glow in Dark White', 'D9D9D9', 'False'),
(127, 'Medium Violet', '9391E4', 'False'),
(128, 'Glitter Trans-Neon Green', 'C0F500', 'True'),
(129, 'Glitter Trans-Light Blue', '68BCC5', 'True'),
(130, 'Trans-Flame Yellowish Orange', 'FCB76D', 'True'),
(131, 'Trans-Fire Yellow', 'FBE890', 'True'),
(132, 'Trans-Light Royal Blue', 'B4D4F7', 'True'),
(133, 'Reddish Lilac', '8E5597', 'False'),
(134, 'Vintage Blue', '039CBD', 'False'),
(135, 'Vintage Green', '1E601E', 'False'),
(136, 'Vintage Red', 'CA1F08', 'False'),
(137, 'Vintage Yellow', 'F3C305', 'False'),
(138, 'Fabuland Orange', 'EF9121', 'False'),
(139, 'Modulex White', 'F4F4F4', 'False'),
(140, 'Modulex Light Bluish Gray', 'AfB5C7', 'False'),
(141, 'Modulex Light Gray', '9C9C9C', 'False'),
(142, 'Modulex Charcoal Gray', '595D60', 'False'),
(143, 'Modulex Tile Gray', '6B5A5A', 'False'),
(144, 'Modulex Black', '4D4C52', 'False'),
(145, 'Modulex Tile Brown', '330000', 'False'),
(146, 'Modulex Terracotta', '5C5030', 'False'),
(147, 'Modulex Brown', '907450', 'False'),
(148, 'Modulex Buff', 'DEC69C', 'False'),
(149, 'Modulex Red', 'B52C20', 'False'),
(150, 'Modulex Pink Red', 'F45C40', 'False'),
(151, 'Modulex Orange', 'F47B30', 'False'),
(152, 'Modulex Light Orange', 'F7AD63', 'False'),
(153, 'Modulex Light Yellow', 'FFE371', 'False'),
(154, 'Modulex Ochre Yellow', 'FED557', 'False'),
(155, 'Modulex Lemon', 'BDC618', 'False'),
(156, 'Modulex Pastel Green', '7DB538', 'False'),
(157, 'Modulex Olive Green', '7C9051', 'False'),
(158, 'Modulex Aqua Green', '27867E', 'False'),
(159, 'Modulex Teal Blue', '467083', 'False'),
(160, 'Modulex Tile Blue', '0057A6', 'False'),
(161, 'Modulex Medium Blue', '61AFFF', 'False'),
(162, 'Modulex Pastel Blue', '68AECE', 'False'),
(163, 'Modulex Violet', 'BD7D85', 'False'),
(164, 'Modulex Pink', 'F785B1', 'False'),
(165, 'Modulex Clear', 'FFFFFF', 'False'),
(166, 'Modulex Foil Dark Gray', '595D60', 'False'),
(167, 'Modulex Foil Light Gray', '9C9C9C', 'False'),
(168, 'Modulex Foil Dark Green', '006400', 'False'),
(169, 'Modulex Foil Light Green', '7DB538', 'False'),
(170, 'Modulex Foil Dark Blue', '0057A6', 'False'),
(171, 'Modulex Foil Light Blue', '68AECE', 'False'),
(172, 'Modulex Foil Violet', '4B0082', 'False'),
(173, 'Modulex Foil Red', '8B0000', 'False'),
(174, 'Modulex Foil Yellow', 'FED557', 'False'),
(175, 'Modulex Foil Orange', 'F7AD63', 'False'),
(176, 'Coral', 'FF698F', 'False'),
(177, 'Pastel Blue', '5AC4DA', 'False'),
(178, 'Glitter Trans-Orange', 'F08F1C', 'True'),
(179, 'Opal Trans-Light Blue', '68BCC5', 'True'),
(180, 'Opal Trans-Dark Pink', 'CE1D9B', 'True'),
(181, 'Opal Trans-Clear', 'FCFCFC', 'True'),
(182, 'Opal Trans-Brown', '583927', 'True'),
(183, 'Trans-Light Bright Green', 'C9E788', 'True'),
(184, 'Trans-Light Green', '94E5AB', 'True'),
(185, 'Opal Trans-Purple', '8320B7', 'True'),
(186, 'Opal Trans-Bright Green', '84B68D', 'True'),
(187, 'Opal Trans-Dark Blue', '0020A0', 'True'),
(188, 'Vibrant Yellow', 'EBD800', 'False'),
(189, 'Pearl Copper', 'B46A00', 'False'),
(190, 'Fabuland Red', 'FF8014', 'False'),
(191, 'Reddish Gold', 'AC8247', 'False'),
(192, 'Curry', 'DD982E', 'False'),
(193, 'Dark Nougat', 'AD6140', 'False'),
(194, 'Bright Reddish Orange', 'EE5434', 'False'),
(195, 'Pearl Red', 'D60026', 'False'),
(196, 'Pearl Blue', '0059A3', 'False'),
(197, 'Pearl Green', '008E3C', 'False'),
(198, 'Pearl Brown', '57392C', 'False'),
(199, 'Pearl Black', '0A1327', 'False'),
(200, 'Duplo Blue', '009ECE', 'False'),
(201, 'Duplo Medium Blue', '3E95B6', 'False'),
(202, 'Duplo Lime', 'FFF230', 'False'),
(203, 'Fabuland Lime', '78FC78', 'False'),
(204, 'Duplo Medium Green', '468A5F', 'False'),
(205, 'Duplo Light Green', '60BA76', 'False'),
(206, 'Light Tan', 'F3C988', 'False'),
(207, 'Rust Orange', '872B17', 'False'),
(208, 'Clikits Pink', 'FE78B0', 'False'),
(209, 'Two-tone Copper', '945148', 'False'),
(210, 'Two-tone Gold', 'AB673A', 'False'),
(211, 'Two-tone Silver', '737271', 'False'),
(212, 'Pearl Lime', '6A7944', 'False'),
(213, 'Duplo Pink', 'FF879C', 'False'),
(214, 'Medium Brown', '755945', 'False'),
(215, 'Warm Tan', 'CCA373', 'False'),
(216, 'Duplo Turquoise', '3FB69E', 'False'),
(217, 'Warm Yellowish Orange', 'FFCB78', 'False'),
(218, 'Metallic Copper', '764D3B', 'False'),
(219, 'Light Lilac', '9195CA', 'False'),
(220, 'Trans-Medium Purple', '8D73B3', 'False'),
(221, 'Trans-Black', '635F52', 'True'),
(222, 'Glitter Trans-Bright Green', 'D9E4A7', 'True'),
(223, 'Glitter Trans-Medium Purple', '8D73B3', 'True'),
(224, 'Glitter Trans-Green', '84B68D', 'True'),
(225, 'Glitter Trans-Pink', 'E4ADC8', 'True'),
(226, 'Clikits Yellow', 'FFCF0B', 'False'),
(227, 'Duplo Dark Purple', '5F27AA', 'False'),
(228, 'Trans-Neon Red', 'FF0040', 'True'),
(229, 'Pearl Titanium', '3E3C39', 'False'),
(230, 'HO Aqua', 'B3D7D1', 'False'),
(231, 'HO Azure', '1591cb', 'False'),
(232, 'HO Blue-gray', '354e5a', 'False'),
(233, 'HO Cyan', '5b98b3', 'False'),
(234, 'HO Dark Aqua', 'a7dccf', 'False'),
(235, 'HO Dark Blue', '0A3463', 'False'),
(236, 'HO Dark Gray', '6D6E5C', 'False'),
(237, 'HO Dark Green', '184632', 'False'),
(238, 'HO Dark Lime', 'b2b955', 'False'),
(239, 'HO Dark Red', '631314', 'False'),
(240, 'HO Dark Sand Green', '627a62', 'False'),
(241, 'HO Dark Turquoise', '10929d', 'False'),
(242, 'HO Earth Orange', 'bb771b', 'False'),
(243, 'HO Gold', 'b4a774', 'False'),
(244, 'HO Light Aqua', 'a3d1c0', 'False'),
(245, 'HO Light Brown', '965336', 'False'),
(246, 'HO Light Gold', 'cdc298', 'False'),
(247, 'HO Light Tan', 'f9f1c7', 'False'),
(248, 'HO Light Yellow', 'f5fab7', 'False'),
(249, 'HO Medium Blue', '7396c8', 'False'),
(250, 'HO Medium Red', 'c01111', 'False'),
(251, 'HO Metallic Blue', '0d4763', 'False'),
(252, 'HO Metallic Dark Gray', '5e5e5e', 'False'),
(253, 'HO Metallic Green', '879867', 'False'),
(254, 'HO Metallic Sand Blue', '5f7d8c', 'False'),
(255, 'HO Olive Green', '9B9A5A', 'False'),
(256, 'HO Rose', 'd06262', 'False'),
(257, 'HO Sand Blue', '6e8aa6', 'False'),
(258, 'HO Sand Green', 'A0BCAC', 'False'),
(259, 'HO Tan', 'E4CD9E', 'False'),
(260, 'HO Titanium', '616161', 'False'),
(261, 'Metal', 'A5ADB4', 'False'),
(262, 'Reddish Orange', 'CA4C0B', 'False'),
(263, 'Sienna Brown', '915C3C', 'False'),
(264, 'Umber Brown', '5E3F33', 'False'),
(265, 'Opal Trans-Yellow', 'F5CD2F', 'True'),
(266, 'Neon Orange', 'EC4612', 'False'),
(267, 'Neon Green', 'D2FC43', 'False'),
(268, 'Dark Olive Green', '5d5c36', 'False'),
(269, 'Glitter Milky White', 'FFFFFF', 'False'),
(270, 'Chrome Red', 'CE3021', 'False'),
(271, 'Ochre Yellow', 'DD9E47', 'False'),
(272, 'Warm Pink', 'F6B7BF', 'False'),
(273, 'Blue Violet', 'A3A9FF', 'False'),
(274, '[No Color/Any Color]', '05131D', 'False');

-- --------------------------------------------------------

--
-- Structure de la table `Customer`
--

CREATE TABLE `Customer` (
  `id_Customer` int(11) NOT NULL,
  `password` varchar(255) NOT NULL,
  `phone` char(10) DEFAULT NULL,
  `id_SaveCustomer` int(11) DEFAULT NULL
) ENGINE=InnoDB DEFAULT CHARSET=utf8mb4 COLLATE=utf8mb4_general_ci;

--
-- Déchargement des données de la table `Customer`
--

INSERT INTO `Customer` (`id_Customer`, `password`, `phone`, `id_SaveCustomer`) VALUES
(1, '$2y$10$wWk1w/X.X.X.X.X.X.X.X.X.X.X.X.X.X.X.X.X.X.X.X.X.X.X', '0601020304', 1),
(2, '$2y$10$wWk1w/X.X.X.X.X.X.X.X.X.X.X.X.X.X.X.X.X.X.X.X.X.X.X', '0708091011', 2);

-- --------------------------------------------------------

--
-- Structure de la table `CustomerImage`
--

CREATE TABLE `CustomerImage` (
  `id_Image` int(11) NOT NULL,
  `upload_date` datetime NOT NULL DEFAULT current_timestamp()
) ENGINE=InnoDB DEFAULT CHARSET=utf8mb4 COLLATE=utf8mb4_general_ci;

-- --------------------------------------------------------

--
-- Structure de la table `CustomerOrder`
--

CREATE TABLE `CustomerOrder` (
  `id_Order` int(11) NOT NULL,
  `order_date` datetime NOT NULL DEFAULT current_timestamp(),
  `status` varchar(20) NOT NULL,
  `total_amount` decimal(10,2) NOT NULL,
  `id_Customer` int(11) NOT NULL,
  `id_Image` int(11) DEFAULT NULL,
  `id_Mosaic` int(11) DEFAULT NULL
) ENGINE=InnoDB DEFAULT CHARSET=utf8mb4 COLLATE=utf8mb4_general_ci;

--
-- Déchargement des données de la table `CustomerOrder`
--

INSERT INTO `CustomerOrder` (`id_Order`, `order_date`, `status`, `total_amount`, `id_Customer`, `id_Image`, `id_Mosaic`) VALUES
(1, '2025-11-28 10:00:00', 'Paid', 150.00, 1, NULL, NULL),
(2, '2025-11-29 14:30:00', 'Paid', 50.00, 2, NULL, NULL),
(3, '2025-11-30 09:15:00', 'Pending', 12.50, 1, NULL, NULL);

-- --------------------------------------------------------

--
-- Structure de la table `FactoryOrder`
--

CREATE TABLE `FactoryOrder` (
  `id_FactoryOrder` int(11) NOT NULL,
  `id_Item` int(11) NOT NULL,
  `quantity` int(11) NOT NULL,
  `price` decimal(10,2) NOT NULL,
  `order_date` date NOT NULL DEFAULT curdate()
) ENGINE=InnoDB DEFAULT CHARSET=utf8mb4 COLLATE=utf8mb4_general_ci;

--
-- Déclencheurs `FactoryOrder`
--
DELIMITER $$
CREATE TRIGGER `prevent_factory_order_delete` BEFORE DELETE ON `FactoryOrder` FOR EACH ROW BEGIN
    SIGNAL SQLSTATE '45000' SET MESSAGE_TEXT = 'Erreur : Suppression interdite (FactoryOrder).'$$
DELIMITER ;
DELIMITER $$
CREATE TRIGGER `prevent_factory_order_update` BEFORE UPDATE ON `FactoryOrder` FOR EACH ROW BEGIN
    SIGNAL SQLSTATE '45000' SET MESSAGE_TEXT = 'Erreur : Modification interdite (FactoryOrder).'$$
DELIMITER ;

-- --------------------------------------------------------

--
-- Structure de la table `Image`
--

CREATE TABLE `Image` (
  `id_Image` int(11) NOT NULL,
  `filename` varchar(255) NOT NULL
) ENGINE=InnoDB DEFAULT CHARSET=utf8mb4 COLLATE=utf8mb4_general_ci;

-- --------------------------------------------------------

--
-- Structure de la table `Invoice`
--

CREATE TABLE `Invoice` (
  `id_Invoice` int(11) NOT NULL,
  `invoice_number` varchar(50) NOT NULL,
  `issue_date` datetime NOT NULL DEFAULT current_timestamp(),
  `total_amount` decimal(10,2) NOT NULL,
  `id_Order` int(11) NOT NULL,
  `order_date` datetime NOT NULL,
  `order_status` varchar(20) NOT NULL,
  `id_Bank_Details` int(11) DEFAULT NULL,
  `id_SaveCustomer` int(11) DEFAULT NULL
) ENGINE=InnoDB DEFAULT CHARSET=utf8mb4 COLLATE=utf8mb4_general_ci;

--
-- Déchargement des données de la table `Invoice`
--

INSERT INTO `Invoice` (`id_Invoice`, `invoice_number`, `issue_date`, `total_amount`, `id_Order`, `order_date`, `order_status`, `id_Bank_Details`, `id_SaveCustomer`) VALUES
(1, 'FACT-20251224-001', '2025-12-24 12:27:48', 150.00, 1, '2025-11-28 10:00:00', 'Paid', 1, 1),
(2, 'FACT-20251224-002', '2025-12-24 12:27:48', 50.00, 2, '2025-11-29 14:30:00', 'Paid', NULL, 2);

--
-- Déclencheurs `Invoice`
--
DELIMITER $$
CREATE TRIGGER `before_invoice_insert` BEFORE INSERT ON `Invoice` FOR EACH ROW BEGIN
    DECLARE v_id_SaveCustomer INT$$
DELIMITER ;
DELIMITER $$
CREATE TRIGGER `prevent_invoice_delete` BEFORE DELETE ON `Invoice` FOR EACH ROW BEGIN
    SIGNAL SQLSTATE '45000' SET MESSAGE_TEXT = 'Erreur : Suppression interdite (Invoice).'$$
DELIMITER ;
DELIMITER $$
CREATE TRIGGER `prevent_invoice_update` BEFORE UPDATE ON `Invoice` FOR EACH ROW BEGIN
    SIGNAL SQLSTATE '45000' SET MESSAGE_TEXT = 'Erreur : Modification interdite (Invoice).'$$
DELIMITER ;

-- --------------------------------------------------------

--
-- Structure de la table `Item`
--

CREATE TABLE `Item` (
  `id_Item` int(11) NOT NULL,
  `shape_id` int(11) NOT NULL,
  `color_id` int(11) NOT NULL,
  `price` decimal(6,2) NOT NULL DEFAULT 0.00
) ENGINE=InnoDB DEFAULT CHARSET=utf8mb4 COLLATE=utf8mb4_general_ci;

--
-- Déchargement des données de la table `Item`
--

INSERT INTO `Item` (`id_Item`, `shape_id`, `color_id`, `price`) VALUES
(1, 1, 0, 0.04),
(2, 2, 0, 0.06),
(3, 3, 0, 0.08),
(4, 4, 0, 0.10),
(5, 5, 0, 0.12),
(6, 6, 0, 0.14),
(7, 9, 0, 0.25),
(8, 12, 0, 0.12),
(9, 13, 0, 0.14),
(10, 7, 0, 0.18),
(11, 8, 0, 0.22),
(12, 10, 0, 0.08),
(13, 11, 0, 0.10),
(14, 14, 0, 0.16),
(15, 18, 0, 0.40),
(16, 19, 0, 0.45),
(17, 22, 0, 0.22),
(18, 23, 0, 0.30),
(19, 25, 0, 0.40),
(20, 26, 0, 0.50),
(21, 15, 0, 0.22),
(22, 16, 0, 0.28),
(23, 17, 0, 0.35),
(24, 20, 0, 0.50),
(25, 21, 0, 0.20),
(26, 24, 0, 0.32),
(27, 27, 0, 0.55),
(28, 29, 0, 0.55),
(29, 30, 0, 0.65),
(30, 28, 0, 0.60),
(31, 31, 0, 0.75),
(32, 32, 0, 0.85),
(33, 34, 0, 1.05),
(34, 35, 0, 1.50),
(35, 37, 0, 1.20),
(36, 39, 0, 3.00),
(37, 33, 0, 0.95),
(38, 36, 0, 1.00),
(39, 38, 0, 1.50),
(40, 40, 0, 5.00),
(41, 1, 1, 0.04),
(42, 2, 1, 0.06),
(43, 3, 1, 0.08),
(44, 4, 1, 0.10),
(45, 5, 1, 0.12),
(46, 6, 1, 0.14),
(47, 9, 1, 0.25),
(48, 12, 1, 0.12),
(49, 13, 1, 0.14),
(50, 7, 1, 0.18),
(51, 8, 1, 0.22),
(52, 10, 1, 0.08),
(53, 11, 1, 0.10),
(54, 14, 1, 0.16),
(55, 18, 1, 0.40),
(56, 19, 1, 0.45),
(57, 22, 1, 0.22),
(58, 23, 1, 0.30),
(59, 25, 1, 0.40),
(60, 26, 1, 0.50),
(61, 15, 1, 0.22),
(62, 16, 1, 0.28),
(63, 17, 1, 0.35),
(64, 20, 1, 0.50),
(65, 21, 1, 0.20),
(66, 24, 1, 0.32),
(67, 27, 1, 0.55),
(68, 29, 1, 0.55),
(69, 30, 1, 0.65),
(70, 28, 1, 0.60),
(71, 31, 1, 0.75),
(72, 32, 1, 0.85),
(73, 34, 1, 1.05),
(74, 35, 1, 1.50),
(75, 37, 1, 1.20),
(76, 39, 1, 3.00),
(77, 33, 1, 0.95),
(78, 36, 1, 1.00),
(79, 38, 1, 1.50),
(80, 40, 1, 5.00),
(81, 1, 2, 0.04),
(82, 2, 2, 0.06),
(83, 3, 2, 0.08),
(84, 4, 2, 0.10),
(85, 5, 2, 0.12),
(86, 6, 2, 0.14),
(87, 9, 2, 0.25),
(88, 12, 2, 0.12),
(89, 13, 2, 0.14),
(90, 7, 2, 0.18),
(91, 8, 2, 0.22),
(92, 10, 2, 0.08),
(93, 11, 2, 0.10),
(94, 14, 2, 0.16),
(95, 18, 2, 0.40),
(96, 19, 2, 0.45),
(97, 22, 2, 0.22),
(98, 23, 2, 0.30),
(99, 25, 2, 0.40),
(100, 26, 2, 0.50),
(101, 15, 2, 0.22),
(102, 16, 2, 0.28),
(103, 17, 2, 0.35),
(104, 20, 2, 0.50),
(105, 21, 2, 0.20),
(106, 24, 2, 0.32),
(107, 27, 2, 0.55),
(108, 29, 2, 0.55),
(109, 30, 2, 0.65),
(110, 28, 2, 0.60),
(111, 31, 2, 0.75),
(112, 32, 2, 0.85),
(113, 34, 2, 1.05),
(114, 35, 2, 1.50),
(115, 37, 2, 1.20),
(116, 39, 2, 3.00),
(117, 33, 2, 0.95),
(118, 36, 2, 1.00),
(119, 38, 2, 1.50),
(120, 40, 2, 5.00),
(121, 1, 3, 0.04),
(122, 2, 3, 0.06),
(123, 3, 3, 0.08),
(124, 4, 3, 0.10),
(125, 5, 3, 0.12),
(126, 6, 3, 0.14),
(127, 9, 3, 0.25),
(128, 12, 3, 0.12),
(129, 13, 3, 0.14),
(130, 7, 3, 0.18),
(131, 8, 3, 0.22),
(132, 10, 3, 0.08),
(133, 11, 3, 0.10),
(134, 14, 3, 0.16),
(135, 18, 3, 0.40),
(136, 19, 3, 0.45),
(137, 22, 3, 0.22),
(138, 23, 3, 0.30),
(139, 25, 3, 0.40),
(140, 26, 3, 0.50),
(141, 15, 3, 0.22),
(142, 16, 3, 0.28),
(143, 17, 3, 0.35),
(144, 20, 3, 0.50),
(145, 21, 3, 0.20),
(146, 24, 3, 0.32),
(147, 27, 3, 0.55),
(148, 29, 3, 0.55),
(149, 30, 3, 0.65),
(150, 28, 3, 0.60),
(151, 31, 3, 0.75),
(152, 32, 3, 0.85),
(153, 34, 3, 1.05),
(154, 35, 3, 1.50),
(155, 37, 3, 1.20),
(156, 39, 3, 3.00),
(157, 33, 3, 0.95),
(158, 36, 3, 1.00),
(159, 38, 3, 1.50),
(160, 40, 3, 5.00),
(161, 1, 4, 0.04),
(162, 2, 4, 0.06),
(163, 3, 4, 0.08),
(164, 4, 4, 0.10),
(165, 5, 4, 0.12),
(166, 6, 4, 0.14),
(167, 9, 4, 0.25),
(168, 12, 4, 0.12),
(169, 13, 4, 0.14),
(170, 7, 4, 0.18),
(171, 8, 4, 0.22),
(172, 10, 4, 0.08),
(173, 11, 4, 0.10),
(174, 14, 4, 0.16),
(175, 18, 4, 0.40),
(176, 19, 4, 0.45),
(177, 22, 4, 0.22),
(178, 23, 4, 0.30),
(179, 25, 4, 0.40),
(180, 26, 4, 0.50),
(181, 15, 4, 0.22),
(182, 16, 4, 0.28),
(183, 17, 4, 0.35),
(184, 20, 4, 0.50),
(185, 21, 4, 0.20),
(186, 24, 4, 0.32),
(187, 27, 4, 0.55),
(188, 29, 4, 0.55),
(189, 30, 4, 0.65),
(190, 28, 4, 0.60),
(191, 31, 4, 0.75),
(192, 32, 4, 0.85),
(193, 34, 4, 1.05),
(194, 35, 4, 1.50),
(195, 37, 4, 1.20),
(196, 39, 4, 3.00),
(197, 33, 4, 0.95),
(198, 36, 4, 1.00),
(199, 38, 4, 1.50),
(200, 40, 4, 5.00),
(201, 1, 5, 0.04),
(202, 2, 5, 0.06),
(203, 3, 5, 0.08),
(204, 4, 5, 0.10),
(205, 5, 5, 0.12),
(206, 6, 5, 0.14),
(207, 9, 5, 0.25),
(208, 12, 5, 0.12),
(209, 13, 5, 0.14),
(210, 7, 5, 0.18),
(211, 8, 5, 0.22),
(212, 10, 5, 0.08),
(213, 11, 5, 0.10),
(214, 14, 5, 0.16),
(215, 18, 5, 0.40),
(216, 19, 5, 0.45),
(217, 22, 5, 0.22),
(218, 23, 5, 0.30),
(219, 25, 5, 0.40),
(220, 26, 5, 0.50),
(221, 15, 5, 0.22),
(222, 16, 5, 0.28),
(223, 17, 5, 0.35),
(224, 20, 5, 0.50),
(225, 21, 5, 0.20),
(226, 24, 5, 0.32),
(227, 27, 5, 0.55),
(228, 29, 5, 0.55),
(229, 30, 5, 0.65),
(230, 28, 5, 0.60),
(231, 31, 5, 0.75),
(232, 32, 5, 0.85),
(233, 34, 5, 1.05),
(234, 35, 5, 1.50),
(235, 37, 5, 1.20),
(236, 39, 5, 3.00),
(237, 33, 5, 0.95),
(238, 36, 5, 1.00),
(239, 38, 5, 1.50),
(240, 40, 5, 5.00),
(241, 1, 6, 0.04),
(242, 2, 6, 0.06),
(243, 3, 6, 0.08),
(244, 4, 6, 0.10),
(245, 5, 6, 0.12),
(246, 6, 6, 0.14),
(247, 9, 6, 0.25),
(248, 12, 6, 0.12),
(249, 13, 6, 0.14),
(250, 7, 6, 0.18),
(251, 8, 6, 0.22),
(252, 10, 6, 0.08),
(253, 11, 6, 0.10),
(254, 14, 6, 0.16),
(255, 18, 6, 0.40),
(256, 19, 6, 0.45),
(257, 22, 6, 0.22),
(258, 23, 6, 0.30),
(259, 25, 6, 0.40),
(260, 26, 6, 0.50),
(261, 15, 6, 0.22),
(262, 16, 6, 0.28),
(263, 17, 6, 0.35),
(264, 20, 6, 0.50),
(265, 21, 6, 0.20),
(266, 24, 6, 0.32),
(267, 27, 6, 0.55),
(268, 29, 6, 0.55),
(269, 30, 6, 0.65),
(270, 28, 6, 0.60),
(271, 31, 6, 0.75),
(272, 32, 6, 0.85),
(273, 34, 6, 1.05),
(274, 35, 6, 1.50),
(275, 37, 6, 1.20),
(276, 39, 6, 3.00),
(277, 33, 6, 0.95),
(278, 36, 6, 1.00),
(279, 38, 6, 1.50),
(280, 40, 6, 5.00),
(281, 1, 7, 0.04),
(282, 2, 7, 0.06),
(283, 3, 7, 0.08),
(284, 4, 7, 0.10),
(285, 5, 7, 0.12),
(286, 6, 7, 0.14),
(287, 9, 7, 0.25),
(288, 12, 7, 0.12),
(289, 13, 7, 0.14),
(290, 7, 7, 0.18),
(291, 8, 7, 0.22),
(292, 10, 7, 0.08),
(293, 11, 7, 0.10),
(294, 14, 7, 0.16),
(295, 18, 7, 0.40),
(296, 19, 7, 0.45),
(297, 22, 7, 0.22),
(298, 23, 7, 0.30),
(299, 25, 7, 0.40),
(300, 26, 7, 0.50),
(301, 15, 7, 0.22),
(302, 16, 7, 0.28),
(303, 17, 7, 0.35),
(304, 20, 7, 0.50),
(305, 21, 7, 0.20),
(306, 24, 7, 0.32),
(307, 27, 7, 0.55),
(308, 29, 7, 0.55),
(309, 30, 7, 0.65),
(310, 28, 7, 0.60),
(311, 31, 7, 0.75),
(312, 32, 7, 0.85),
(313, 34, 7, 1.05),
(314, 35, 7, 1.50),
(315, 37, 7, 1.20),
(316, 39, 7, 3.00),
(317, 33, 7, 0.95),
(318, 36, 7, 1.00),
(319, 38, 7, 1.50),
(320, 40, 7, 5.00),
(321, 1, 8, 0.04),
(322, 2, 8, 0.06),
(323, 3, 8, 0.08),
(324, 4, 8, 0.10),
(325, 5, 8, 0.12),
(326, 6, 8, 0.14),
(327, 9, 8, 0.25),
(328, 12, 8, 0.12),
(329, 13, 8, 0.14),
(330, 7, 8, 0.18),
(331, 8, 8, 0.22),
(332, 10, 8, 0.08),
(333, 11, 8, 0.10),
(334, 14, 8, 0.16),
(335, 18, 8, 0.40),
(336, 19, 8, 0.45),
(337, 22, 8, 0.22),
(338, 23, 8, 0.30),
(339, 25, 8, 0.40),
(340, 26, 8, 0.50),
(341, 15, 8, 0.22),
(342, 16, 8, 0.28),
(343, 17, 8, 0.35),
(344, 20, 8, 0.50),
(345, 21, 8, 0.20),
(346, 24, 8, 0.32),
(347, 27, 8, 0.55),
(348, 29, 8, 0.55),
(349, 30, 8, 0.65),
(350, 28, 8, 0.60),
(351, 31, 8, 0.75),
(352, 32, 8, 0.85),
(353, 34, 8, 1.05),
(354, 35, 8, 1.50),
(355, 37, 8, 1.20),
(356, 39, 8, 3.00),
(357, 33, 8, 0.95),
(358, 36, 8, 1.00),
(359, 38, 8, 1.50),
(360, 40, 8, 5.00),
(361, 1, 9, 0.04),
(362, 2, 9, 0.06),
(363, 3, 9, 0.08),
(364, 4, 9, 0.10),
(365, 5, 9, 0.12),
(366, 6, 9, 0.14),
(367, 9, 9, 0.25),
(368, 12, 9, 0.12),
(369, 13, 9, 0.14),
(370, 7, 9, 0.18),
(371, 8, 9, 0.22),
(372, 10, 9, 0.08),
(373, 11, 9, 0.10),
(374, 14, 9, 0.16),
(375, 18, 9, 0.40),
(376, 19, 9, 0.45),
(377, 22, 9, 0.22),
(378, 23, 9, 0.30),
(379, 25, 9, 0.40),
(380, 26, 9, 0.50),
(381, 15, 9, 0.22),
(382, 16, 9, 0.28),
(383, 17, 9, 0.35),
(384, 20, 9, 0.50),
(385, 21, 9, 0.20),
(386, 24, 9, 0.32),
(387, 27, 9, 0.55),
(388, 29, 9, 0.55),
(389, 30, 9, 0.65),
(390, 28, 9, 0.60),
(391, 31, 9, 0.75),
(392, 32, 9, 0.85),
(393, 34, 9, 1.05),
(394, 35, 9, 1.50),
(395, 37, 9, 1.20),
(396, 39, 9, 3.00),
(397, 33, 9, 0.95),
(398, 36, 9, 1.00),
(399, 38, 9, 1.50),
(400, 40, 9, 5.00),
(401, 1, 10, 0.04),
(402, 2, 10, 0.06),
(403, 3, 10, 0.08),
(404, 4, 10, 0.10),
(405, 5, 10, 0.12),
(406, 6, 10, 0.14),
(407, 9, 10, 0.25),
(408, 12, 10, 0.12),
(409, 13, 10, 0.14),
(410, 7, 10, 0.18),
(411, 8, 10, 0.22),
(412, 10, 10, 0.08),
(413, 11, 10, 0.10),
(414, 14, 10, 0.16),
(415, 18, 10, 0.40),
(416, 19, 10, 0.45),
(417, 22, 10, 0.22),
(418, 23, 10, 0.30),
(419, 25, 10, 0.40),
(420, 26, 10, 0.50),
(421, 15, 10, 0.22),
(422, 16, 10, 0.28),
(423, 17, 10, 0.35),
(424, 20, 10, 0.50),
(425, 21, 10, 0.20),
(426, 24, 10, 0.32),
(427, 27, 10, 0.55),
(428, 29, 10, 0.55),
(429, 30, 10, 0.65),
(430, 28, 10, 0.60),
(431, 31, 10, 0.75),
(432, 32, 10, 0.85),
(433, 34, 10, 1.05),
(434, 35, 10, 1.50),
(435, 37, 10, 1.20),
(436, 39, 10, 3.00),
(437, 33, 10, 0.95),
(438, 36, 10, 1.00),
(439, 38, 10, 1.50),
(440, 40, 10, 5.00),
(441, 1, 11, 0.04),
(442, 2, 11, 0.06),
(443, 3, 11, 0.08),
(444, 4, 11, 0.10),
(445, 5, 11, 0.12),
(446, 6, 11, 0.14),
(447, 9, 11, 0.25),
(448, 12, 11, 0.12),
(449, 13, 11, 0.14),
(450, 7, 11, 0.18),
(451, 8, 11, 0.22),
(452, 10, 11, 0.08),
(453, 11, 11, 0.10),
(454, 14, 11, 0.16),
(455, 18, 11, 0.40),
(456, 19, 11, 0.45),
(457, 22, 11, 0.22),
(458, 23, 11, 0.30),
(459, 25, 11, 0.40),
(460, 26, 11, 0.50),
(461, 15, 11, 0.22),
(462, 16, 11, 0.28),
(463, 17, 11, 0.35),
(464, 20, 11, 0.50),
(465, 21, 11, 0.20),
(466, 24, 11, 0.32),
(467, 27, 11, 0.55),
(468, 29, 11, 0.55),
(469, 30, 11, 0.65),
(470, 28, 11, 0.60),
(471, 31, 11, 0.75),
(472, 32, 11, 0.85),
(473, 34, 11, 1.05),
(474, 35, 11, 1.50),
(475, 37, 11, 1.20),
(476, 39, 11, 3.00),
(477, 33, 11, 0.95),
(478, 36, 11, 1.00),
(479, 38, 11, 1.50),
(480, 40, 11, 5.00),
(481, 1, 12, 0.04),
(482, 2, 12, 0.06),
(483, 3, 12, 0.08),
(484, 4, 12, 0.10),
(485, 5, 12, 0.12),
(486, 6, 12, 0.14),
(487, 9, 12, 0.25),
(488, 12, 12, 0.12),
(489, 13, 12, 0.14),
(490, 7, 12, 0.18),
(491, 8, 12, 0.22),
(492, 10, 12, 0.08),
(493, 11, 12, 0.10),
(494, 14, 12, 0.16),
(495, 18, 12, 0.40),
(496, 19, 12, 0.45),
(497, 22, 12, 0.22),
(498, 23, 12, 0.30),
(499, 25, 12, 0.40),
(500, 26, 12, 0.50),
(501, 15, 12, 0.22),
(502, 16, 12, 0.28),
(503, 17, 12, 0.35),
(504, 20, 12, 0.50),
(505, 21, 12, 0.20),
(506, 24, 12, 0.32),
(507, 27, 12, 0.55),
(508, 29, 12, 0.55),
(509, 30, 12, 0.65),
(510, 28, 12, 0.60),
(511, 31, 12, 0.75),
(512, 32, 12, 0.85),
(513, 34, 12, 1.05),
(514, 35, 12, 1.50),
(515, 37, 12, 1.20),
(516, 39, 12, 3.00),
(517, 33, 12, 0.95),
(518, 36, 12, 1.00),
(519, 38, 12, 1.50),
(520, 40, 12, 5.00),
(521, 1, 13, 0.04),
(522, 2, 13, 0.06),
(523, 3, 13, 0.08),
(524, 4, 13, 0.10),
(525, 5, 13, 0.12),
(526, 6, 13, 0.14),
(527, 9, 13, 0.25),
(528, 12, 13, 0.12),
(529, 13, 13, 0.14),
(530, 7, 13, 0.18),
(531, 8, 13, 0.22),
(532, 10, 13, 0.08),
(533, 11, 13, 0.10),
(534, 14, 13, 0.16),
(535, 18, 13, 0.40),
(536, 19, 13, 0.45),
(537, 22, 13, 0.22),
(538, 23, 13, 0.30),
(539, 25, 13, 0.40),
(540, 26, 13, 0.50),
(541, 15, 13, 0.22),
(542, 16, 13, 0.28),
(543, 17, 13, 0.35),
(544, 20, 13, 0.50),
(545, 21, 13, 0.20),
(546, 24, 13, 0.32),
(547, 27, 13, 0.55),
(548, 29, 13, 0.55),
(549, 30, 13, 0.65),
(550, 28, 13, 0.60),
(551, 31, 13, 0.75),
(552, 32, 13, 0.85),
(553, 34, 13, 1.05),
(554, 35, 13, 1.50),
(555, 37, 13, 1.20),
(556, 39, 13, 3.00),
(557, 33, 13, 0.95),
(558, 36, 13, 1.00),
(559, 38, 13, 1.50),
(560, 40, 13, 5.00),
(561, 1, 14, 0.04),
(562, 2, 14, 0.06),
(563, 3, 14, 0.08),
(564, 4, 14, 0.10),
(565, 5, 14, 0.12),
(566, 6, 14, 0.14),
(567, 9, 14, 0.25),
(568, 12, 14, 0.12),
(569, 13, 14, 0.14),
(570, 7, 14, 0.18),
(571, 8, 14, 0.22),
(572, 10, 14, 0.08),
(573, 11, 14, 0.10),
(574, 14, 14, 0.16),
(575, 18, 14, 0.40),
(576, 19, 14, 0.45),
(577, 22, 14, 0.22),
(578, 23, 14, 0.30),
(579, 25, 14, 0.40),
(580, 26, 14, 0.50),
(581, 15, 14, 0.22),
(582, 16, 14, 0.28),
(583, 17, 14, 0.35),
(584, 20, 14, 0.50),
(585, 21, 14, 0.20),
(586, 24, 14, 0.32),
(587, 27, 14, 0.55),
(588, 29, 14, 0.55),
(589, 30, 14, 0.65),
(590, 28, 14, 0.60),
(591, 31, 14, 0.75),
(592, 32, 14, 0.85),
(593, 34, 14, 1.05),
(594, 35, 14, 1.50),
(595, 37, 14, 1.20),
(596, 39, 14, 3.00),
(597, 33, 14, 0.95),
(598, 36, 14, 1.00),
(599, 38, 14, 1.50),
(600, 40, 14, 5.00),
(601, 1, 15, 0.04),
(602, 2, 15, 0.06),
(603, 3, 15, 0.08),
(604, 4, 15, 0.10),
(605, 5, 15, 0.12),
(606, 6, 15, 0.14),
(607, 9, 15, 0.25),
(608, 12, 15, 0.12),
(609, 13, 15, 0.14),
(610, 7, 15, 0.18),
(611, 8, 15, 0.22),
(612, 10, 15, 0.08),
(613, 11, 15, 0.10),
(614, 14, 15, 0.16),
(615, 18, 15, 0.40),
(616, 19, 15, 0.45),
(617, 22, 15, 0.22),
(618, 23, 15, 0.30),
(619, 25, 15, 0.40),
(620, 26, 15, 0.50),
(621, 15, 15, 0.22),
(622, 16, 15, 0.28),
(623, 17, 15, 0.35),
(624, 20, 15, 0.50),
(625, 21, 15, 0.20),
(626, 24, 15, 0.32),
(627, 27, 15, 0.55),
(628, 29, 15, 0.55),
(629, 30, 15, 0.65),
(630, 28, 15, 0.60),
(631, 31, 15, 0.75),
(632, 32, 15, 0.85),
(633, 34, 15, 1.05),
(634, 35, 15, 1.50),
(635, 37, 15, 1.20),
(636, 39, 15, 3.00),
(637, 33, 15, 0.95),
(638, 36, 15, 1.00),
(639, 38, 15, 1.50),
(640, 40, 15, 5.00),
(641, 1, 16, 0.04),
(642, 2, 16, 0.06),
(643, 3, 16, 0.08),
(644, 4, 16, 0.10),
(645, 5, 16, 0.12),
(646, 6, 16, 0.14),
(647, 9, 16, 0.25),
(648, 12, 16, 0.12),
(649, 13, 16, 0.14),
(650, 7, 16, 0.18),
(651, 8, 16, 0.22),
(652, 10, 16, 0.08),
(653, 11, 16, 0.10),
(654, 14, 16, 0.16),
(655, 18, 16, 0.40),
(656, 19, 16, 0.45),
(657, 22, 16, 0.22),
(658, 23, 16, 0.30),
(659, 25, 16, 0.40),
(660, 26, 16, 0.50),
(661, 15, 16, 0.22),
(662, 16, 16, 0.28),
(663, 17, 16, 0.35),
(664, 20, 16, 0.50),
(665, 21, 16, 0.20),
(666, 24, 16, 0.32),
(667, 27, 16, 0.55),
(668, 29, 16, 0.55),
(669, 30, 16, 0.65),
(670, 28, 16, 0.60),
(671, 31, 16, 0.75),
(672, 32, 16, 0.85),
(673, 34, 16, 1.05),
(674, 35, 16, 1.50),
(675, 37, 16, 1.20),
(676, 39, 16, 3.00),
(677, 33, 16, 0.95),
(678, 36, 16, 1.00),
(679, 38, 16, 1.50),
(680, 40, 16, 5.00),
(681, 1, 17, 0.04),
(682, 2, 17, 0.06),
(683, 3, 17, 0.08),
(684, 4, 17, 0.10),
(685, 5, 17, 0.12),
(686, 6, 17, 0.14),
(687, 9, 17, 0.25),
(688, 12, 17, 0.12),
(689, 13, 17, 0.14),
(690, 7, 17, 0.18),
(691, 8, 17, 0.22),
(692, 10, 17, 0.08),
(693, 11, 17, 0.10),
(694, 14, 17, 0.16),
(695, 18, 17, 0.40),
(696, 19, 17, 0.45),
(697, 22, 17, 0.22),
(698, 23, 17, 0.30),
(699, 25, 17, 0.40),
(700, 26, 17, 0.50),
(701, 15, 17, 0.22),
(702, 16, 17, 0.28),
(703, 17, 17, 0.35),
(704, 20, 17, 0.50),
(705, 21, 17, 0.20),
(706, 24, 17, 0.32),
(707, 27, 17, 0.55),
(708, 29, 17, 0.55),
(709, 30, 17, 0.65),
(710, 28, 17, 0.60),
(711, 31, 17, 0.75),
(712, 32, 17, 0.85),
(713, 34, 17, 1.05),
(714, 35, 17, 1.50),
(715, 37, 17, 1.20),
(716, 39, 17, 3.00),
(717, 33, 17, 0.95),
(718, 36, 17, 1.00),
(719, 38, 17, 1.50),
(720, 40, 17, 5.00),
(721, 1, 18, 0.04),
(722, 2, 18, 0.06),
(723, 3, 18, 0.08),
(724, 4, 18, 0.10),
(725, 5, 18, 0.12),
(726, 6, 18, 0.14),
(727, 9, 18, 0.25),
(728, 12, 18, 0.12),
(729, 13, 18, 0.14),
(730, 7, 18, 0.18),
(731, 8, 18, 0.22),
(732, 10, 18, 0.08),
(733, 11, 18, 0.10),
(734, 14, 18, 0.16),
(735, 18, 18, 0.40),
(736, 19, 18, 0.45),
(737, 22, 18, 0.22),
(738, 23, 18, 0.30),
(739, 25, 18, 0.40),
(740, 26, 18, 0.50),
(741, 15, 18, 0.22),
(742, 16, 18, 0.28),
(743, 17, 18, 0.35),
(744, 20, 18, 0.50),
(745, 21, 18, 0.20),
(746, 24, 18, 0.32),
(747, 27, 18, 0.55),
(748, 29, 18, 0.55),
(749, 30, 18, 0.65),
(750, 28, 18, 0.60),
(751, 31, 18, 0.75),
(752, 32, 18, 0.85),
(753, 34, 18, 1.05),
(754, 35, 18, 1.50),
(755, 37, 18, 1.20),
(756, 39, 18, 3.00),
(757, 33, 18, 0.95),
(758, 36, 18, 1.00),
(759, 38, 18, 1.50),
(760, 40, 18, 5.00),
(761, 1, 19, 0.04),
(762, 2, 19, 0.06),
(763, 3, 19, 0.08),
(764, 4, 19, 0.10),
(765, 5, 19, 0.12),
(766, 6, 19, 0.14),
(767, 9, 19, 0.25),
(768, 12, 19, 0.12),
(769, 13, 19, 0.14),
(770, 7, 19, 0.18),
(771, 8, 19, 0.22),
(772, 10, 19, 0.08),
(773, 11, 19, 0.10),
(774, 14, 19, 0.16),
(775, 18, 19, 0.40),
(776, 19, 19, 0.45),
(777, 22, 19, 0.22),
(778, 23, 19, 0.30),
(779, 25, 19, 0.40),
(780, 26, 19, 0.50),
(781, 15, 19, 0.22),
(782, 16, 19, 0.28),
(783, 17, 19, 0.35),
(784, 20, 19, 0.50),
(785, 21, 19, 0.20),
(786, 24, 19, 0.32),
(787, 27, 19, 0.55),
(788, 29, 19, 0.55),
(789, 30, 19, 0.65),
(790, 28, 19, 0.60),
(791, 31, 19, 0.75),
(792, 32, 19, 0.85),
(793, 34, 19, 1.05),
(794, 35, 19, 1.50),
(795, 37, 19, 1.20),
(796, 39, 19, 3.00),
(797, 33, 19, 0.95),
(798, 36, 19, 1.00),
(799, 38, 19, 1.50),
(800, 40, 19, 5.00),
(801, 1, 20, 0.04),
(802, 2, 20, 0.06),
(803, 3, 20, 0.08),
(804, 4, 20, 0.10),
(805, 5, 20, 0.12),
(806, 6, 20, 0.14),
(807, 9, 20, 0.25),
(808, 12, 20, 0.12),
(809, 13, 20, 0.14),
(810, 7, 20, 0.18),
(811, 8, 20, 0.22),
(812, 10, 20, 0.08),
(813, 11, 20, 0.10),
(814, 14, 20, 0.16),
(815, 18, 20, 0.40),
(816, 19, 20, 0.45),
(817, 22, 20, 0.22),
(818, 23, 20, 0.30),
(819, 25, 20, 0.40),
(820, 26, 20, 0.50),
(821, 15, 20, 0.22),
(822, 16, 20, 0.28),
(823, 17, 20, 0.35),
(824, 20, 20, 0.50),
(825, 21, 20, 0.20),
(826, 24, 20, 0.32),
(827, 27, 20, 0.55),
(828, 29, 20, 0.55),
(829, 30, 20, 0.65),
(830, 28, 20, 0.60),
(831, 31, 20, 0.75),
(832, 32, 20, 0.85),
(833, 34, 20, 1.05),
(834, 35, 20, 1.50),
(835, 37, 20, 1.20),
(836, 39, 20, 3.00),
(837, 33, 20, 0.95),
(838, 36, 20, 1.00),
(839, 38, 20, 1.50),
(840, 40, 20, 5.00),
(841, 1, 21, 0.04),
(842, 2, 21, 0.06),
(843, 3, 21, 0.08),
(844, 4, 21, 0.10),
(845, 5, 21, 0.12),
(846, 6, 21, 0.14),
(847, 9, 21, 0.25),
(848, 12, 21, 0.12),
(849, 13, 21, 0.14),
(850, 7, 21, 0.18),
(851, 8, 21, 0.22),
(852, 10, 21, 0.08),
(853, 11, 21, 0.10),
(854, 14, 21, 0.16),
(855, 18, 21, 0.40),
(856, 19, 21, 0.45),
(857, 22, 21, 0.22),
(858, 23, 21, 0.30),
(859, 25, 21, 0.40),
(860, 26, 21, 0.50),
(861, 15, 21, 0.22),
(862, 16, 21, 0.28),
(863, 17, 21, 0.35),
(864, 20, 21, 0.50),
(865, 21, 21, 0.20),
(866, 24, 21, 0.32),
(867, 27, 21, 0.55),
(868, 29, 21, 0.55),
(869, 30, 21, 0.65),
(870, 28, 21, 0.60),
(871, 31, 21, 0.75),
(872, 32, 21, 0.85),
(873, 34, 21, 1.05),
(874, 35, 21, 1.50),
(875, 37, 21, 1.20),
(876, 39, 21, 3.00),
(877, 33, 21, 0.95),
(878, 36, 21, 1.00),
(879, 38, 21, 1.50),
(880, 40, 21, 5.00),
(881, 1, 22, 0.04),
(882, 2, 22, 0.06),
(883, 3, 22, 0.08),
(884, 4, 22, 0.10),
(885, 5, 22, 0.12),
(886, 6, 22, 0.14),
(887, 9, 22, 0.25),
(888, 12, 22, 0.12),
(889, 13, 22, 0.14),
(890, 7, 22, 0.18),
(891, 8, 22, 0.22),
(892, 10, 22, 0.08),
(893, 11, 22, 0.10),
(894, 14, 22, 0.16),
(895, 18, 22, 0.40),
(896, 19, 22, 0.45),
(897, 22, 22, 0.22),
(898, 23, 22, 0.30),
(899, 25, 22, 0.40),
(900, 26, 22, 0.50),
(901, 15, 22, 0.22),
(902, 16, 22, 0.28),
(903, 17, 22, 0.35),
(904, 20, 22, 0.50),
(905, 21, 22, 0.20),
(906, 24, 22, 0.32),
(907, 27, 22, 0.55),
(908, 29, 22, 0.55),
(909, 30, 22, 0.65),
(910, 28, 22, 0.60),
(911, 31, 22, 0.75),
(912, 32, 22, 0.85),
(913, 34, 22, 1.05),
(914, 35, 22, 1.50),
(915, 37, 22, 1.20),
(916, 39, 22, 3.00),
(917, 33, 22, 0.95),
(918, 36, 22, 1.00),
(919, 38, 22, 1.50),
(920, 40, 22, 5.00),
(921, 1, 23, 0.04),
(922, 2, 23, 0.06),
(923, 3, 23, 0.08),
(924, 4, 23, 0.10),
(925, 5, 23, 0.12),
(926, 6, 23, 0.14),
(927, 9, 23, 0.25),
(928, 12, 23, 0.12),
(929, 13, 23, 0.14),
(930, 7, 23, 0.18),
(931, 8, 23, 0.22),
(932, 10, 23, 0.08),
(933, 11, 23, 0.10),
(934, 14, 23, 0.16),
(935, 18, 23, 0.40),
(936, 19, 23, 0.45),
(937, 22, 23, 0.22),
(938, 23, 23, 0.30),
(939, 25, 23, 0.40),
(940, 26, 23, 0.50),
(941, 15, 23, 0.22),
(942, 16, 23, 0.28),
(943, 17, 23, 0.35),
(944, 20, 23, 0.50),
(945, 21, 23, 0.20),
(946, 24, 23, 0.32),
(947, 27, 23, 0.55),
(948, 29, 23, 0.55),
(949, 30, 23, 0.65),
(950, 28, 23, 0.60),
(951, 31, 23, 0.75),
(952, 32, 23, 0.85),
(953, 34, 23, 1.05),
(954, 35, 23, 1.50),
(955, 37, 23, 1.20),
(956, 39, 23, 3.00),
(957, 33, 23, 0.95),
(958, 36, 23, 1.00),
(959, 38, 23, 1.50),
(960, 40, 23, 5.00),
(961, 1, 24, 0.04),
(962, 2, 24, 0.06),
(963, 3, 24, 0.08),
(964, 4, 24, 0.10),
(965, 5, 24, 0.12),
(966, 6, 24, 0.14),
(967, 9, 24, 0.25),
(968, 12, 24, 0.12),
(969, 13, 24, 0.14),
(970, 7, 24, 0.18),
(971, 8, 24, 0.22),
(972, 10, 24, 0.08),
(973, 11, 24, 0.10),
(974, 14, 24, 0.16),
(975, 18, 24, 0.40),
(976, 19, 24, 0.45),
(977, 22, 24, 0.22),
(978, 23, 24, 0.30),
(979, 25, 24, 0.40),
(980, 26, 24, 0.50),
(981, 15, 24, 0.22),
(982, 16, 24, 0.28),
(983, 17, 24, 0.35),
(984, 20, 24, 0.50),
(985, 21, 24, 0.20),
(986, 24, 24, 0.32),
(987, 27, 24, 0.55),
(988, 29, 24, 0.55),
(989, 30, 24, 0.65),
(990, 28, 24, 0.60),
(991, 31, 24, 0.75),
(992, 32, 24, 0.85),
(993, 34, 24, 1.05),
(994, 35, 24, 1.50),
(995, 37, 24, 1.20),
(996, 39, 24, 3.00),
(997, 33, 24, 0.95),
(998, 36, 24, 1.00),
(999, 38, 24, 1.50),
(1000, 40, 24, 5.00),
(1001, 1, 25, 0.04),
(1002, 2, 25, 0.06),
(1003, 3, 25, 0.08),
(1004, 4, 25, 0.10),
(1005, 5, 25, 0.12),
(1006, 6, 25, 0.14),
(1007, 9, 25, 0.25),
(1008, 12, 25, 0.12),
(1009, 13, 25, 0.14),
(1010, 7, 25, 0.18),
(1011, 8, 25, 0.22),
(1012, 10, 25, 0.08),
(1013, 11, 25, 0.10),
(1014, 14, 25, 0.16),
(1015, 18, 25, 0.40),
(1016, 19, 25, 0.45),
(1017, 22, 25, 0.22),
(1018, 23, 25, 0.30),
(1019, 25, 25, 0.40),
(1020, 26, 25, 0.50),
(1021, 15, 25, 0.22),
(1022, 16, 25, 0.28),
(1023, 17, 25, 0.35),
(1024, 20, 25, 0.50),
(1025, 21, 25, 0.20),
(1026, 24, 25, 0.32),
(1027, 27, 25, 0.55),
(1028, 29, 25, 0.55),
(1029, 30, 25, 0.65),
(1030, 28, 25, 0.60),
(1031, 31, 25, 0.75),
(1032, 32, 25, 0.85),
(1033, 34, 25, 1.05),
(1034, 35, 25, 1.50),
(1035, 37, 25, 1.20),
(1036, 39, 25, 3.00),
(1037, 33, 25, 0.95),
(1038, 36, 25, 1.00),
(1039, 38, 25, 1.50),
(1040, 40, 25, 5.00),
(1041, 1, 26, 0.04),
(1042, 2, 26, 0.06),
(1043, 3, 26, 0.08),
(1044, 4, 26, 0.10),
(1045, 5, 26, 0.12),
(1046, 6, 26, 0.14),
(1047, 9, 26, 0.25),
(1048, 12, 26, 0.12),
(1049, 13, 26, 0.14),
(1050, 7, 26, 0.18),
(1051, 8, 26, 0.22),
(1052, 10, 26, 0.08),
(1053, 11, 26, 0.10),
(1054, 14, 26, 0.16),
(1055, 18, 26, 0.40),
(1056, 19, 26, 0.45),
(1057, 22, 26, 0.22),
(1058, 23, 26, 0.30),
(1059, 25, 26, 0.40),
(1060, 26, 26, 0.50),
(1061, 15, 26, 0.22),
(1062, 16, 26, 0.28),
(1063, 17, 26, 0.35),
(1064, 20, 26, 0.50),
(1065, 21, 26, 0.20),
(1066, 24, 26, 0.32),
(1067, 27, 26, 0.55),
(1068, 29, 26, 0.55),
(1069, 30, 26, 0.65),
(1070, 28, 26, 0.60),
(1071, 31, 26, 0.75),
(1072, 32, 26, 0.85),
(1073, 34, 26, 1.05),
(1074, 35, 26, 1.50),
(1075, 37, 26, 1.20),
(1076, 39, 26, 3.00),
(1077, 33, 26, 0.95),
(1078, 36, 26, 1.00),
(1079, 38, 26, 1.50),
(1080, 40, 26, 5.00),
(1081, 1, 27, 0.04),
(1082, 2, 27, 0.06),
(1083, 3, 27, 0.08),
(1084, 4, 27, 0.10),
(1085, 5, 27, 0.12),
(1086, 6, 27, 0.14),
(1087, 9, 27, 0.25),
(1088, 12, 27, 0.12),
(1089, 13, 27, 0.14),
(1090, 7, 27, 0.18),
(1091, 8, 27, 0.22),
(1092, 10, 27, 0.08),
(1093, 11, 27, 0.10),
(1094, 14, 27, 0.16),
(1095, 18, 27, 0.40),
(1096, 19, 27, 0.45),
(1097, 22, 27, 0.22),
(1098, 23, 27, 0.30),
(1099, 25, 27, 0.40),
(1100, 26, 27, 0.50),
(1101, 15, 27, 0.22),
(1102, 16, 27, 0.28),
(1103, 17, 27, 0.35),
(1104, 20, 27, 0.50),
(1105, 21, 27, 0.20),
(1106, 24, 27, 0.32),
(1107, 27, 27, 0.55),
(1108, 29, 27, 0.55),
(1109, 30, 27, 0.65),
(1110, 28, 27, 0.60),
(1111, 31, 27, 0.75),
(1112, 32, 27, 0.85),
(1113, 34, 27, 1.05),
(1114, 35, 27, 1.50),
(1115, 37, 27, 1.20),
(1116, 39, 27, 3.00),
(1117, 33, 27, 0.95),
(1118, 36, 27, 1.00),
(1119, 38, 27, 1.50),
(1120, 40, 27, 5.00),
(1121, 1, 28, 0.04),
(1122, 2, 28, 0.06),
(1123, 3, 28, 0.08),
(1124, 4, 28, 0.10),
(1125, 5, 28, 0.12),
(1126, 6, 28, 0.14),
(1127, 9, 28, 0.25),
(1128, 12, 28, 0.12),
(1129, 13, 28, 0.14),
(1130, 7, 28, 0.18),
(1131, 8, 28, 0.22),
(1132, 10, 28, 0.08),
(1133, 11, 28, 0.10),
(1134, 14, 28, 0.16),
(1135, 18, 28, 0.40),
(1136, 19, 28, 0.45),
(1137, 22, 28, 0.22),
(1138, 23, 28, 0.30),
(1139, 25, 28, 0.40),
(1140, 26, 28, 0.50),
(1141, 15, 28, 0.22),
(1142, 16, 28, 0.28),
(1143, 17, 28, 0.35),
(1144, 20, 28, 0.50),
(1145, 21, 28, 0.20),
(1146, 24, 28, 0.32),
(1147, 27, 28, 0.55),
(1148, 29, 28, 0.55),
(1149, 30, 28, 0.65),
(1150, 28, 28, 0.60),
(1151, 31, 28, 0.75),
(1152, 32, 28, 0.85),
(1153, 34, 28, 1.05),
(1154, 35, 28, 1.50),
(1155, 37, 28, 1.20),
(1156, 39, 28, 3.00),
(1157, 33, 28, 0.95),
(1158, 36, 28, 1.00),
(1159, 38, 28, 1.50),
(1160, 40, 28, 5.00),
(1161, 1, 29, 0.04),
(1162, 2, 29, 0.06),
(1163, 3, 29, 0.08),
(1164, 4, 29, 0.10),
(1165, 5, 29, 0.12),
(1166, 6, 29, 0.14),
(1167, 9, 29, 0.25),
(1168, 12, 29, 0.12),
(1169, 13, 29, 0.14),
(1170, 7, 29, 0.18),
(1171, 8, 29, 0.22),
(1172, 10, 29, 0.08),
(1173, 11, 29, 0.10),
(1174, 14, 29, 0.16),
(1175, 18, 29, 0.40),
(1176, 19, 29, 0.45),
(1177, 22, 29, 0.22),
(1178, 23, 29, 0.30),
(1179, 25, 29, 0.40),
(1180, 26, 29, 0.50),
(1181, 15, 29, 0.22),
(1182, 16, 29, 0.28),
(1183, 17, 29, 0.35),
(1184, 20, 29, 0.50),
(1185, 21, 29, 0.20),
(1186, 24, 29, 0.32),
(1187, 27, 29, 0.55),
(1188, 29, 29, 0.55),
(1189, 30, 29, 0.65),
(1190, 28, 29, 0.60),
(1191, 31, 29, 0.75),
(1192, 32, 29, 0.85),
(1193, 34, 29, 1.05),
(1194, 35, 29, 1.50),
(1195, 37, 29, 1.20),
(1196, 39, 29, 3.00),
(1197, 33, 29, 0.95),
(1198, 36, 29, 1.00),
(1199, 38, 29, 1.50),
(1200, 40, 29, 5.00),
(1201, 1, 30, 0.04),
(1202, 2, 30, 0.06),
(1203, 3, 30, 0.08),
(1204, 4, 30, 0.10),
(1205, 5, 30, 0.12),
(1206, 6, 30, 0.14),
(1207, 9, 30, 0.25),
(1208, 12, 30, 0.12),
(1209, 13, 30, 0.14),
(1210, 7, 30, 0.18),
(1211, 8, 30, 0.22),
(1212, 10, 30, 0.08),
(1213, 11, 30, 0.10),
(1214, 14, 30, 0.16),
(1215, 18, 30, 0.40),
(1216, 19, 30, 0.45),
(1217, 22, 30, 0.22),
(1218, 23, 30, 0.30),
(1219, 25, 30, 0.40),
(1220, 26, 30, 0.50),
(1221, 15, 30, 0.22),
(1222, 16, 30, 0.28),
(1223, 17, 30, 0.35),
(1224, 20, 30, 0.50),
(1225, 21, 30, 0.20),
(1226, 24, 30, 0.32),
(1227, 27, 30, 0.55),
(1228, 29, 30, 0.55),
(1229, 30, 30, 0.65),
(1230, 28, 30, 0.60),
(1231, 31, 30, 0.75),
(1232, 32, 30, 0.85),
(1233, 34, 30, 1.05),
(1234, 35, 30, 1.50),
(1235, 37, 30, 1.20),
(1236, 39, 30, 3.00),
(1237, 33, 30, 0.95),
(1238, 36, 30, 1.00),
(1239, 38, 30, 1.50),
(1240, 40, 30, 5.00),
(1241, 1, 31, 0.04),
(1242, 2, 31, 0.06),
(1243, 3, 31, 0.08),
(1244, 4, 31, 0.10),
(1245, 5, 31, 0.12),
(1246, 6, 31, 0.14),
(1247, 9, 31, 0.25),
(1248, 12, 31, 0.12),
(1249, 13, 31, 0.14),
(1250, 7, 31, 0.18),
(1251, 8, 31, 0.22),
(1252, 10, 31, 0.08),
(1253, 11, 31, 0.10),
(1254, 14, 31, 0.16),
(1255, 18, 31, 0.40),
(1256, 19, 31, 0.45),
(1257, 22, 31, 0.22),
(1258, 23, 31, 0.30),
(1259, 25, 31, 0.40),
(1260, 26, 31, 0.50),
(1261, 15, 31, 0.22),
(1262, 16, 31, 0.28),
(1263, 17, 31, 0.35),
(1264, 20, 31, 0.50),
(1265, 21, 31, 0.20),
(1266, 24, 31, 0.32),
(1267, 27, 31, 0.55),
(1268, 29, 31, 0.55),
(1269, 30, 31, 0.65),
(1270, 28, 31, 0.60),
(1271, 31, 31, 0.75),
(1272, 32, 31, 0.85),
(1273, 34, 31, 1.05),
(1274, 35, 31, 1.50),
(1275, 37, 31, 1.20),
(1276, 39, 31, 3.00),
(1277, 33, 31, 0.95),
(1278, 36, 31, 1.00),
(1279, 38, 31, 1.50),
(1280, 40, 31, 5.00),
(1281, 1, 32, 0.04),
(1282, 2, 32, 0.06),
(1283, 3, 32, 0.08),
(1284, 4, 32, 0.10),
(1285, 5, 32, 0.12),
(1286, 6, 32, 0.14),
(1287, 9, 32, 0.25),
(1288, 12, 32, 0.12),
(1289, 13, 32, 0.14),
(1290, 7, 32, 0.18),
(1291, 8, 32, 0.22),
(1292, 10, 32, 0.08),
(1293, 11, 32, 0.10),
(1294, 14, 32, 0.16),
(1295, 18, 32, 0.40),
(1296, 19, 32, 0.45),
(1297, 22, 32, 0.22),
(1298, 23, 32, 0.30),
(1299, 25, 32, 0.40),
(1300, 26, 32, 0.50),
(1301, 15, 32, 0.22),
(1302, 16, 32, 0.28),
(1303, 17, 32, 0.35),
(1304, 20, 32, 0.50),
(1305, 21, 32, 0.20),
(1306, 24, 32, 0.32),
(1307, 27, 32, 0.55),
(1308, 29, 32, 0.55),
(1309, 30, 32, 0.65),
(1310, 28, 32, 0.60),
(1311, 31, 32, 0.75),
(1312, 32, 32, 0.85),
(1313, 34, 32, 1.05),
(1314, 35, 32, 1.50),
(1315, 37, 32, 1.20),
(1316, 39, 32, 3.00),
(1317, 33, 32, 0.95),
(1318, 36, 32, 1.00),
(1319, 38, 32, 1.50),
(1320, 40, 32, 5.00),
(1321, 1, 33, 0.04),
(1322, 2, 33, 0.06),
(1323, 3, 33, 0.08),
(1324, 4, 33, 0.10),
(1325, 5, 33, 0.12),
(1326, 6, 33, 0.14),
(1327, 9, 33, 0.25),
(1328, 12, 33, 0.12),
(1329, 13, 33, 0.14),
(1330, 7, 33, 0.18),
(1331, 8, 33, 0.22),
(1332, 10, 33, 0.08),
(1333, 11, 33, 0.10),
(1334, 14, 33, 0.16),
(1335, 18, 33, 0.40),
(1336, 19, 33, 0.45),
(1337, 22, 33, 0.22),
(1338, 23, 33, 0.30),
(1339, 25, 33, 0.40),
(1340, 26, 33, 0.50),
(1341, 15, 33, 0.22),
(1342, 16, 33, 0.28),
(1343, 17, 33, 0.35),
(1344, 20, 33, 0.50),
(1345, 21, 33, 0.20),
(1346, 24, 33, 0.32),
(1347, 27, 33, 0.55),
(1348, 29, 33, 0.55),
(1349, 30, 33, 0.65),
(1350, 28, 33, 0.60),
(1351, 31, 33, 0.75),
(1352, 32, 33, 0.85),
(1353, 34, 33, 1.05),
(1354, 35, 33, 1.50),
(1355, 37, 33, 1.20),
(1356, 39, 33, 3.00),
(1357, 33, 33, 0.95),
(1358, 36, 33, 1.00),
(1359, 38, 33, 1.50),
(1360, 40, 33, 5.00),
(1361, 1, 34, 0.04),
(1362, 2, 34, 0.06),
(1363, 3, 34, 0.08),
(1364, 4, 34, 0.10),
(1365, 5, 34, 0.12),
(1366, 6, 34, 0.14),
(1367, 9, 34, 0.25),
(1368, 12, 34, 0.12),
(1369, 13, 34, 0.14),
(1370, 7, 34, 0.18),
(1371, 8, 34, 0.22),
(1372, 10, 34, 0.08),
(1373, 11, 34, 0.10),
(1374, 14, 34, 0.16),
(1375, 18, 34, 0.40),
(1376, 19, 34, 0.45),
(1377, 22, 34, 0.22),
(1378, 23, 34, 0.30),
(1379, 25, 34, 0.40),
(1380, 26, 34, 0.50),
(1381, 15, 34, 0.22),
(1382, 16, 34, 0.28),
(1383, 17, 34, 0.35),
(1384, 20, 34, 0.50),
(1385, 21, 34, 0.20),
(1386, 24, 34, 0.32),
(1387, 27, 34, 0.55),
(1388, 29, 34, 0.55),
(1389, 30, 34, 0.65),
(1390, 28, 34, 0.60),
(1391, 31, 34, 0.75),
(1392, 32, 34, 0.85),
(1393, 34, 34, 1.05),
(1394, 35, 34, 1.50),
(1395, 37, 34, 1.20),
(1396, 39, 34, 3.00),
(1397, 33, 34, 0.95),
(1398, 36, 34, 1.00),
(1399, 38, 34, 1.50),
(1400, 40, 34, 5.00),
(1401, 1, 35, 0.04),
(1402, 2, 35, 0.06),
(1403, 3, 35, 0.08),
(1404, 4, 35, 0.10),
(1405, 5, 35, 0.12),
(1406, 6, 35, 0.14),
(1407, 9, 35, 0.25),
(1408, 12, 35, 0.12),
(1409, 13, 35, 0.14),
(1410, 7, 35, 0.18),
(1411, 8, 35, 0.22),
(1412, 10, 35, 0.08),
(1413, 11, 35, 0.10),
(1414, 14, 35, 0.16),
(1415, 18, 35, 0.40),
(1416, 19, 35, 0.45),
(1417, 22, 35, 0.22),
(1418, 23, 35, 0.30),
(1419, 25, 35, 0.40),
(1420, 26, 35, 0.50),
(1421, 15, 35, 0.22),
(1422, 16, 35, 0.28),
(1423, 17, 35, 0.35),
(1424, 20, 35, 0.50),
(1425, 21, 35, 0.20),
(1426, 24, 35, 0.32),
(1427, 27, 35, 0.55),
(1428, 29, 35, 0.55),
(1429, 30, 35, 0.65),
(1430, 28, 35, 0.60),
(1431, 31, 35, 0.75),
(1432, 32, 35, 0.85),
(1433, 34, 35, 1.05),
(1434, 35, 35, 1.50),
(1435, 37, 35, 1.20),
(1436, 39, 35, 3.00),
(1437, 33, 35, 0.95),
(1438, 36, 35, 1.00),
(1439, 38, 35, 1.50),
(1440, 40, 35, 5.00),
(1441, 1, 36, 0.04),
(1442, 2, 36, 0.06),
(1443, 3, 36, 0.08),
(1444, 4, 36, 0.10),
(1445, 5, 36, 0.12),
(1446, 6, 36, 0.14),
(1447, 9, 36, 0.25),
(1448, 12, 36, 0.12),
(1449, 13, 36, 0.14),
(1450, 7, 36, 0.18),
(1451, 8, 36, 0.22),
(1452, 10, 36, 0.08),
(1453, 11, 36, 0.10),
(1454, 14, 36, 0.16),
(1455, 18, 36, 0.40),
(1456, 19, 36, 0.45),
(1457, 22, 36, 0.22),
(1458, 23, 36, 0.30),
(1459, 25, 36, 0.40),
(1460, 26, 36, 0.50),
(1461, 15, 36, 0.22),
(1462, 16, 36, 0.28),
(1463, 17, 36, 0.35),
(1464, 20, 36, 0.50),
(1465, 21, 36, 0.20),
(1466, 24, 36, 0.32),
(1467, 27, 36, 0.55),
(1468, 29, 36, 0.55),
(1469, 30, 36, 0.65),
(1470, 28, 36, 0.60),
(1471, 31, 36, 0.75),
(1472, 32, 36, 0.85),
(1473, 34, 36, 1.05),
(1474, 35, 36, 1.50),
(1475, 37, 36, 1.20),
(1476, 39, 36, 3.00),
(1477, 33, 36, 0.95),
(1478, 36, 36, 1.00),
(1479, 38, 36, 1.50),
(1480, 40, 36, 5.00),
(1481, 1, 37, 0.04),
(1482, 2, 37, 0.06),
(1483, 3, 37, 0.08),
(1484, 4, 37, 0.10),
(1485, 5, 37, 0.12),
(1486, 6, 37, 0.14),
(1487, 9, 37, 0.25),
(1488, 12, 37, 0.12),
(1489, 13, 37, 0.14),
(1490, 7, 37, 0.18),
(1491, 8, 37, 0.22),
(1492, 10, 37, 0.08),
(1493, 11, 37, 0.10),
(1494, 14, 37, 0.16),
(1495, 18, 37, 0.40),
(1496, 19, 37, 0.45),
(1497, 22, 37, 0.22),
(1498, 23, 37, 0.30),
(1499, 25, 37, 0.40),
(1500, 26, 37, 0.50),
(1501, 15, 37, 0.22),
(1502, 16, 37, 0.28),
(1503, 17, 37, 0.35),
(1504, 20, 37, 0.50),
(1505, 21, 37, 0.20),
(1506, 24, 37, 0.32),
(1507, 27, 37, 0.55),
(1508, 29, 37, 0.55),
(1509, 30, 37, 0.65),
(1510, 28, 37, 0.60),
(1511, 31, 37, 0.75),
(1512, 32, 37, 0.85),
(1513, 34, 37, 1.05),
(1514, 35, 37, 1.50),
(1515, 37, 37, 1.20),
(1516, 39, 37, 3.00),
(1517, 33, 37, 0.95),
(1518, 36, 37, 1.00),
(1519, 38, 37, 1.50),
(1520, 40, 37, 5.00),
(1521, 1, 38, 0.04),
(1522, 2, 38, 0.06),
(1523, 3, 38, 0.08),
(1524, 4, 38, 0.10),
(1525, 5, 38, 0.12),
(1526, 6, 38, 0.14),
(1527, 9, 38, 0.25),
(1528, 12, 38, 0.12),
(1529, 13, 38, 0.14),
(1530, 7, 38, 0.18),
(1531, 8, 38, 0.22),
(1532, 10, 38, 0.08),
(1533, 11, 38, 0.10),
(1534, 14, 38, 0.16),
(1535, 18, 38, 0.40),
(1536, 19, 38, 0.45),
(1537, 22, 38, 0.22),
(1538, 23, 38, 0.30),
(1539, 25, 38, 0.40),
(1540, 26, 38, 0.50),
(1541, 15, 38, 0.22),
(1542, 16, 38, 0.28),
(1543, 17, 38, 0.35),
(1544, 20, 38, 0.50),
(1545, 21, 38, 0.20),
(1546, 24, 38, 0.32),
(1547, 27, 38, 0.55),
(1548, 29, 38, 0.55),
(1549, 30, 38, 0.65),
(1550, 28, 38, 0.60),
(1551, 31, 38, 0.75),
(1552, 32, 38, 0.85),
(1553, 34, 38, 1.05),
(1554, 35, 38, 1.50),
(1555, 37, 38, 1.20),
(1556, 39, 38, 3.00),
(1557, 33, 38, 0.95),
(1558, 36, 38, 1.00),
(1559, 38, 38, 1.50),
(1560, 40, 38, 5.00),
(1561, 1, 39, 0.04),
(1562, 2, 39, 0.06),
(1563, 3, 39, 0.08),
(1564, 4, 39, 0.10),
(1565, 5, 39, 0.12),
(1566, 6, 39, 0.14),
(1567, 9, 39, 0.25),
(1568, 12, 39, 0.12),
(1569, 13, 39, 0.14),
(1570, 7, 39, 0.18),
(1571, 8, 39, 0.22),
(1572, 10, 39, 0.08),
(1573, 11, 39, 0.10),
(1574, 14, 39, 0.16),
(1575, 18, 39, 0.40),
(1576, 19, 39, 0.45),
(1577, 22, 39, 0.22),
(1578, 23, 39, 0.30),
(1579, 25, 39, 0.40),
(1580, 26, 39, 0.50),
(1581, 15, 39, 0.22),
(1582, 16, 39, 0.28),
(1583, 17, 39, 0.35),
(1584, 20, 39, 0.50),
(1585, 21, 39, 0.20),
(1586, 24, 39, 0.32),
(1587, 27, 39, 0.55),
(1588, 29, 39, 0.55),
(1589, 30, 39, 0.65),
(1590, 28, 39, 0.60),
(1591, 31, 39, 0.75),
(1592, 32, 39, 0.85),
(1593, 34, 39, 1.05),
(1594, 35, 39, 1.50),
(1595, 37, 39, 1.20),
(1596, 39, 39, 3.00),
(1597, 33, 39, 0.95),
(1598, 36, 39, 1.00),
(1599, 38, 39, 1.50),
(1600, 40, 39, 5.00),
(1601, 1, 40, 0.04),
(1602, 2, 40, 0.06),
(1603, 3, 40, 0.08),
(1604, 4, 40, 0.10),
(1605, 5, 40, 0.12),
(1606, 6, 40, 0.14),
(1607, 9, 40, 0.25),
(1608, 12, 40, 0.12),
(1609, 13, 40, 0.14),
(1610, 7, 40, 0.18),
(1611, 8, 40, 0.22),
(1612, 10, 40, 0.08),
(1613, 11, 40, 0.10),
(1614, 14, 40, 0.16),
(1615, 18, 40, 0.40),
(1616, 19, 40, 0.45),
(1617, 22, 40, 0.22),
(1618, 23, 40, 0.30),
(1619, 25, 40, 0.40),
(1620, 26, 40, 0.50),
(1621, 15, 40, 0.22),
(1622, 16, 40, 0.28),
(1623, 17, 40, 0.35),
(1624, 20, 40, 0.50),
(1625, 21, 40, 0.20),
(1626, 24, 40, 0.32),
(1627, 27, 40, 0.55),
(1628, 29, 40, 0.55),
(1629, 30, 40, 0.65),
(1630, 28, 40, 0.60),
(1631, 31, 40, 0.75),
(1632, 32, 40, 0.85),
(1633, 34, 40, 1.05),
(1634, 35, 40, 1.50),
(1635, 37, 40, 1.20),
(1636, 39, 40, 3.00),
(1637, 33, 40, 0.95),
(1638, 36, 40, 1.00),
(1639, 38, 40, 1.50),
(1640, 40, 40, 5.00),
(1641, 1, 41, 0.04),
(1642, 2, 41, 0.06),
(1643, 3, 41, 0.08),
(1644, 4, 41, 0.10),
(1645, 5, 41, 0.12),
(1646, 6, 41, 0.14),
(1647, 9, 41, 0.25),
(1648, 12, 41, 0.12),
(1649, 13, 41, 0.14),
(1650, 7, 41, 0.18),
(1651, 8, 41, 0.22),
(1652, 10, 41, 0.08),
(1653, 11, 41, 0.10),
(1654, 14, 41, 0.16),
(1655, 18, 41, 0.40),
(1656, 19, 41, 0.45),
(1657, 22, 41, 0.22),
(1658, 23, 41, 0.30),
(1659, 25, 41, 0.40),
(1660, 26, 41, 0.50),
(1661, 15, 41, 0.22),
(1662, 16, 41, 0.28),
(1663, 17, 41, 0.35),
(1664, 20, 41, 0.50),
(1665, 21, 41, 0.20),
(1666, 24, 41, 0.32),
(1667, 27, 41, 0.55),
(1668, 29, 41, 0.55),
(1669, 30, 41, 0.65),
(1670, 28, 41, 0.60),
(1671, 31, 41, 0.75),
(1672, 32, 41, 0.85),
(1673, 34, 41, 1.05),
(1674, 35, 41, 1.50),
(1675, 37, 41, 1.20),
(1676, 39, 41, 3.00),
(1677, 33, 41, 0.95),
(1678, 36, 41, 1.00),
(1679, 38, 41, 1.50),
(1680, 40, 41, 5.00),
(1681, 1, 42, 0.04),
(1682, 2, 42, 0.06),
(1683, 3, 42, 0.08),
(1684, 4, 42, 0.10),
(1685, 5, 42, 0.12),
(1686, 6, 42, 0.14),
(1687, 9, 42, 0.25),
(1688, 12, 42, 0.12),
(1689, 13, 42, 0.14),
(1690, 7, 42, 0.18),
(1691, 8, 42, 0.22),
(1692, 10, 42, 0.08),
(1693, 11, 42, 0.10),
(1694, 14, 42, 0.16),
(1695, 18, 42, 0.40),
(1696, 19, 42, 0.45),
(1697, 22, 42, 0.22),
(1698, 23, 42, 0.30),
(1699, 25, 42, 0.40),
(1700, 26, 42, 0.50),
(1701, 15, 42, 0.22),
(1702, 16, 42, 0.28),
(1703, 17, 42, 0.35),
(1704, 20, 42, 0.50),
(1705, 21, 42, 0.20),
(1706, 24, 42, 0.32),
(1707, 27, 42, 0.55),
(1708, 29, 42, 0.55),
(1709, 30, 42, 0.65),
(1710, 28, 42, 0.60),
(1711, 31, 42, 0.75),
(1712, 32, 42, 0.85),
(1713, 34, 42, 1.05),
(1714, 35, 42, 1.50),
(1715, 37, 42, 1.20),
(1716, 39, 42, 3.00),
(1717, 33, 42, 0.95),
(1718, 36, 42, 1.00),
(1719, 38, 42, 1.50),
(1720, 40, 42, 5.00),
(1721, 1, 43, 0.04),
(1722, 2, 43, 0.06),
(1723, 3, 43, 0.08),
(1724, 4, 43, 0.10),
(1725, 5, 43, 0.12),
(1726, 6, 43, 0.14),
(1727, 9, 43, 0.25),
(1728, 12, 43, 0.12),
(1729, 13, 43, 0.14),
(1730, 7, 43, 0.18),
(1731, 8, 43, 0.22),
(1732, 10, 43, 0.08),
(1733, 11, 43, 0.10),
(1734, 14, 43, 0.16),
(1735, 18, 43, 0.40),
(1736, 19, 43, 0.45),
(1737, 22, 43, 0.22),
(1738, 23, 43, 0.30),
(1739, 25, 43, 0.40),
(1740, 26, 43, 0.50),
(1741, 15, 43, 0.22),
(1742, 16, 43, 0.28),
(1743, 17, 43, 0.35),
(1744, 20, 43, 0.50),
(1745, 21, 43, 0.20),
(1746, 24, 43, 0.32),
(1747, 27, 43, 0.55),
(1748, 29, 43, 0.55),
(1749, 30, 43, 0.65),
(1750, 28, 43, 0.60),
(1751, 31, 43, 0.75),
(1752, 32, 43, 0.85),
(1753, 34, 43, 1.05),
(1754, 35, 43, 1.50),
(1755, 37, 43, 1.20),
(1756, 39, 43, 3.00),
(1757, 33, 43, 0.95),
(1758, 36, 43, 1.00),
(1759, 38, 43, 1.50),
(1760, 40, 43, 5.00),
(1761, 1, 44, 0.04),
(1762, 2, 44, 0.06),
(1763, 3, 44, 0.08),
(1764, 4, 44, 0.10),
(1765, 5, 44, 0.12),
(1766, 6, 44, 0.14),
(1767, 9, 44, 0.25),
(1768, 12, 44, 0.12),
(1769, 13, 44, 0.14),
(1770, 7, 44, 0.18),
(1771, 8, 44, 0.22),
(1772, 10, 44, 0.08),
(1773, 11, 44, 0.10),
(1774, 14, 44, 0.16),
(1775, 18, 44, 0.40),
(1776, 19, 44, 0.45),
(1777, 22, 44, 0.22),
(1778, 23, 44, 0.30),
(1779, 25, 44, 0.40),
(1780, 26, 44, 0.50),
(1781, 15, 44, 0.22),
(1782, 16, 44, 0.28),
(1783, 17, 44, 0.35),
(1784, 20, 44, 0.50),
(1785, 21, 44, 0.20),
(1786, 24, 44, 0.32),
(1787, 27, 44, 0.55),
(1788, 29, 44, 0.55),
(1789, 30, 44, 0.65),
(1790, 28, 44, 0.60),
(1791, 31, 44, 0.75),
(1792, 32, 44, 0.85),
(1793, 34, 44, 1.05),
(1794, 35, 44, 1.50),
(1795, 37, 44, 1.20),
(1796, 39, 44, 3.00),
(1797, 33, 44, 0.95),
(1798, 36, 44, 1.00),
(1799, 38, 44, 1.50),
(1800, 40, 44, 5.00),
(1801, 1, 45, 0.04),
(1802, 2, 45, 0.06),
(1803, 3, 45, 0.08),
(1804, 4, 45, 0.10),
(1805, 5, 45, 0.12),
(1806, 6, 45, 0.14),
(1807, 9, 45, 0.25),
(1808, 12, 45, 0.12),
(1809, 13, 45, 0.14),
(1810, 7, 45, 0.18),
(1811, 8, 45, 0.22),
(1812, 10, 45, 0.08),
(1813, 11, 45, 0.10),
(1814, 14, 45, 0.16),
(1815, 18, 45, 0.40),
(1816, 19, 45, 0.45),
(1817, 22, 45, 0.22),
(1818, 23, 45, 0.30),
(1819, 25, 45, 0.40),
(1820, 26, 45, 0.50),
(1821, 15, 45, 0.22),
(1822, 16, 45, 0.28),
(1823, 17, 45, 0.35),
(1824, 20, 45, 0.50),
(1825, 21, 45, 0.20),
(1826, 24, 45, 0.32),
(1827, 27, 45, 0.55),
(1828, 29, 45, 0.55),
(1829, 30, 45, 0.65),
(1830, 28, 45, 0.60),
(1831, 31, 45, 0.75),
(1832, 32, 45, 0.85),
(1833, 34, 45, 1.05),
(1834, 35, 45, 1.50),
(1835, 37, 45, 1.20),
(1836, 39, 45, 3.00),
(1837, 33, 45, 0.95),
(1838, 36, 45, 1.00),
(1839, 38, 45, 1.50),
(1840, 40, 45, 5.00),
(1841, 1, 46, 0.04),
(1842, 2, 46, 0.06),
(1843, 3, 46, 0.08),
(1844, 4, 46, 0.10),
(1845, 5, 46, 0.12),
(1846, 6, 46, 0.14),
(1847, 9, 46, 0.25),
(1848, 12, 46, 0.12),
(1849, 13, 46, 0.14),
(1850, 7, 46, 0.18),
(1851, 8, 46, 0.22),
(1852, 10, 46, 0.08),
(1853, 11, 46, 0.10),
(1854, 14, 46, 0.16),
(1855, 18, 46, 0.40),
(1856, 19, 46, 0.45),
(1857, 22, 46, 0.22),
(1858, 23, 46, 0.30),
(1859, 25, 46, 0.40),
(1860, 26, 46, 0.50),
(1861, 15, 46, 0.22),
(1862, 16, 46, 0.28),
(1863, 17, 46, 0.35),
(1864, 20, 46, 0.50),
(1865, 21, 46, 0.20),
(1866, 24, 46, 0.32),
(1867, 27, 46, 0.55),
(1868, 29, 46, 0.55),
(1869, 30, 46, 0.65),
(1870, 28, 46, 0.60),
(1871, 31, 46, 0.75),
(1872, 32, 46, 0.85),
(1873, 34, 46, 1.05),
(1874, 35, 46, 1.50),
(1875, 37, 46, 1.20),
(1876, 39, 46, 3.00),
(1877, 33, 46, 0.95),
(1878, 36, 46, 1.00),
(1879, 38, 46, 1.50),
(1880, 40, 46, 5.00),
(1881, 1, 47, 0.04),
(1882, 2, 47, 0.06),
(1883, 3, 47, 0.08),
(1884, 4, 47, 0.10),
(1885, 5, 47, 0.12),
(1886, 6, 47, 0.14),
(1887, 9, 47, 0.25),
(1888, 12, 47, 0.12),
(1889, 13, 47, 0.14),
(1890, 7, 47, 0.18),
(1891, 8, 47, 0.22),
(1892, 10, 47, 0.08),
(1893, 11, 47, 0.10),
(1894, 14, 47, 0.16),
(1895, 18, 47, 0.40),
(1896, 19, 47, 0.45),
(1897, 22, 47, 0.22),
(1898, 23, 47, 0.30),
(1899, 25, 47, 0.40),
(1900, 26, 47, 0.50),
(1901, 15, 47, 0.22),
(1902, 16, 47, 0.28),
(1903, 17, 47, 0.35),
(1904, 20, 47, 0.50),
(1905, 21, 47, 0.20),
(1906, 24, 47, 0.32),
(1907, 27, 47, 0.55),
(1908, 29, 47, 0.55),
(1909, 30, 47, 0.65),
(1910, 28, 47, 0.60),
(1911, 31, 47, 0.75),
(1912, 32, 47, 0.85),
(1913, 34, 47, 1.05),
(1914, 35, 47, 1.50),
(1915, 37, 47, 1.20),
(1916, 39, 47, 3.00),
(1917, 33, 47, 0.95),
(1918, 36, 47, 1.00),
(1919, 38, 47, 1.50),
(1920, 40, 47, 5.00),
(1921, 1, 48, 0.04),
(1922, 2, 48, 0.06),
(1923, 3, 48, 0.08),
(1924, 4, 48, 0.10),
(1925, 5, 48, 0.12),
(1926, 6, 48, 0.14),
(1927, 9, 48, 0.25),
(1928, 12, 48, 0.12),
(1929, 13, 48, 0.14),
(1930, 7, 48, 0.18),
(1931, 8, 48, 0.22),
(1932, 10, 48, 0.08),
(1933, 11, 48, 0.10),
(1934, 14, 48, 0.16),
(1935, 18, 48, 0.40),
(1936, 19, 48, 0.45),
(1937, 22, 48, 0.22),
(1938, 23, 48, 0.30),
(1939, 25, 48, 0.40),
(1940, 26, 48, 0.50),
(1941, 15, 48, 0.22),
(1942, 16, 48, 0.28),
(1943, 17, 48, 0.35),
(1944, 20, 48, 0.50),
(1945, 21, 48, 0.20),
(1946, 24, 48, 0.32),
(1947, 27, 48, 0.55),
(1948, 29, 48, 0.55),
(1949, 30, 48, 0.65),
(1950, 28, 48, 0.60),
(1951, 31, 48, 0.75),
(1952, 32, 48, 0.85),
(1953, 34, 48, 1.05),
(1954, 35, 48, 1.50),
(1955, 37, 48, 1.20),
(1956, 39, 48, 3.00),
(1957, 33, 48, 0.95),
(1958, 36, 48, 1.00),
(1959, 38, 48, 1.50),
(1960, 40, 48, 5.00),
(1961, 1, 49, 0.04),
(1962, 2, 49, 0.06),
(1963, 3, 49, 0.08),
(1964, 4, 49, 0.10),
(1965, 5, 49, 0.12),
(1966, 6, 49, 0.14),
(1967, 9, 49, 0.25),
(1968, 12, 49, 0.12),
(1969, 13, 49, 0.14),
(1970, 7, 49, 0.18),
(1971, 8, 49, 0.22),
(1972, 10, 49, 0.08),
(1973, 11, 49, 0.10),
(1974, 14, 49, 0.16),
(1975, 18, 49, 0.40),
(1976, 19, 49, 0.45),
(1977, 22, 49, 0.22),
(1978, 23, 49, 0.30),
(1979, 25, 49, 0.40),
(1980, 26, 49, 0.50),
(1981, 15, 49, 0.22),
(1982, 16, 49, 0.28),
(1983, 17, 49, 0.35),
(1984, 20, 49, 0.50),
(1985, 21, 49, 0.20),
(1986, 24, 49, 0.32),
(1987, 27, 49, 0.55),
(1988, 29, 49, 0.55),
(1989, 30, 49, 0.65),
(1990, 28, 49, 0.60),
(1991, 31, 49, 0.75),
(1992, 32, 49, 0.85),
(1993, 34, 49, 1.05),
(1994, 35, 49, 1.50),
(1995, 37, 49, 1.20),
(1996, 39, 49, 3.00),
(1997, 33, 49, 0.95),
(1998, 36, 49, 1.00),
(1999, 38, 49, 1.50),
(2000, 40, 49, 5.00),
(2001, 1, 50, 0.04),
(2002, 2, 50, 0.06),
(2003, 3, 50, 0.08),
(2004, 4, 50, 0.10),
(2005, 5, 50, 0.12),
(2006, 6, 50, 0.14),
(2007, 9, 50, 0.25),
(2008, 12, 50, 0.12),
(2009, 13, 50, 0.14),
(2010, 7, 50, 0.18),
(2011, 8, 50, 0.22),
(2012, 10, 50, 0.08),
(2013, 11, 50, 0.10),
(2014, 14, 50, 0.16),
(2015, 18, 50, 0.40),
(2016, 19, 50, 0.45),
(2017, 22, 50, 0.22),
(2018, 23, 50, 0.30),
(2019, 25, 50, 0.40),
(2020, 26, 50, 0.50),
(2021, 15, 50, 0.22),
(2022, 16, 50, 0.28),
(2023, 17, 50, 0.35),
(2024, 20, 50, 0.50),
(2025, 21, 50, 0.20),
(2026, 24, 50, 0.32),
(2027, 27, 50, 0.55),
(2028, 29, 50, 0.55),
(2029, 30, 50, 0.65),
(2030, 28, 50, 0.60),
(2031, 31, 50, 0.75),
(2032, 32, 50, 0.85),
(2033, 34, 50, 1.05),
(2034, 35, 50, 1.50),
(2035, 37, 50, 1.20),
(2036, 39, 50, 3.00),
(2037, 33, 50, 0.95),
(2038, 36, 50, 1.00),
(2039, 38, 50, 1.50),
(2040, 40, 50, 5.00),
(2041, 1, 51, 0.04),
(2042, 2, 51, 0.06),
(2043, 3, 51, 0.08),
(2044, 4, 51, 0.10),
(2045, 5, 51, 0.12),
(2046, 6, 51, 0.14),
(2047, 9, 51, 0.25),
(2048, 12, 51, 0.12),
(2049, 13, 51, 0.14),
(2050, 7, 51, 0.18),
(2051, 8, 51, 0.22),
(2052, 10, 51, 0.08),
(2053, 11, 51, 0.10),
(2054, 14, 51, 0.16),
(2055, 18, 51, 0.40),
(2056, 19, 51, 0.45),
(2057, 22, 51, 0.22),
(2058, 23, 51, 0.30),
(2059, 25, 51, 0.40),
(2060, 26, 51, 0.50),
(2061, 15, 51, 0.22),
(2062, 16, 51, 0.28),
(2063, 17, 51, 0.35),
(2064, 20, 51, 0.50),
(2065, 21, 51, 0.20),
(2066, 24, 51, 0.32),
(2067, 27, 51, 0.55),
(2068, 29, 51, 0.55),
(2069, 30, 51, 0.65),
(2070, 28, 51, 0.60),
(2071, 31, 51, 0.75),
(2072, 32, 51, 0.85),
(2073, 34, 51, 1.05),
(2074, 35, 51, 1.50),
(2075, 37, 51, 1.20),
(2076, 39, 51, 3.00),
(2077, 33, 51, 0.95),
(2078, 36, 51, 1.00),
(2079, 38, 51, 1.50),
(2080, 40, 51, 5.00),
(2081, 1, 52, 0.04),
(2082, 2, 52, 0.06),
(2083, 3, 52, 0.08),
(2084, 4, 52, 0.10),
(2085, 5, 52, 0.12),
(2086, 6, 52, 0.14),
(2087, 9, 52, 0.25),
(2088, 12, 52, 0.12),
(2089, 13, 52, 0.14),
(2090, 7, 52, 0.18),
(2091, 8, 52, 0.22),
(2092, 10, 52, 0.08),
(2093, 11, 52, 0.10),
(2094, 14, 52, 0.16),
(2095, 18, 52, 0.40),
(2096, 19, 52, 0.45),
(2097, 22, 52, 0.22),
(2098, 23, 52, 0.30),
(2099, 25, 52, 0.40),
(2100, 26, 52, 0.50),
(2101, 15, 52, 0.22),
(2102, 16, 52, 0.28),
(2103, 17, 52, 0.35),
(2104, 20, 52, 0.50),
(2105, 21, 52, 0.20),
(2106, 24, 52, 0.32),
(2107, 27, 52, 0.55),
(2108, 29, 52, 0.55),
(2109, 30, 52, 0.65),
(2110, 28, 52, 0.60),
(2111, 31, 52, 0.75),
(2112, 32, 52, 0.85),
(2113, 34, 52, 1.05),
(2114, 35, 52, 1.50),
(2115, 37, 52, 1.20),
(2116, 39, 52, 3.00),
(2117, 33, 52, 0.95),
(2118, 36, 52, 1.00),
(2119, 38, 52, 1.50),
(2120, 40, 52, 5.00),
(2121, 1, 53, 0.04),
(2122, 2, 53, 0.06),
(2123, 3, 53, 0.08),
(2124, 4, 53, 0.10),
(2125, 5, 53, 0.12),
(2126, 6, 53, 0.14),
(2127, 9, 53, 0.25),
(2128, 12, 53, 0.12),
(2129, 13, 53, 0.14),
(2130, 7, 53, 0.18),
(2131, 8, 53, 0.22),
(2132, 10, 53, 0.08),
(2133, 11, 53, 0.10),
(2134, 14, 53, 0.16),
(2135, 18, 53, 0.40),
(2136, 19, 53, 0.45),
(2137, 22, 53, 0.22),
(2138, 23, 53, 0.30),
(2139, 25, 53, 0.40),
(2140, 26, 53, 0.50),
(2141, 15, 53, 0.22),
(2142, 16, 53, 0.28),
(2143, 17, 53, 0.35),
(2144, 20, 53, 0.50),
(2145, 21, 53, 0.20),
(2146, 24, 53, 0.32),
(2147, 27, 53, 0.55),
(2148, 29, 53, 0.55),
(2149, 30, 53, 0.65),
(2150, 28, 53, 0.60),
(2151, 31, 53, 0.75),
(2152, 32, 53, 0.85),
(2153, 34, 53, 1.05),
(2154, 35, 53, 1.50),
(2155, 37, 53, 1.20),
(2156, 39, 53, 3.00),
(2157, 33, 53, 0.95),
(2158, 36, 53, 1.00),
(2159, 38, 53, 1.50),
(2160, 40, 53, 5.00),
(2161, 1, 54, 0.04),
(2162, 2, 54, 0.06),
(2163, 3, 54, 0.08),
(2164, 4, 54, 0.10),
(2165, 5, 54, 0.12),
(2166, 6, 54, 0.14),
(2167, 9, 54, 0.25),
(2168, 12, 54, 0.12),
(2169, 13, 54, 0.14),
(2170, 7, 54, 0.18),
(2171, 8, 54, 0.22),
(2172, 10, 54, 0.08),
(2173, 11, 54, 0.10),
(2174, 14, 54, 0.16),
(2175, 18, 54, 0.40),
(2176, 19, 54, 0.45),
(2177, 22, 54, 0.22),
(2178, 23, 54, 0.30),
(2179, 25, 54, 0.40),
(2180, 26, 54, 0.50),
(2181, 15, 54, 0.22),
(2182, 16, 54, 0.28),
(2183, 17, 54, 0.35),
(2184, 20, 54, 0.50),
(2185, 21, 54, 0.20),
(2186, 24, 54, 0.32),
(2187, 27, 54, 0.55),
(2188, 29, 54, 0.55),
(2189, 30, 54, 0.65),
(2190, 28, 54, 0.60),
(2191, 31, 54, 0.75),
(2192, 32, 54, 0.85),
(2193, 34, 54, 1.05),
(2194, 35, 54, 1.50),
(2195, 37, 54, 1.20),
(2196, 39, 54, 3.00),
(2197, 33, 54, 0.95),
(2198, 36, 54, 1.00),
(2199, 38, 54, 1.50),
(2200, 40, 54, 5.00),
(2201, 1, 55, 0.04),
(2202, 2, 55, 0.06),
(2203, 3, 55, 0.08),
(2204, 4, 55, 0.10),
(2205, 5, 55, 0.12),
(2206, 6, 55, 0.14),
(2207, 9, 55, 0.25),
(2208, 12, 55, 0.12),
(2209, 13, 55, 0.14),
(2210, 7, 55, 0.18),
(2211, 8, 55, 0.22),
(2212, 10, 55, 0.08),
(2213, 11, 55, 0.10),
(2214, 14, 55, 0.16),
(2215, 18, 55, 0.40),
(2216, 19, 55, 0.45),
(2217, 22, 55, 0.22),
(2218, 23, 55, 0.30),
(2219, 25, 55, 0.40),
(2220, 26, 55, 0.50),
(2221, 15, 55, 0.22),
(2222, 16, 55, 0.28),
(2223, 17, 55, 0.35),
(2224, 20, 55, 0.50),
(2225, 21, 55, 0.20),
(2226, 24, 55, 0.32),
(2227, 27, 55, 0.55),
(2228, 29, 55, 0.55),
(2229, 30, 55, 0.65),
(2230, 28, 55, 0.60),
(2231, 31, 55, 0.75),
(2232, 32, 55, 0.85),
(2233, 34, 55, 1.05),
(2234, 35, 55, 1.50),
(2235, 37, 55, 1.20),
(2236, 39, 55, 3.00),
(2237, 33, 55, 0.95),
(2238, 36, 55, 1.00),
(2239, 38, 55, 1.50),
(2240, 40, 55, 5.00),
(2241, 1, 56, 0.04),
(2242, 2, 56, 0.06),
(2243, 3, 56, 0.08),
(2244, 4, 56, 0.10),
(2245, 5, 56, 0.12),
(2246, 6, 56, 0.14),
(2247, 9, 56, 0.25),
(2248, 12, 56, 0.12),
(2249, 13, 56, 0.14),
(2250, 7, 56, 0.18),
(2251, 8, 56, 0.22),
(2252, 10, 56, 0.08),
(2253, 11, 56, 0.10),
(2254, 14, 56, 0.16),
(2255, 18, 56, 0.40),
(2256, 19, 56, 0.45),
(2257, 22, 56, 0.22),
(2258, 23, 56, 0.30),
(2259, 25, 56, 0.40),
(2260, 26, 56, 0.50),
(2261, 15, 56, 0.22),
(2262, 16, 56, 0.28),
(2263, 17, 56, 0.35),
(2264, 20, 56, 0.50),
(2265, 21, 56, 0.20),
(2266, 24, 56, 0.32),
(2267, 27, 56, 0.55),
(2268, 29, 56, 0.55),
(2269, 30, 56, 0.65),
(2270, 28, 56, 0.60),
(2271, 31, 56, 0.75),
(2272, 32, 56, 0.85),
(2273, 34, 56, 1.05),
(2274, 35, 56, 1.50),
(2275, 37, 56, 1.20),
(2276, 39, 56, 3.00),
(2277, 33, 56, 0.95),
(2278, 36, 56, 1.00),
(2279, 38, 56, 1.50),
(2280, 40, 56, 5.00),
(2281, 1, 57, 0.04),
(2282, 2, 57, 0.06),
(2283, 3, 57, 0.08),
(2284, 4, 57, 0.10),
(2285, 5, 57, 0.12),
(2286, 6, 57, 0.14),
(2287, 9, 57, 0.25),
(2288, 12, 57, 0.12),
(2289, 13, 57, 0.14),
(2290, 7, 57, 0.18),
(2291, 8, 57, 0.22),
(2292, 10, 57, 0.08),
(2293, 11, 57, 0.10),
(2294, 14, 57, 0.16),
(2295, 18, 57, 0.40),
(2296, 19, 57, 0.45),
(2297, 22, 57, 0.22),
(2298, 23, 57, 0.30),
(2299, 25, 57, 0.40),
(2300, 26, 57, 0.50),
(2301, 15, 57, 0.22),
(2302, 16, 57, 0.28),
(2303, 17, 57, 0.35),
(2304, 20, 57, 0.50),
(2305, 21, 57, 0.20),
(2306, 24, 57, 0.32),
(2307, 27, 57, 0.55),
(2308, 29, 57, 0.55),
(2309, 30, 57, 0.65),
(2310, 28, 57, 0.60),
(2311, 31, 57, 0.75),
(2312, 32, 57, 0.85),
(2313, 34, 57, 1.05),
(2314, 35, 57, 1.50),
(2315, 37, 57, 1.20),
(2316, 39, 57, 3.00),
(2317, 33, 57, 0.95),
(2318, 36, 57, 1.00),
(2319, 38, 57, 1.50),
(2320, 40, 57, 5.00),
(2321, 1, 58, 0.04),
(2322, 2, 58, 0.06),
(2323, 3, 58, 0.08),
(2324, 4, 58, 0.10),
(2325, 5, 58, 0.12),
(2326, 6, 58, 0.14),
(2327, 9, 58, 0.25),
(2328, 12, 58, 0.12),
(2329, 13, 58, 0.14),
(2330, 7, 58, 0.18),
(2331, 8, 58, 0.22),
(2332, 10, 58, 0.08),
(2333, 11, 58, 0.10),
(2334, 14, 58, 0.16),
(2335, 18, 58, 0.40),
(2336, 19, 58, 0.45),
(2337, 22, 58, 0.22),
(2338, 23, 58, 0.30),
(2339, 25, 58, 0.40),
(2340, 26, 58, 0.50),
(2341, 15, 58, 0.22),
(2342, 16, 58, 0.28),
(2343, 17, 58, 0.35),
(2344, 20, 58, 0.50),
(2345, 21, 58, 0.20),
(2346, 24, 58, 0.32),
(2347, 27, 58, 0.55),
(2348, 29, 58, 0.55),
(2349, 30, 58, 0.65),
(2350, 28, 58, 0.60),
(2351, 31, 58, 0.75),
(2352, 32, 58, 0.85),
(2353, 34, 58, 1.05),
(2354, 35, 58, 1.50),
(2355, 37, 58, 1.20),
(2356, 39, 58, 3.00),
(2357, 33, 58, 0.95),
(2358, 36, 58, 1.00),
(2359, 38, 58, 1.50),
(2360, 40, 58, 5.00),
(2361, 1, 59, 0.04),
(2362, 2, 59, 0.06),
(2363, 3, 59, 0.08),
(2364, 4, 59, 0.10),
(2365, 5, 59, 0.12),
(2366, 6, 59, 0.14),
(2367, 9, 59, 0.25),
(2368, 12, 59, 0.12),
(2369, 13, 59, 0.14),
(2370, 7, 59, 0.18),
(2371, 8, 59, 0.22),
(2372, 10, 59, 0.08),
(2373, 11, 59, 0.10),
(2374, 14, 59, 0.16),
(2375, 18, 59, 0.40),
(2376, 19, 59, 0.45),
(2377, 22, 59, 0.22),
(2378, 23, 59, 0.30),
(2379, 25, 59, 0.40),
(2380, 26, 59, 0.50),
(2381, 15, 59, 0.22),
(2382, 16, 59, 0.28),
(2383, 17, 59, 0.35),
(2384, 20, 59, 0.50),
(2385, 21, 59, 0.20),
(2386, 24, 59, 0.32),
(2387, 27, 59, 0.55),
(2388, 29, 59, 0.55),
(2389, 30, 59, 0.65),
(2390, 28, 59, 0.60),
(2391, 31, 59, 0.75),
(2392, 32, 59, 0.85),
(2393, 34, 59, 1.05),
(2394, 35, 59, 1.50),
(2395, 37, 59, 1.20),
(2396, 39, 59, 3.00),
(2397, 33, 59, 0.95),
(2398, 36, 59, 1.00),
(2399, 38, 59, 1.50),
(2400, 40, 59, 5.00),
(2401, 1, 60, 0.04),
(2402, 2, 60, 0.06),
(2403, 3, 60, 0.08),
(2404, 4, 60, 0.10),
(2405, 5, 60, 0.12),
(2406, 6, 60, 0.14),
(2407, 9, 60, 0.25),
(2408, 12, 60, 0.12),
(2409, 13, 60, 0.14),
(2410, 7, 60, 0.18),
(2411, 8, 60, 0.22),
(2412, 10, 60, 0.08),
(2413, 11, 60, 0.10),
(2414, 14, 60, 0.16),
(2415, 18, 60, 0.40),
(2416, 19, 60, 0.45),
(2417, 22, 60, 0.22),
(2418, 23, 60, 0.30),
(2419, 25, 60, 0.40),
(2420, 26, 60, 0.50),
(2421, 15, 60, 0.22),
(2422, 16, 60, 0.28),
(2423, 17, 60, 0.35),
(2424, 20, 60, 0.50),
(2425, 21, 60, 0.20),
(2426, 24, 60, 0.32),
(2427, 27, 60, 0.55),
(2428, 29, 60, 0.55),
(2429, 30, 60, 0.65),
(2430, 28, 60, 0.60),
(2431, 31, 60, 0.75),
(2432, 32, 60, 0.85),
(2433, 34, 60, 1.05),
(2434, 35, 60, 1.50),
(2435, 37, 60, 1.20),
(2436, 39, 60, 3.00),
(2437, 33, 60, 0.95),
(2438, 36, 60, 1.00),
(2439, 38, 60, 1.50),
(2440, 40, 60, 5.00),
(2441, 1, 61, 0.04),
(2442, 2, 61, 0.06),
(2443, 3, 61, 0.08),
(2444, 4, 61, 0.10),
(2445, 5, 61, 0.12),
(2446, 6, 61, 0.14),
(2447, 9, 61, 0.25),
(2448, 12, 61, 0.12),
(2449, 13, 61, 0.14),
(2450, 7, 61, 0.18),
(2451, 8, 61, 0.22),
(2452, 10, 61, 0.08),
(2453, 11, 61, 0.10),
(2454, 14, 61, 0.16),
(2455, 18, 61, 0.40),
(2456, 19, 61, 0.45),
(2457, 22, 61, 0.22),
(2458, 23, 61, 0.30),
(2459, 25, 61, 0.40),
(2460, 26, 61, 0.50),
(2461, 15, 61, 0.22),
(2462, 16, 61, 0.28),
(2463, 17, 61, 0.35),
(2464, 20, 61, 0.50),
(2465, 21, 61, 0.20),
(2466, 24, 61, 0.32),
(2467, 27, 61, 0.55),
(2468, 29, 61, 0.55),
(2469, 30, 61, 0.65),
(2470, 28, 61, 0.60),
(2471, 31, 61, 0.75),
(2472, 32, 61, 0.85),
(2473, 34, 61, 1.05),
(2474, 35, 61, 1.50),
(2475, 37, 61, 1.20),
(2476, 39, 61, 3.00),
(2477, 33, 61, 0.95),
(2478, 36, 61, 1.00),
(2479, 38, 61, 1.50),
(2480, 40, 61, 5.00),
(2481, 1, 62, 0.04),
(2482, 2, 62, 0.06),
(2483, 3, 62, 0.08),
(2484, 4, 62, 0.10),
(2485, 5, 62, 0.12),
(2486, 6, 62, 0.14),
(2487, 9, 62, 0.25),
(2488, 12, 62, 0.12),
(2489, 13, 62, 0.14),
(2490, 7, 62, 0.18),
(2491, 8, 62, 0.22),
(2492, 10, 62, 0.08),
(2493, 11, 62, 0.10),
(2494, 14, 62, 0.16),
(2495, 18, 62, 0.40),
(2496, 19, 62, 0.45),
(2497, 22, 62, 0.22),
(2498, 23, 62, 0.30),
(2499, 25, 62, 0.40),
(2500, 26, 62, 0.50),
(2501, 15, 62, 0.22),
(2502, 16, 62, 0.28),
(2503, 17, 62, 0.35),
(2504, 20, 62, 0.50),
(2505, 21, 62, 0.20),
(2506, 24, 62, 0.32),
(2507, 27, 62, 0.55),
(2508, 29, 62, 0.55),
(2509, 30, 62, 0.65),
(2510, 28, 62, 0.60),
(2511, 31, 62, 0.75),
(2512, 32, 62, 0.85),
(2513, 34, 62, 1.05),
(2514, 35, 62, 1.50),
(2515, 37, 62, 1.20),
(2516, 39, 62, 3.00),
(2517, 33, 62, 0.95),
(2518, 36, 62, 1.00),
(2519, 38, 62, 1.50),
(2520, 40, 62, 5.00),
(2521, 1, 63, 0.04),
(2522, 2, 63, 0.06),
(2523, 3, 63, 0.08),
(2524, 4, 63, 0.10),
(2525, 5, 63, 0.12),
(2526, 6, 63, 0.14),
(2527, 9, 63, 0.25),
(2528, 12, 63, 0.12),
(2529, 13, 63, 0.14),
(2530, 7, 63, 0.18),
(2531, 8, 63, 0.22),
(2532, 10, 63, 0.08),
(2533, 11, 63, 0.10),
(2534, 14, 63, 0.16),
(2535, 18, 63, 0.40),
(2536, 19, 63, 0.45),
(2537, 22, 63, 0.22),
(2538, 23, 63, 0.30),
(2539, 25, 63, 0.40),
(2540, 26, 63, 0.50),
(2541, 15, 63, 0.22),
(2542, 16, 63, 0.28),
(2543, 17, 63, 0.35),
(2544, 20, 63, 0.50),
(2545, 21, 63, 0.20),
(2546, 24, 63, 0.32),
(2547, 27, 63, 0.55),
(2548, 29, 63, 0.55),
(2549, 30, 63, 0.65),
(2550, 28, 63, 0.60),
(2551, 31, 63, 0.75),
(2552, 32, 63, 0.85),
(2553, 34, 63, 1.05),
(2554, 35, 63, 1.50),
(2555, 37, 63, 1.20),
(2556, 39, 63, 3.00),
(2557, 33, 63, 0.95),
(2558, 36, 63, 1.00),
(2559, 38, 63, 1.50),
(2560, 40, 63, 5.00),
(2561, 1, 64, 0.04),
(2562, 2, 64, 0.06),
(2563, 3, 64, 0.08),
(2564, 4, 64, 0.10),
(2565, 5, 64, 0.12),
(2566, 6, 64, 0.14),
(2567, 9, 64, 0.25),
(2568, 12, 64, 0.12),
(2569, 13, 64, 0.14),
(2570, 7, 64, 0.18),
(2571, 8, 64, 0.22),
(2572, 10, 64, 0.08),
(2573, 11, 64, 0.10),
(2574, 14, 64, 0.16),
(2575, 18, 64, 0.40),
(2576, 19, 64, 0.45),
(2577, 22, 64, 0.22),
(2578, 23, 64, 0.30),
(2579, 25, 64, 0.40),
(2580, 26, 64, 0.50),
(2581, 15, 64, 0.22),
(2582, 16, 64, 0.28),
(2583, 17, 64, 0.35),
(2584, 20, 64, 0.50),
(2585, 21, 64, 0.20),
(2586, 24, 64, 0.32),
(2587, 27, 64, 0.55),
(2588, 29, 64, 0.55),
(2589, 30, 64, 0.65),
(2590, 28, 64, 0.60),
(2591, 31, 64, 0.75),
(2592, 32, 64, 0.85),
(2593, 34, 64, 1.05),
(2594, 35, 64, 1.50),
(2595, 37, 64, 1.20),
(2596, 39, 64, 3.00),
(2597, 33, 64, 0.95),
(2598, 36, 64, 1.00),
(2599, 38, 64, 1.50),
(2600, 40, 64, 5.00),
(2601, 1, 65, 0.04);
INSERT INTO `Item` (`id_Item`, `shape_id`, `color_id`, `price`) VALUES
(2602, 2, 65, 0.06),
(2603, 3, 65, 0.08),
(2604, 4, 65, 0.10),
(2605, 5, 65, 0.12),
(2606, 6, 65, 0.14),
(2607, 9, 65, 0.25),
(2608, 12, 65, 0.12),
(2609, 13, 65, 0.14),
(2610, 7, 65, 0.18),
(2611, 8, 65, 0.22),
(2612, 10, 65, 0.08),
(2613, 11, 65, 0.10),
(2614, 14, 65, 0.16),
(2615, 18, 65, 0.40),
(2616, 19, 65, 0.45),
(2617, 22, 65, 0.22),
(2618, 23, 65, 0.30),
(2619, 25, 65, 0.40),
(2620, 26, 65, 0.50),
(2621, 15, 65, 0.22),
(2622, 16, 65, 0.28),
(2623, 17, 65, 0.35),
(2624, 20, 65, 0.50),
(2625, 21, 65, 0.20),
(2626, 24, 65, 0.32),
(2627, 27, 65, 0.55),
(2628, 29, 65, 0.55),
(2629, 30, 65, 0.65),
(2630, 28, 65, 0.60),
(2631, 31, 65, 0.75),
(2632, 32, 65, 0.85),
(2633, 34, 65, 1.05),
(2634, 35, 65, 1.50),
(2635, 37, 65, 1.20),
(2636, 39, 65, 3.00),
(2637, 33, 65, 0.95),
(2638, 36, 65, 1.00),
(2639, 38, 65, 1.50),
(2640, 40, 65, 5.00),
(2641, 1, 66, 0.04),
(2642, 2, 66, 0.06),
(2643, 3, 66, 0.08),
(2644, 4, 66, 0.10),
(2645, 5, 66, 0.12),
(2646, 6, 66, 0.14),
(2647, 9, 66, 0.25),
(2648, 12, 66, 0.12),
(2649, 13, 66, 0.14),
(2650, 7, 66, 0.18),
(2651, 8, 66, 0.22),
(2652, 10, 66, 0.08),
(2653, 11, 66, 0.10),
(2654, 14, 66, 0.16),
(2655, 18, 66, 0.40),
(2656, 19, 66, 0.45),
(2657, 22, 66, 0.22),
(2658, 23, 66, 0.30),
(2659, 25, 66, 0.40),
(2660, 26, 66, 0.50),
(2661, 15, 66, 0.22),
(2662, 16, 66, 0.28),
(2663, 17, 66, 0.35),
(2664, 20, 66, 0.50),
(2665, 21, 66, 0.20),
(2666, 24, 66, 0.32),
(2667, 27, 66, 0.55),
(2668, 29, 66, 0.55),
(2669, 30, 66, 0.65),
(2670, 28, 66, 0.60),
(2671, 31, 66, 0.75),
(2672, 32, 66, 0.85),
(2673, 34, 66, 1.05),
(2674, 35, 66, 1.50),
(2675, 37, 66, 1.20),
(2676, 39, 66, 3.00),
(2677, 33, 66, 0.95),
(2678, 36, 66, 1.00),
(2679, 38, 66, 1.50),
(2680, 40, 66, 5.00),
(2681, 1, 67, 0.04),
(2682, 2, 67, 0.06),
(2683, 3, 67, 0.08),
(2684, 4, 67, 0.10),
(2685, 5, 67, 0.12),
(2686, 6, 67, 0.14),
(2687, 9, 67, 0.25),
(2688, 12, 67, 0.12),
(2689, 13, 67, 0.14),
(2690, 7, 67, 0.18),
(2691, 8, 67, 0.22),
(2692, 10, 67, 0.08),
(2693, 11, 67, 0.10),
(2694, 14, 67, 0.16),
(2695, 18, 67, 0.40),
(2696, 19, 67, 0.45),
(2697, 22, 67, 0.22),
(2698, 23, 67, 0.30),
(2699, 25, 67, 0.40),
(2700, 26, 67, 0.50),
(2701, 15, 67, 0.22),
(2702, 16, 67, 0.28),
(2703, 17, 67, 0.35),
(2704, 20, 67, 0.50),
(2705, 21, 67, 0.20),
(2706, 24, 67, 0.32),
(2707, 27, 67, 0.55),
(2708, 29, 67, 0.55),
(2709, 30, 67, 0.65),
(2710, 28, 67, 0.60),
(2711, 31, 67, 0.75),
(2712, 32, 67, 0.85),
(2713, 34, 67, 1.05),
(2714, 35, 67, 1.50),
(2715, 37, 67, 1.20),
(2716, 39, 67, 3.00),
(2717, 33, 67, 0.95),
(2718, 36, 67, 1.00),
(2719, 38, 67, 1.50),
(2720, 40, 67, 5.00),
(2721, 1, 68, 0.04),
(2722, 2, 68, 0.06),
(2723, 3, 68, 0.08),
(2724, 4, 68, 0.10),
(2725, 5, 68, 0.12),
(2726, 6, 68, 0.14),
(2727, 9, 68, 0.25),
(2728, 12, 68, 0.12),
(2729, 13, 68, 0.14),
(2730, 7, 68, 0.18),
(2731, 8, 68, 0.22),
(2732, 10, 68, 0.08),
(2733, 11, 68, 0.10),
(2734, 14, 68, 0.16),
(2735, 18, 68, 0.40),
(2736, 19, 68, 0.45),
(2737, 22, 68, 0.22),
(2738, 23, 68, 0.30),
(2739, 25, 68, 0.40),
(2740, 26, 68, 0.50),
(2741, 15, 68, 0.22),
(2742, 16, 68, 0.28),
(2743, 17, 68, 0.35),
(2744, 20, 68, 0.50),
(2745, 21, 68, 0.20),
(2746, 24, 68, 0.32),
(2747, 27, 68, 0.55),
(2748, 29, 68, 0.55),
(2749, 30, 68, 0.65),
(2750, 28, 68, 0.60),
(2751, 31, 68, 0.75),
(2752, 32, 68, 0.85),
(2753, 34, 68, 1.05),
(2754, 35, 68, 1.50),
(2755, 37, 68, 1.20),
(2756, 39, 68, 3.00),
(2757, 33, 68, 0.95),
(2758, 36, 68, 1.00),
(2759, 38, 68, 1.50),
(2760, 40, 68, 5.00),
(2761, 1, 69, 0.04),
(2762, 2, 69, 0.06),
(2763, 3, 69, 0.08),
(2764, 4, 69, 0.10),
(2765, 5, 69, 0.12),
(2766, 6, 69, 0.14),
(2767, 9, 69, 0.25),
(2768, 12, 69, 0.12),
(2769, 13, 69, 0.14),
(2770, 7, 69, 0.18),
(2771, 8, 69, 0.22),
(2772, 10, 69, 0.08),
(2773, 11, 69, 0.10),
(2774, 14, 69, 0.16),
(2775, 18, 69, 0.40),
(2776, 19, 69, 0.45),
(2777, 22, 69, 0.22),
(2778, 23, 69, 0.30),
(2779, 25, 69, 0.40),
(2780, 26, 69, 0.50),
(2781, 15, 69, 0.22),
(2782, 16, 69, 0.28),
(2783, 17, 69, 0.35),
(2784, 20, 69, 0.50),
(2785, 21, 69, 0.20),
(2786, 24, 69, 0.32),
(2787, 27, 69, 0.55),
(2788, 29, 69, 0.55),
(2789, 30, 69, 0.65),
(2790, 28, 69, 0.60),
(2791, 31, 69, 0.75),
(2792, 32, 69, 0.85),
(2793, 34, 69, 1.05),
(2794, 35, 69, 1.50),
(2795, 37, 69, 1.20),
(2796, 39, 69, 3.00),
(2797, 33, 69, 0.95),
(2798, 36, 69, 1.00),
(2799, 38, 69, 1.50),
(2800, 40, 69, 5.00),
(2801, 1, 70, 0.04),
(2802, 2, 70, 0.06),
(2803, 3, 70, 0.08),
(2804, 4, 70, 0.10),
(2805, 5, 70, 0.12),
(2806, 6, 70, 0.14),
(2807, 9, 70, 0.25),
(2808, 12, 70, 0.12),
(2809, 13, 70, 0.14),
(2810, 7, 70, 0.18),
(2811, 8, 70, 0.22),
(2812, 10, 70, 0.08),
(2813, 11, 70, 0.10),
(2814, 14, 70, 0.16),
(2815, 18, 70, 0.40),
(2816, 19, 70, 0.45),
(2817, 22, 70, 0.22),
(2818, 23, 70, 0.30),
(2819, 25, 70, 0.40),
(2820, 26, 70, 0.50),
(2821, 15, 70, 0.22),
(2822, 16, 70, 0.28),
(2823, 17, 70, 0.35),
(2824, 20, 70, 0.50),
(2825, 21, 70, 0.20),
(2826, 24, 70, 0.32),
(2827, 27, 70, 0.55),
(2828, 29, 70, 0.55),
(2829, 30, 70, 0.65),
(2830, 28, 70, 0.60),
(2831, 31, 70, 0.75),
(2832, 32, 70, 0.85),
(2833, 34, 70, 1.05),
(2834, 35, 70, 1.50),
(2835, 37, 70, 1.20),
(2836, 39, 70, 3.00),
(2837, 33, 70, 0.95),
(2838, 36, 70, 1.00),
(2839, 38, 70, 1.50),
(2840, 40, 70, 5.00),
(2841, 1, 71, 0.04),
(2842, 2, 71, 0.06),
(2843, 3, 71, 0.08),
(2844, 4, 71, 0.10),
(2845, 5, 71, 0.12),
(2846, 6, 71, 0.14),
(2847, 9, 71, 0.25),
(2848, 12, 71, 0.12),
(2849, 13, 71, 0.14),
(2850, 7, 71, 0.18),
(2851, 8, 71, 0.22),
(2852, 10, 71, 0.08),
(2853, 11, 71, 0.10),
(2854, 14, 71, 0.16),
(2855, 18, 71, 0.40),
(2856, 19, 71, 0.45),
(2857, 22, 71, 0.22),
(2858, 23, 71, 0.30),
(2859, 25, 71, 0.40),
(2860, 26, 71, 0.50),
(2861, 15, 71, 0.22),
(2862, 16, 71, 0.28),
(2863, 17, 71, 0.35),
(2864, 20, 71, 0.50),
(2865, 21, 71, 0.20),
(2866, 24, 71, 0.32),
(2867, 27, 71, 0.55),
(2868, 29, 71, 0.55),
(2869, 30, 71, 0.65),
(2870, 28, 71, 0.60),
(2871, 31, 71, 0.75),
(2872, 32, 71, 0.85),
(2873, 34, 71, 1.05),
(2874, 35, 71, 1.50),
(2875, 37, 71, 1.20),
(2876, 39, 71, 3.00),
(2877, 33, 71, 0.95),
(2878, 36, 71, 1.00),
(2879, 38, 71, 1.50),
(2880, 40, 71, 5.00),
(2881, 1, 72, 0.04),
(2882, 2, 72, 0.06),
(2883, 3, 72, 0.08),
(2884, 4, 72, 0.10),
(2885, 5, 72, 0.12),
(2886, 6, 72, 0.14),
(2887, 9, 72, 0.25),
(2888, 12, 72, 0.12),
(2889, 13, 72, 0.14),
(2890, 7, 72, 0.18),
(2891, 8, 72, 0.22),
(2892, 10, 72, 0.08),
(2893, 11, 72, 0.10),
(2894, 14, 72, 0.16),
(2895, 18, 72, 0.40),
(2896, 19, 72, 0.45),
(2897, 22, 72, 0.22),
(2898, 23, 72, 0.30),
(2899, 25, 72, 0.40),
(2900, 26, 72, 0.50),
(2901, 15, 72, 0.22),
(2902, 16, 72, 0.28),
(2903, 17, 72, 0.35),
(2904, 20, 72, 0.50),
(2905, 21, 72, 0.20),
(2906, 24, 72, 0.32),
(2907, 27, 72, 0.55),
(2908, 29, 72, 0.55),
(2909, 30, 72, 0.65),
(2910, 28, 72, 0.60),
(2911, 31, 72, 0.75),
(2912, 32, 72, 0.85),
(2913, 34, 72, 1.05),
(2914, 35, 72, 1.50),
(2915, 37, 72, 1.20),
(2916, 39, 72, 3.00),
(2917, 33, 72, 0.95),
(2918, 36, 72, 1.00),
(2919, 38, 72, 1.50),
(2920, 40, 72, 5.00),
(2921, 1, 73, 0.04),
(2922, 2, 73, 0.06),
(2923, 3, 73, 0.08),
(2924, 4, 73, 0.10),
(2925, 5, 73, 0.12),
(2926, 6, 73, 0.14),
(2927, 9, 73, 0.25),
(2928, 12, 73, 0.12),
(2929, 13, 73, 0.14),
(2930, 7, 73, 0.18),
(2931, 8, 73, 0.22),
(2932, 10, 73, 0.08),
(2933, 11, 73, 0.10),
(2934, 14, 73, 0.16),
(2935, 18, 73, 0.40),
(2936, 19, 73, 0.45),
(2937, 22, 73, 0.22),
(2938, 23, 73, 0.30),
(2939, 25, 73, 0.40),
(2940, 26, 73, 0.50),
(2941, 15, 73, 0.22),
(2942, 16, 73, 0.28),
(2943, 17, 73, 0.35),
(2944, 20, 73, 0.50),
(2945, 21, 73, 0.20),
(2946, 24, 73, 0.32),
(2947, 27, 73, 0.55),
(2948, 29, 73, 0.55),
(2949, 30, 73, 0.65),
(2950, 28, 73, 0.60),
(2951, 31, 73, 0.75),
(2952, 32, 73, 0.85),
(2953, 34, 73, 1.05),
(2954, 35, 73, 1.50),
(2955, 37, 73, 1.20),
(2956, 39, 73, 3.00),
(2957, 33, 73, 0.95),
(2958, 36, 73, 1.00),
(2959, 38, 73, 1.50),
(2960, 40, 73, 5.00),
(2961, 1, 74, 0.04),
(2962, 2, 74, 0.06),
(2963, 3, 74, 0.08),
(2964, 4, 74, 0.10),
(2965, 5, 74, 0.12),
(2966, 6, 74, 0.14),
(2967, 9, 74, 0.25),
(2968, 12, 74, 0.12),
(2969, 13, 74, 0.14),
(2970, 7, 74, 0.18),
(2971, 8, 74, 0.22),
(2972, 10, 74, 0.08),
(2973, 11, 74, 0.10),
(2974, 14, 74, 0.16),
(2975, 18, 74, 0.40),
(2976, 19, 74, 0.45),
(2977, 22, 74, 0.22),
(2978, 23, 74, 0.30),
(2979, 25, 74, 0.40),
(2980, 26, 74, 0.50),
(2981, 15, 74, 0.22),
(2982, 16, 74, 0.28),
(2983, 17, 74, 0.35),
(2984, 20, 74, 0.50),
(2985, 21, 74, 0.20),
(2986, 24, 74, 0.32),
(2987, 27, 74, 0.55),
(2988, 29, 74, 0.55),
(2989, 30, 74, 0.65),
(2990, 28, 74, 0.60),
(2991, 31, 74, 0.75),
(2992, 32, 74, 0.85),
(2993, 34, 74, 1.05),
(2994, 35, 74, 1.50),
(2995, 37, 74, 1.20),
(2996, 39, 74, 3.00),
(2997, 33, 74, 0.95),
(2998, 36, 74, 1.00),
(2999, 38, 74, 1.50),
(3000, 40, 74, 5.00),
(3001, 1, 75, 0.04),
(3002, 2, 75, 0.06),
(3003, 3, 75, 0.08),
(3004, 4, 75, 0.10),
(3005, 5, 75, 0.12),
(3006, 6, 75, 0.14),
(3007, 9, 75, 0.25),
(3008, 12, 75, 0.12),
(3009, 13, 75, 0.14),
(3010, 7, 75, 0.18),
(3011, 8, 75, 0.22),
(3012, 10, 75, 0.08),
(3013, 11, 75, 0.10),
(3014, 14, 75, 0.16),
(3015, 18, 75, 0.40),
(3016, 19, 75, 0.45),
(3017, 22, 75, 0.22),
(3018, 23, 75, 0.30),
(3019, 25, 75, 0.40),
(3020, 26, 75, 0.50),
(3021, 15, 75, 0.22),
(3022, 16, 75, 0.28),
(3023, 17, 75, 0.35),
(3024, 20, 75, 0.50),
(3025, 21, 75, 0.20),
(3026, 24, 75, 0.32),
(3027, 27, 75, 0.55),
(3028, 29, 75, 0.55),
(3029, 30, 75, 0.65),
(3030, 28, 75, 0.60),
(3031, 31, 75, 0.75),
(3032, 32, 75, 0.85),
(3033, 34, 75, 1.05),
(3034, 35, 75, 1.50),
(3035, 37, 75, 1.20),
(3036, 39, 75, 3.00),
(3037, 33, 75, 0.95),
(3038, 36, 75, 1.00),
(3039, 38, 75, 1.50),
(3040, 40, 75, 5.00),
(3041, 1, 76, 0.04),
(3042, 2, 76, 0.06),
(3043, 3, 76, 0.08),
(3044, 4, 76, 0.10),
(3045, 5, 76, 0.12),
(3046, 6, 76, 0.14),
(3047, 9, 76, 0.25),
(3048, 12, 76, 0.12),
(3049, 13, 76, 0.14),
(3050, 7, 76, 0.18),
(3051, 8, 76, 0.22),
(3052, 10, 76, 0.08),
(3053, 11, 76, 0.10),
(3054, 14, 76, 0.16),
(3055, 18, 76, 0.40),
(3056, 19, 76, 0.45),
(3057, 22, 76, 0.22),
(3058, 23, 76, 0.30),
(3059, 25, 76, 0.40),
(3060, 26, 76, 0.50),
(3061, 15, 76, 0.22),
(3062, 16, 76, 0.28),
(3063, 17, 76, 0.35),
(3064, 20, 76, 0.50),
(3065, 21, 76, 0.20),
(3066, 24, 76, 0.32),
(3067, 27, 76, 0.55),
(3068, 29, 76, 0.55),
(3069, 30, 76, 0.65),
(3070, 28, 76, 0.60),
(3071, 31, 76, 0.75),
(3072, 32, 76, 0.85),
(3073, 34, 76, 1.05),
(3074, 35, 76, 1.50),
(3075, 37, 76, 1.20),
(3076, 39, 76, 3.00),
(3077, 33, 76, 0.95),
(3078, 36, 76, 1.00),
(3079, 38, 76, 1.50),
(3080, 40, 76, 5.00),
(3081, 1, 77, 0.04),
(3082, 2, 77, 0.06),
(3083, 3, 77, 0.08),
(3084, 4, 77, 0.10),
(3085, 5, 77, 0.12),
(3086, 6, 77, 0.14),
(3087, 9, 77, 0.25),
(3088, 12, 77, 0.12),
(3089, 13, 77, 0.14),
(3090, 7, 77, 0.18),
(3091, 8, 77, 0.22),
(3092, 10, 77, 0.08),
(3093, 11, 77, 0.10),
(3094, 14, 77, 0.16),
(3095, 18, 77, 0.40),
(3096, 19, 77, 0.45),
(3097, 22, 77, 0.22),
(3098, 23, 77, 0.30),
(3099, 25, 77, 0.40),
(3100, 26, 77, 0.50),
(3101, 15, 77, 0.22),
(3102, 16, 77, 0.28),
(3103, 17, 77, 0.35),
(3104, 20, 77, 0.50),
(3105, 21, 77, 0.20),
(3106, 24, 77, 0.32),
(3107, 27, 77, 0.55),
(3108, 29, 77, 0.55),
(3109, 30, 77, 0.65),
(3110, 28, 77, 0.60),
(3111, 31, 77, 0.75),
(3112, 32, 77, 0.85),
(3113, 34, 77, 1.05),
(3114, 35, 77, 1.50),
(3115, 37, 77, 1.20),
(3116, 39, 77, 3.00),
(3117, 33, 77, 0.95),
(3118, 36, 77, 1.00),
(3119, 38, 77, 1.50),
(3120, 40, 77, 5.00),
(3121, 1, 78, 0.04),
(3122, 2, 78, 0.06),
(3123, 3, 78, 0.08),
(3124, 4, 78, 0.10),
(3125, 5, 78, 0.12),
(3126, 6, 78, 0.14),
(3127, 9, 78, 0.25),
(3128, 12, 78, 0.12),
(3129, 13, 78, 0.14),
(3130, 7, 78, 0.18),
(3131, 8, 78, 0.22),
(3132, 10, 78, 0.08),
(3133, 11, 78, 0.10),
(3134, 14, 78, 0.16),
(3135, 18, 78, 0.40),
(3136, 19, 78, 0.45),
(3137, 22, 78, 0.22),
(3138, 23, 78, 0.30),
(3139, 25, 78, 0.40),
(3140, 26, 78, 0.50),
(3141, 15, 78, 0.22),
(3142, 16, 78, 0.28),
(3143, 17, 78, 0.35),
(3144, 20, 78, 0.50),
(3145, 21, 78, 0.20),
(3146, 24, 78, 0.32),
(3147, 27, 78, 0.55),
(3148, 29, 78, 0.55),
(3149, 30, 78, 0.65),
(3150, 28, 78, 0.60),
(3151, 31, 78, 0.75),
(3152, 32, 78, 0.85),
(3153, 34, 78, 1.05),
(3154, 35, 78, 1.50),
(3155, 37, 78, 1.20),
(3156, 39, 78, 3.00),
(3157, 33, 78, 0.95),
(3158, 36, 78, 1.00),
(3159, 38, 78, 1.50),
(3160, 40, 78, 5.00),
(3161, 1, 79, 0.04),
(3162, 2, 79, 0.06),
(3163, 3, 79, 0.08),
(3164, 4, 79, 0.10),
(3165, 5, 79, 0.12),
(3166, 6, 79, 0.14),
(3167, 9, 79, 0.25),
(3168, 12, 79, 0.12),
(3169, 13, 79, 0.14),
(3170, 7, 79, 0.18),
(3171, 8, 79, 0.22),
(3172, 10, 79, 0.08),
(3173, 11, 79, 0.10),
(3174, 14, 79, 0.16),
(3175, 18, 79, 0.40),
(3176, 19, 79, 0.45),
(3177, 22, 79, 0.22),
(3178, 23, 79, 0.30),
(3179, 25, 79, 0.40),
(3180, 26, 79, 0.50),
(3181, 15, 79, 0.22),
(3182, 16, 79, 0.28),
(3183, 17, 79, 0.35),
(3184, 20, 79, 0.50),
(3185, 21, 79, 0.20),
(3186, 24, 79, 0.32),
(3187, 27, 79, 0.55),
(3188, 29, 79, 0.55),
(3189, 30, 79, 0.65),
(3190, 28, 79, 0.60),
(3191, 31, 79, 0.75),
(3192, 32, 79, 0.85),
(3193, 34, 79, 1.05),
(3194, 35, 79, 1.50),
(3195, 37, 79, 1.20),
(3196, 39, 79, 3.00),
(3197, 33, 79, 0.95),
(3198, 36, 79, 1.00),
(3199, 38, 79, 1.50),
(3200, 40, 79, 5.00),
(3201, 1, 80, 0.04),
(3202, 2, 80, 0.06),
(3203, 3, 80, 0.08),
(3204, 4, 80, 0.10),
(3205, 5, 80, 0.12),
(3206, 6, 80, 0.14),
(3207, 9, 80, 0.25),
(3208, 12, 80, 0.12),
(3209, 13, 80, 0.14),
(3210, 7, 80, 0.18),
(3211, 8, 80, 0.22),
(3212, 10, 80, 0.08),
(3213, 11, 80, 0.10),
(3214, 14, 80, 0.16),
(3215, 18, 80, 0.40),
(3216, 19, 80, 0.45),
(3217, 22, 80, 0.22),
(3218, 23, 80, 0.30),
(3219, 25, 80, 0.40),
(3220, 26, 80, 0.50),
(3221, 15, 80, 0.22),
(3222, 16, 80, 0.28),
(3223, 17, 80, 0.35),
(3224, 20, 80, 0.50),
(3225, 21, 80, 0.20),
(3226, 24, 80, 0.32),
(3227, 27, 80, 0.55),
(3228, 29, 80, 0.55),
(3229, 30, 80, 0.65),
(3230, 28, 80, 0.60),
(3231, 31, 80, 0.75),
(3232, 32, 80, 0.85),
(3233, 34, 80, 1.05),
(3234, 35, 80, 1.50),
(3235, 37, 80, 1.20),
(3236, 39, 80, 3.00),
(3237, 33, 80, 0.95),
(3238, 36, 80, 1.00),
(3239, 38, 80, 1.50),
(3240, 40, 80, 5.00),
(3241, 1, 81, 0.04),
(3242, 2, 81, 0.06),
(3243, 3, 81, 0.08),
(3244, 4, 81, 0.10),
(3245, 5, 81, 0.12),
(3246, 6, 81, 0.14),
(3247, 9, 81, 0.25),
(3248, 12, 81, 0.12),
(3249, 13, 81, 0.14),
(3250, 7, 81, 0.18),
(3251, 8, 81, 0.22),
(3252, 10, 81, 0.08),
(3253, 11, 81, 0.10),
(3254, 14, 81, 0.16),
(3255, 18, 81, 0.40),
(3256, 19, 81, 0.45),
(3257, 22, 81, 0.22),
(3258, 23, 81, 0.30),
(3259, 25, 81, 0.40),
(3260, 26, 81, 0.50),
(3261, 15, 81, 0.22),
(3262, 16, 81, 0.28),
(3263, 17, 81, 0.35),
(3264, 20, 81, 0.50),
(3265, 21, 81, 0.20),
(3266, 24, 81, 0.32),
(3267, 27, 81, 0.55),
(3268, 29, 81, 0.55),
(3269, 30, 81, 0.65),
(3270, 28, 81, 0.60),
(3271, 31, 81, 0.75),
(3272, 32, 81, 0.85),
(3273, 34, 81, 1.05),
(3274, 35, 81, 1.50),
(3275, 37, 81, 1.20),
(3276, 39, 81, 3.00),
(3277, 33, 81, 0.95),
(3278, 36, 81, 1.00),
(3279, 38, 81, 1.50),
(3280, 40, 81, 5.00),
(3281, 1, 82, 0.04),
(3282, 2, 82, 0.06),
(3283, 3, 82, 0.08),
(3284, 4, 82, 0.10),
(3285, 5, 82, 0.12),
(3286, 6, 82, 0.14),
(3287, 9, 82, 0.25),
(3288, 12, 82, 0.12),
(3289, 13, 82, 0.14),
(3290, 7, 82, 0.18),
(3291, 8, 82, 0.22),
(3292, 10, 82, 0.08),
(3293, 11, 82, 0.10),
(3294, 14, 82, 0.16),
(3295, 18, 82, 0.40),
(3296, 19, 82, 0.45),
(3297, 22, 82, 0.22),
(3298, 23, 82, 0.30),
(3299, 25, 82, 0.40),
(3300, 26, 82, 0.50),
(3301, 15, 82, 0.22),
(3302, 16, 82, 0.28),
(3303, 17, 82, 0.35),
(3304, 20, 82, 0.50),
(3305, 21, 82, 0.20),
(3306, 24, 82, 0.32),
(3307, 27, 82, 0.55),
(3308, 29, 82, 0.55),
(3309, 30, 82, 0.65),
(3310, 28, 82, 0.60),
(3311, 31, 82, 0.75),
(3312, 32, 82, 0.85),
(3313, 34, 82, 1.05),
(3314, 35, 82, 1.50),
(3315, 37, 82, 1.20),
(3316, 39, 82, 3.00),
(3317, 33, 82, 0.95),
(3318, 36, 82, 1.00),
(3319, 38, 82, 1.50),
(3320, 40, 82, 5.00),
(3321, 1, 83, 0.04),
(3322, 2, 83, 0.06),
(3323, 3, 83, 0.08),
(3324, 4, 83, 0.10),
(3325, 5, 83, 0.12),
(3326, 6, 83, 0.14),
(3327, 9, 83, 0.25),
(3328, 12, 83, 0.12),
(3329, 13, 83, 0.14),
(3330, 7, 83, 0.18),
(3331, 8, 83, 0.22),
(3332, 10, 83, 0.08),
(3333, 11, 83, 0.10),
(3334, 14, 83, 0.16),
(3335, 18, 83, 0.40),
(3336, 19, 83, 0.45),
(3337, 22, 83, 0.22),
(3338, 23, 83, 0.30),
(3339, 25, 83, 0.40),
(3340, 26, 83, 0.50),
(3341, 15, 83, 0.22),
(3342, 16, 83, 0.28),
(3343, 17, 83, 0.35),
(3344, 20, 83, 0.50),
(3345, 21, 83, 0.20),
(3346, 24, 83, 0.32),
(3347, 27, 83, 0.55),
(3348, 29, 83, 0.55),
(3349, 30, 83, 0.65),
(3350, 28, 83, 0.60),
(3351, 31, 83, 0.75),
(3352, 32, 83, 0.85),
(3353, 34, 83, 1.05),
(3354, 35, 83, 1.50),
(3355, 37, 83, 1.20),
(3356, 39, 83, 3.00),
(3357, 33, 83, 0.95),
(3358, 36, 83, 1.00),
(3359, 38, 83, 1.50),
(3360, 40, 83, 5.00),
(3361, 1, 84, 0.04),
(3362, 2, 84, 0.06),
(3363, 3, 84, 0.08),
(3364, 4, 84, 0.10),
(3365, 5, 84, 0.12),
(3366, 6, 84, 0.14),
(3367, 9, 84, 0.25),
(3368, 12, 84, 0.12),
(3369, 13, 84, 0.14),
(3370, 7, 84, 0.18),
(3371, 8, 84, 0.22),
(3372, 10, 84, 0.08),
(3373, 11, 84, 0.10),
(3374, 14, 84, 0.16),
(3375, 18, 84, 0.40),
(3376, 19, 84, 0.45),
(3377, 22, 84, 0.22),
(3378, 23, 84, 0.30),
(3379, 25, 84, 0.40),
(3380, 26, 84, 0.50),
(3381, 15, 84, 0.22),
(3382, 16, 84, 0.28),
(3383, 17, 84, 0.35),
(3384, 20, 84, 0.50),
(3385, 21, 84, 0.20),
(3386, 24, 84, 0.32),
(3387, 27, 84, 0.55),
(3388, 29, 84, 0.55),
(3389, 30, 84, 0.65),
(3390, 28, 84, 0.60),
(3391, 31, 84, 0.75),
(3392, 32, 84, 0.85),
(3393, 34, 84, 1.05),
(3394, 35, 84, 1.50),
(3395, 37, 84, 1.20),
(3396, 39, 84, 3.00),
(3397, 33, 84, 0.95),
(3398, 36, 84, 1.00),
(3399, 38, 84, 1.50),
(3400, 40, 84, 5.00),
(3401, 1, 85, 0.04),
(3402, 2, 85, 0.06),
(3403, 3, 85, 0.08),
(3404, 4, 85, 0.10),
(3405, 5, 85, 0.12),
(3406, 6, 85, 0.14),
(3407, 9, 85, 0.25),
(3408, 12, 85, 0.12),
(3409, 13, 85, 0.14),
(3410, 7, 85, 0.18),
(3411, 8, 85, 0.22),
(3412, 10, 85, 0.08),
(3413, 11, 85, 0.10),
(3414, 14, 85, 0.16),
(3415, 18, 85, 0.40),
(3416, 19, 85, 0.45),
(3417, 22, 85, 0.22),
(3418, 23, 85, 0.30),
(3419, 25, 85, 0.40),
(3420, 26, 85, 0.50),
(3421, 15, 85, 0.22),
(3422, 16, 85, 0.28),
(3423, 17, 85, 0.35),
(3424, 20, 85, 0.50),
(3425, 21, 85, 0.20),
(3426, 24, 85, 0.32),
(3427, 27, 85, 0.55),
(3428, 29, 85, 0.55),
(3429, 30, 85, 0.65),
(3430, 28, 85, 0.60),
(3431, 31, 85, 0.75),
(3432, 32, 85, 0.85),
(3433, 34, 85, 1.05),
(3434, 35, 85, 1.50),
(3435, 37, 85, 1.20),
(3436, 39, 85, 3.00),
(3437, 33, 85, 0.95),
(3438, 36, 85, 1.00),
(3439, 38, 85, 1.50),
(3440, 40, 85, 5.00),
(3441, 1, 86, 0.04),
(3442, 2, 86, 0.06),
(3443, 3, 86, 0.08),
(3444, 4, 86, 0.10),
(3445, 5, 86, 0.12),
(3446, 6, 86, 0.14),
(3447, 9, 86, 0.25),
(3448, 12, 86, 0.12),
(3449, 13, 86, 0.14),
(3450, 7, 86, 0.18),
(3451, 8, 86, 0.22),
(3452, 10, 86, 0.08),
(3453, 11, 86, 0.10),
(3454, 14, 86, 0.16),
(3455, 18, 86, 0.40),
(3456, 19, 86, 0.45),
(3457, 22, 86, 0.22),
(3458, 23, 86, 0.30),
(3459, 25, 86, 0.40),
(3460, 26, 86, 0.50),
(3461, 15, 86, 0.22),
(3462, 16, 86, 0.28),
(3463, 17, 86, 0.35),
(3464, 20, 86, 0.50),
(3465, 21, 86, 0.20),
(3466, 24, 86, 0.32),
(3467, 27, 86, 0.55),
(3468, 29, 86, 0.55),
(3469, 30, 86, 0.65),
(3470, 28, 86, 0.60),
(3471, 31, 86, 0.75),
(3472, 32, 86, 0.85),
(3473, 34, 86, 1.05),
(3474, 35, 86, 1.50),
(3475, 37, 86, 1.20),
(3476, 39, 86, 3.00),
(3477, 33, 86, 0.95),
(3478, 36, 86, 1.00),
(3479, 38, 86, 1.50),
(3480, 40, 86, 5.00),
(3481, 1, 87, 0.04),
(3482, 2, 87, 0.06),
(3483, 3, 87, 0.08),
(3484, 4, 87, 0.10),
(3485, 5, 87, 0.12),
(3486, 6, 87, 0.14),
(3487, 9, 87, 0.25),
(3488, 12, 87, 0.12),
(3489, 13, 87, 0.14),
(3490, 7, 87, 0.18),
(3491, 8, 87, 0.22),
(3492, 10, 87, 0.08),
(3493, 11, 87, 0.10),
(3494, 14, 87, 0.16),
(3495, 18, 87, 0.40),
(3496, 19, 87, 0.45),
(3497, 22, 87, 0.22),
(3498, 23, 87, 0.30),
(3499, 25, 87, 0.40),
(3500, 26, 87, 0.50),
(3501, 15, 87, 0.22),
(3502, 16, 87, 0.28),
(3503, 17, 87, 0.35),
(3504, 20, 87, 0.50),
(3505, 21, 87, 0.20),
(3506, 24, 87, 0.32),
(3507, 27, 87, 0.55),
(3508, 29, 87, 0.55),
(3509, 30, 87, 0.65),
(3510, 28, 87, 0.60),
(3511, 31, 87, 0.75),
(3512, 32, 87, 0.85),
(3513, 34, 87, 1.05),
(3514, 35, 87, 1.50),
(3515, 37, 87, 1.20),
(3516, 39, 87, 3.00),
(3517, 33, 87, 0.95),
(3518, 36, 87, 1.00),
(3519, 38, 87, 1.50),
(3520, 40, 87, 5.00),
(3521, 1, 88, 0.04),
(3522, 2, 88, 0.06),
(3523, 3, 88, 0.08),
(3524, 4, 88, 0.10),
(3525, 5, 88, 0.12),
(3526, 6, 88, 0.14),
(3527, 9, 88, 0.25),
(3528, 12, 88, 0.12),
(3529, 13, 88, 0.14),
(3530, 7, 88, 0.18),
(3531, 8, 88, 0.22),
(3532, 10, 88, 0.08),
(3533, 11, 88, 0.10),
(3534, 14, 88, 0.16),
(3535, 18, 88, 0.40),
(3536, 19, 88, 0.45),
(3537, 22, 88, 0.22),
(3538, 23, 88, 0.30),
(3539, 25, 88, 0.40),
(3540, 26, 88, 0.50),
(3541, 15, 88, 0.22),
(3542, 16, 88, 0.28),
(3543, 17, 88, 0.35),
(3544, 20, 88, 0.50),
(3545, 21, 88, 0.20),
(3546, 24, 88, 0.32),
(3547, 27, 88, 0.55),
(3548, 29, 88, 0.55),
(3549, 30, 88, 0.65),
(3550, 28, 88, 0.60),
(3551, 31, 88, 0.75),
(3552, 32, 88, 0.85),
(3553, 34, 88, 1.05),
(3554, 35, 88, 1.50),
(3555, 37, 88, 1.20),
(3556, 39, 88, 3.00),
(3557, 33, 88, 0.95),
(3558, 36, 88, 1.00),
(3559, 38, 88, 1.50),
(3560, 40, 88, 5.00),
(3561, 1, 89, 0.04),
(3562, 2, 89, 0.06),
(3563, 3, 89, 0.08),
(3564, 4, 89, 0.10),
(3565, 5, 89, 0.12),
(3566, 6, 89, 0.14),
(3567, 9, 89, 0.25),
(3568, 12, 89, 0.12),
(3569, 13, 89, 0.14),
(3570, 7, 89, 0.18),
(3571, 8, 89, 0.22),
(3572, 10, 89, 0.08),
(3573, 11, 89, 0.10),
(3574, 14, 89, 0.16),
(3575, 18, 89, 0.40),
(3576, 19, 89, 0.45),
(3577, 22, 89, 0.22),
(3578, 23, 89, 0.30),
(3579, 25, 89, 0.40),
(3580, 26, 89, 0.50),
(3581, 15, 89, 0.22),
(3582, 16, 89, 0.28),
(3583, 17, 89, 0.35),
(3584, 20, 89, 0.50),
(3585, 21, 89, 0.20),
(3586, 24, 89, 0.32),
(3587, 27, 89, 0.55),
(3588, 29, 89, 0.55),
(3589, 30, 89, 0.65),
(3590, 28, 89, 0.60),
(3591, 31, 89, 0.75),
(3592, 32, 89, 0.85),
(3593, 34, 89, 1.05),
(3594, 35, 89, 1.50),
(3595, 37, 89, 1.20),
(3596, 39, 89, 3.00),
(3597, 33, 89, 0.95),
(3598, 36, 89, 1.00),
(3599, 38, 89, 1.50),
(3600, 40, 89, 5.00),
(3601, 1, 90, 0.04),
(3602, 2, 90, 0.06),
(3603, 3, 90, 0.08),
(3604, 4, 90, 0.10),
(3605, 5, 90, 0.12),
(3606, 6, 90, 0.14),
(3607, 9, 90, 0.25),
(3608, 12, 90, 0.12),
(3609, 13, 90, 0.14),
(3610, 7, 90, 0.18),
(3611, 8, 90, 0.22),
(3612, 10, 90, 0.08),
(3613, 11, 90, 0.10),
(3614, 14, 90, 0.16),
(3615, 18, 90, 0.40),
(3616, 19, 90, 0.45),
(3617, 22, 90, 0.22),
(3618, 23, 90, 0.30),
(3619, 25, 90, 0.40),
(3620, 26, 90, 0.50),
(3621, 15, 90, 0.22),
(3622, 16, 90, 0.28),
(3623, 17, 90, 0.35),
(3624, 20, 90, 0.50),
(3625, 21, 90, 0.20),
(3626, 24, 90, 0.32),
(3627, 27, 90, 0.55),
(3628, 29, 90, 0.55),
(3629, 30, 90, 0.65),
(3630, 28, 90, 0.60),
(3631, 31, 90, 0.75),
(3632, 32, 90, 0.85),
(3633, 34, 90, 1.05),
(3634, 35, 90, 1.50),
(3635, 37, 90, 1.20),
(3636, 39, 90, 3.00),
(3637, 33, 90, 0.95),
(3638, 36, 90, 1.00),
(3639, 38, 90, 1.50),
(3640, 40, 90, 5.00),
(3641, 1, 91, 0.04),
(3642, 2, 91, 0.06),
(3643, 3, 91, 0.08),
(3644, 4, 91, 0.10),
(3645, 5, 91, 0.12),
(3646, 6, 91, 0.14),
(3647, 9, 91, 0.25),
(3648, 12, 91, 0.12),
(3649, 13, 91, 0.14),
(3650, 7, 91, 0.18),
(3651, 8, 91, 0.22),
(3652, 10, 91, 0.08),
(3653, 11, 91, 0.10),
(3654, 14, 91, 0.16),
(3655, 18, 91, 0.40),
(3656, 19, 91, 0.45),
(3657, 22, 91, 0.22),
(3658, 23, 91, 0.30),
(3659, 25, 91, 0.40),
(3660, 26, 91, 0.50),
(3661, 15, 91, 0.22),
(3662, 16, 91, 0.28),
(3663, 17, 91, 0.35),
(3664, 20, 91, 0.50),
(3665, 21, 91, 0.20),
(3666, 24, 91, 0.32),
(3667, 27, 91, 0.55),
(3668, 29, 91, 0.55),
(3669, 30, 91, 0.65),
(3670, 28, 91, 0.60),
(3671, 31, 91, 0.75),
(3672, 32, 91, 0.85),
(3673, 34, 91, 1.05),
(3674, 35, 91, 1.50),
(3675, 37, 91, 1.20),
(3676, 39, 91, 3.00),
(3677, 33, 91, 0.95),
(3678, 36, 91, 1.00),
(3679, 38, 91, 1.50),
(3680, 40, 91, 5.00),
(3681, 1, 92, 0.04),
(3682, 2, 92, 0.06),
(3683, 3, 92, 0.08),
(3684, 4, 92, 0.10),
(3685, 5, 92, 0.12),
(3686, 6, 92, 0.14),
(3687, 9, 92, 0.25),
(3688, 12, 92, 0.12),
(3689, 13, 92, 0.14),
(3690, 7, 92, 0.18),
(3691, 8, 92, 0.22),
(3692, 10, 92, 0.08),
(3693, 11, 92, 0.10),
(3694, 14, 92, 0.16),
(3695, 18, 92, 0.40),
(3696, 19, 92, 0.45),
(3697, 22, 92, 0.22),
(3698, 23, 92, 0.30),
(3699, 25, 92, 0.40),
(3700, 26, 92, 0.50),
(3701, 15, 92, 0.22),
(3702, 16, 92, 0.28),
(3703, 17, 92, 0.35),
(3704, 20, 92, 0.50),
(3705, 21, 92, 0.20),
(3706, 24, 92, 0.32),
(3707, 27, 92, 0.55),
(3708, 29, 92, 0.55),
(3709, 30, 92, 0.65),
(3710, 28, 92, 0.60),
(3711, 31, 92, 0.75),
(3712, 32, 92, 0.85),
(3713, 34, 92, 1.05),
(3714, 35, 92, 1.50),
(3715, 37, 92, 1.20),
(3716, 39, 92, 3.00),
(3717, 33, 92, 0.95),
(3718, 36, 92, 1.00),
(3719, 38, 92, 1.50),
(3720, 40, 92, 5.00),
(3721, 1, 93, 0.04),
(3722, 2, 93, 0.06),
(3723, 3, 93, 0.08),
(3724, 4, 93, 0.10),
(3725, 5, 93, 0.12),
(3726, 6, 93, 0.14),
(3727, 9, 93, 0.25),
(3728, 12, 93, 0.12),
(3729, 13, 93, 0.14),
(3730, 7, 93, 0.18),
(3731, 8, 93, 0.22),
(3732, 10, 93, 0.08),
(3733, 11, 93, 0.10),
(3734, 14, 93, 0.16),
(3735, 18, 93, 0.40),
(3736, 19, 93, 0.45),
(3737, 22, 93, 0.22),
(3738, 23, 93, 0.30),
(3739, 25, 93, 0.40),
(3740, 26, 93, 0.50),
(3741, 15, 93, 0.22),
(3742, 16, 93, 0.28),
(3743, 17, 93, 0.35),
(3744, 20, 93, 0.50),
(3745, 21, 93, 0.20),
(3746, 24, 93, 0.32),
(3747, 27, 93, 0.55),
(3748, 29, 93, 0.55),
(3749, 30, 93, 0.65),
(3750, 28, 93, 0.60),
(3751, 31, 93, 0.75),
(3752, 32, 93, 0.85),
(3753, 34, 93, 1.05),
(3754, 35, 93, 1.50),
(3755, 37, 93, 1.20),
(3756, 39, 93, 3.00),
(3757, 33, 93, 0.95),
(3758, 36, 93, 1.00),
(3759, 38, 93, 1.50),
(3760, 40, 93, 5.00),
(3761, 1, 94, 0.04),
(3762, 2, 94, 0.06),
(3763, 3, 94, 0.08),
(3764, 4, 94, 0.10),
(3765, 5, 94, 0.12),
(3766, 6, 94, 0.14),
(3767, 9, 94, 0.25),
(3768, 12, 94, 0.12),
(3769, 13, 94, 0.14),
(3770, 7, 94, 0.18),
(3771, 8, 94, 0.22),
(3772, 10, 94, 0.08),
(3773, 11, 94, 0.10),
(3774, 14, 94, 0.16),
(3775, 18, 94, 0.40),
(3776, 19, 94, 0.45),
(3777, 22, 94, 0.22),
(3778, 23, 94, 0.30),
(3779, 25, 94, 0.40),
(3780, 26, 94, 0.50),
(3781, 15, 94, 0.22),
(3782, 16, 94, 0.28),
(3783, 17, 94, 0.35),
(3784, 20, 94, 0.50),
(3785, 21, 94, 0.20),
(3786, 24, 94, 0.32),
(3787, 27, 94, 0.55),
(3788, 29, 94, 0.55),
(3789, 30, 94, 0.65),
(3790, 28, 94, 0.60),
(3791, 31, 94, 0.75),
(3792, 32, 94, 0.85),
(3793, 34, 94, 1.05),
(3794, 35, 94, 1.50),
(3795, 37, 94, 1.20),
(3796, 39, 94, 3.00),
(3797, 33, 94, 0.95),
(3798, 36, 94, 1.00),
(3799, 38, 94, 1.50),
(3800, 40, 94, 5.00),
(3801, 1, 95, 0.04),
(3802, 2, 95, 0.06),
(3803, 3, 95, 0.08),
(3804, 4, 95, 0.10),
(3805, 5, 95, 0.12),
(3806, 6, 95, 0.14),
(3807, 9, 95, 0.25),
(3808, 12, 95, 0.12),
(3809, 13, 95, 0.14),
(3810, 7, 95, 0.18),
(3811, 8, 95, 0.22),
(3812, 10, 95, 0.08),
(3813, 11, 95, 0.10),
(3814, 14, 95, 0.16),
(3815, 18, 95, 0.40),
(3816, 19, 95, 0.45),
(3817, 22, 95, 0.22),
(3818, 23, 95, 0.30),
(3819, 25, 95, 0.40),
(3820, 26, 95, 0.50),
(3821, 15, 95, 0.22),
(3822, 16, 95, 0.28),
(3823, 17, 95, 0.35),
(3824, 20, 95, 0.50),
(3825, 21, 95, 0.20),
(3826, 24, 95, 0.32),
(3827, 27, 95, 0.55),
(3828, 29, 95, 0.55),
(3829, 30, 95, 0.65),
(3830, 28, 95, 0.60),
(3831, 31, 95, 0.75),
(3832, 32, 95, 0.85),
(3833, 34, 95, 1.05),
(3834, 35, 95, 1.50),
(3835, 37, 95, 1.20),
(3836, 39, 95, 3.00),
(3837, 33, 95, 0.95),
(3838, 36, 95, 1.00),
(3839, 38, 95, 1.50),
(3840, 40, 95, 5.00),
(3841, 1, 96, 0.04),
(3842, 2, 96, 0.06),
(3843, 3, 96, 0.08),
(3844, 4, 96, 0.10),
(3845, 5, 96, 0.12),
(3846, 6, 96, 0.14),
(3847, 9, 96, 0.25),
(3848, 12, 96, 0.12),
(3849, 13, 96, 0.14),
(3850, 7, 96, 0.18),
(3851, 8, 96, 0.22),
(3852, 10, 96, 0.08),
(3853, 11, 96, 0.10),
(3854, 14, 96, 0.16),
(3855, 18, 96, 0.40),
(3856, 19, 96, 0.45),
(3857, 22, 96, 0.22),
(3858, 23, 96, 0.30),
(3859, 25, 96, 0.40),
(3860, 26, 96, 0.50),
(3861, 15, 96, 0.22),
(3862, 16, 96, 0.28),
(3863, 17, 96, 0.35),
(3864, 20, 96, 0.50),
(3865, 21, 96, 0.20),
(3866, 24, 96, 0.32),
(3867, 27, 96, 0.55),
(3868, 29, 96, 0.55),
(3869, 30, 96, 0.65),
(3870, 28, 96, 0.60),
(3871, 31, 96, 0.75),
(3872, 32, 96, 0.85),
(3873, 34, 96, 1.05),
(3874, 35, 96, 1.50),
(3875, 37, 96, 1.20),
(3876, 39, 96, 3.00),
(3877, 33, 96, 0.95),
(3878, 36, 96, 1.00),
(3879, 38, 96, 1.50),
(3880, 40, 96, 5.00),
(3881, 1, 97, 0.04),
(3882, 2, 97, 0.06),
(3883, 3, 97, 0.08),
(3884, 4, 97, 0.10),
(3885, 5, 97, 0.12),
(3886, 6, 97, 0.14),
(3887, 9, 97, 0.25),
(3888, 12, 97, 0.12),
(3889, 13, 97, 0.14),
(3890, 7, 97, 0.18),
(3891, 8, 97, 0.22),
(3892, 10, 97, 0.08),
(3893, 11, 97, 0.10),
(3894, 14, 97, 0.16),
(3895, 18, 97, 0.40),
(3896, 19, 97, 0.45),
(3897, 22, 97, 0.22),
(3898, 23, 97, 0.30),
(3899, 25, 97, 0.40),
(3900, 26, 97, 0.50),
(3901, 15, 97, 0.22),
(3902, 16, 97, 0.28),
(3903, 17, 97, 0.35),
(3904, 20, 97, 0.50),
(3905, 21, 97, 0.20),
(3906, 24, 97, 0.32),
(3907, 27, 97, 0.55),
(3908, 29, 97, 0.55),
(3909, 30, 97, 0.65),
(3910, 28, 97, 0.60),
(3911, 31, 97, 0.75),
(3912, 32, 97, 0.85),
(3913, 34, 97, 1.05),
(3914, 35, 97, 1.50),
(3915, 37, 97, 1.20),
(3916, 39, 97, 3.00),
(3917, 33, 97, 0.95),
(3918, 36, 97, 1.00),
(3919, 38, 97, 1.50),
(3920, 40, 97, 5.00),
(3921, 1, 98, 0.04),
(3922, 2, 98, 0.06),
(3923, 3, 98, 0.08),
(3924, 4, 98, 0.10),
(3925, 5, 98, 0.12),
(3926, 6, 98, 0.14),
(3927, 9, 98, 0.25),
(3928, 12, 98, 0.12),
(3929, 13, 98, 0.14),
(3930, 7, 98, 0.18),
(3931, 8, 98, 0.22),
(3932, 10, 98, 0.08),
(3933, 11, 98, 0.10),
(3934, 14, 98, 0.16),
(3935, 18, 98, 0.40),
(3936, 19, 98, 0.45),
(3937, 22, 98, 0.22),
(3938, 23, 98, 0.30),
(3939, 25, 98, 0.40),
(3940, 26, 98, 0.50),
(3941, 15, 98, 0.22),
(3942, 16, 98, 0.28),
(3943, 17, 98, 0.35),
(3944, 20, 98, 0.50),
(3945, 21, 98, 0.20),
(3946, 24, 98, 0.32),
(3947, 27, 98, 0.55),
(3948, 29, 98, 0.55),
(3949, 30, 98, 0.65),
(3950, 28, 98, 0.60),
(3951, 31, 98, 0.75),
(3952, 32, 98, 0.85),
(3953, 34, 98, 1.05),
(3954, 35, 98, 1.50),
(3955, 37, 98, 1.20),
(3956, 39, 98, 3.00),
(3957, 33, 98, 0.95),
(3958, 36, 98, 1.00),
(3959, 38, 98, 1.50),
(3960, 40, 98, 5.00),
(3961, 1, 99, 0.04),
(3962, 2, 99, 0.06),
(3963, 3, 99, 0.08),
(3964, 4, 99, 0.10),
(3965, 5, 99, 0.12),
(3966, 6, 99, 0.14),
(3967, 9, 99, 0.25),
(3968, 12, 99, 0.12),
(3969, 13, 99, 0.14),
(3970, 7, 99, 0.18),
(3971, 8, 99, 0.22),
(3972, 10, 99, 0.08),
(3973, 11, 99, 0.10),
(3974, 14, 99, 0.16),
(3975, 18, 99, 0.40),
(3976, 19, 99, 0.45),
(3977, 22, 99, 0.22),
(3978, 23, 99, 0.30),
(3979, 25, 99, 0.40),
(3980, 26, 99, 0.50),
(3981, 15, 99, 0.22),
(3982, 16, 99, 0.28),
(3983, 17, 99, 0.35),
(3984, 20, 99, 0.50),
(3985, 21, 99, 0.20),
(3986, 24, 99, 0.32),
(3987, 27, 99, 0.55),
(3988, 29, 99, 0.55),
(3989, 30, 99, 0.65),
(3990, 28, 99, 0.60),
(3991, 31, 99, 0.75),
(3992, 32, 99, 0.85),
(3993, 34, 99, 1.05),
(3994, 35, 99, 1.50),
(3995, 37, 99, 1.20),
(3996, 39, 99, 3.00),
(3997, 33, 99, 0.95),
(3998, 36, 99, 1.00),
(3999, 38, 99, 1.50),
(4000, 40, 99, 5.00),
(4001, 1, 100, 0.04),
(4002, 2, 100, 0.06),
(4003, 3, 100, 0.08),
(4004, 4, 100, 0.10),
(4005, 5, 100, 0.12),
(4006, 6, 100, 0.14),
(4007, 9, 100, 0.25),
(4008, 12, 100, 0.12),
(4009, 13, 100, 0.14),
(4010, 7, 100, 0.18),
(4011, 8, 100, 0.22),
(4012, 10, 100, 0.08),
(4013, 11, 100, 0.10),
(4014, 14, 100, 0.16),
(4015, 18, 100, 0.40),
(4016, 19, 100, 0.45),
(4017, 22, 100, 0.22),
(4018, 23, 100, 0.30),
(4019, 25, 100, 0.40),
(4020, 26, 100, 0.50),
(4021, 15, 100, 0.22),
(4022, 16, 100, 0.28),
(4023, 17, 100, 0.35),
(4024, 20, 100, 0.50),
(4025, 21, 100, 0.20),
(4026, 24, 100, 0.32),
(4027, 27, 100, 0.55),
(4028, 29, 100, 0.55),
(4029, 30, 100, 0.65),
(4030, 28, 100, 0.60),
(4031, 31, 100, 0.75),
(4032, 32, 100, 0.85),
(4033, 34, 100, 1.05),
(4034, 35, 100, 1.50),
(4035, 37, 100, 1.20),
(4036, 39, 100, 3.00),
(4037, 33, 100, 0.95),
(4038, 36, 100, 1.00),
(4039, 38, 100, 1.50),
(4040, 40, 100, 5.00),
(4041, 1, 101, 0.04),
(4042, 2, 101, 0.06),
(4043, 3, 101, 0.08),
(4044, 4, 101, 0.10),
(4045, 5, 101, 0.12),
(4046, 6, 101, 0.14),
(4047, 9, 101, 0.25),
(4048, 12, 101, 0.12),
(4049, 13, 101, 0.14),
(4050, 7, 101, 0.18),
(4051, 8, 101, 0.22),
(4052, 10, 101, 0.08),
(4053, 11, 101, 0.10),
(4054, 14, 101, 0.16),
(4055, 18, 101, 0.40),
(4056, 19, 101, 0.45),
(4057, 22, 101, 0.22),
(4058, 23, 101, 0.30),
(4059, 25, 101, 0.40),
(4060, 26, 101, 0.50),
(4061, 15, 101, 0.22),
(4062, 16, 101, 0.28),
(4063, 17, 101, 0.35),
(4064, 20, 101, 0.50),
(4065, 21, 101, 0.20),
(4066, 24, 101, 0.32),
(4067, 27, 101, 0.55),
(4068, 29, 101, 0.55),
(4069, 30, 101, 0.65),
(4070, 28, 101, 0.60),
(4071, 31, 101, 0.75),
(4072, 32, 101, 0.85),
(4073, 34, 101, 1.05),
(4074, 35, 101, 1.50),
(4075, 37, 101, 1.20),
(4076, 39, 101, 3.00),
(4077, 33, 101, 0.95),
(4078, 36, 101, 1.00),
(4079, 38, 101, 1.50),
(4080, 40, 101, 5.00),
(4081, 1, 102, 0.04),
(4082, 2, 102, 0.06),
(4083, 3, 102, 0.08),
(4084, 4, 102, 0.10),
(4085, 5, 102, 0.12),
(4086, 6, 102, 0.14),
(4087, 9, 102, 0.25),
(4088, 12, 102, 0.12),
(4089, 13, 102, 0.14),
(4090, 7, 102, 0.18),
(4091, 8, 102, 0.22),
(4092, 10, 102, 0.08),
(4093, 11, 102, 0.10),
(4094, 14, 102, 0.16),
(4095, 18, 102, 0.40),
(4096, 19, 102, 0.45),
(4097, 22, 102, 0.22),
(4098, 23, 102, 0.30),
(4099, 25, 102, 0.40),
(4100, 26, 102, 0.50),
(4101, 15, 102, 0.22),
(4102, 16, 102, 0.28),
(4103, 17, 102, 0.35),
(4104, 20, 102, 0.50),
(4105, 21, 102, 0.20),
(4106, 24, 102, 0.32),
(4107, 27, 102, 0.55),
(4108, 29, 102, 0.55),
(4109, 30, 102, 0.65),
(4110, 28, 102, 0.60),
(4111, 31, 102, 0.75),
(4112, 32, 102, 0.85),
(4113, 34, 102, 1.05),
(4114, 35, 102, 1.50),
(4115, 37, 102, 1.20),
(4116, 39, 102, 3.00),
(4117, 33, 102, 0.95),
(4118, 36, 102, 1.00),
(4119, 38, 102, 1.50),
(4120, 40, 102, 5.00),
(4121, 1, 103, 0.04),
(4122, 2, 103, 0.06),
(4123, 3, 103, 0.08),
(4124, 4, 103, 0.10),
(4125, 5, 103, 0.12),
(4126, 6, 103, 0.14),
(4127, 9, 103, 0.25),
(4128, 12, 103, 0.12),
(4129, 13, 103, 0.14),
(4130, 7, 103, 0.18),
(4131, 8, 103, 0.22),
(4132, 10, 103, 0.08),
(4133, 11, 103, 0.10),
(4134, 14, 103, 0.16),
(4135, 18, 103, 0.40),
(4136, 19, 103, 0.45),
(4137, 22, 103, 0.22),
(4138, 23, 103, 0.30),
(4139, 25, 103, 0.40),
(4140, 26, 103, 0.50),
(4141, 15, 103, 0.22),
(4142, 16, 103, 0.28),
(4143, 17, 103, 0.35),
(4144, 20, 103, 0.50),
(4145, 21, 103, 0.20),
(4146, 24, 103, 0.32),
(4147, 27, 103, 0.55),
(4148, 29, 103, 0.55),
(4149, 30, 103, 0.65),
(4150, 28, 103, 0.60),
(4151, 31, 103, 0.75),
(4152, 32, 103, 0.85),
(4153, 34, 103, 1.05),
(4154, 35, 103, 1.50),
(4155, 37, 103, 1.20),
(4156, 39, 103, 3.00),
(4157, 33, 103, 0.95),
(4158, 36, 103, 1.00),
(4159, 38, 103, 1.50),
(4160, 40, 103, 5.00),
(4161, 1, 104, 0.04),
(4162, 2, 104, 0.06),
(4163, 3, 104, 0.08),
(4164, 4, 104, 0.10),
(4165, 5, 104, 0.12),
(4166, 6, 104, 0.14),
(4167, 9, 104, 0.25),
(4168, 12, 104, 0.12),
(4169, 13, 104, 0.14),
(4170, 7, 104, 0.18),
(4171, 8, 104, 0.22),
(4172, 10, 104, 0.08),
(4173, 11, 104, 0.10),
(4174, 14, 104, 0.16),
(4175, 18, 104, 0.40),
(4176, 19, 104, 0.45),
(4177, 22, 104, 0.22),
(4178, 23, 104, 0.30),
(4179, 25, 104, 0.40),
(4180, 26, 104, 0.50),
(4181, 15, 104, 0.22),
(4182, 16, 104, 0.28),
(4183, 17, 104, 0.35),
(4184, 20, 104, 0.50),
(4185, 21, 104, 0.20),
(4186, 24, 104, 0.32),
(4187, 27, 104, 0.55),
(4188, 29, 104, 0.55),
(4189, 30, 104, 0.65),
(4190, 28, 104, 0.60),
(4191, 31, 104, 0.75),
(4192, 32, 104, 0.85),
(4193, 34, 104, 1.05),
(4194, 35, 104, 1.50),
(4195, 37, 104, 1.20),
(4196, 39, 104, 3.00),
(4197, 33, 104, 0.95),
(4198, 36, 104, 1.00),
(4199, 38, 104, 1.50),
(4200, 40, 104, 5.00),
(4201, 1, 105, 0.04),
(4202, 2, 105, 0.06),
(4203, 3, 105, 0.08),
(4204, 4, 105, 0.10),
(4205, 5, 105, 0.12),
(4206, 6, 105, 0.14),
(4207, 9, 105, 0.25),
(4208, 12, 105, 0.12),
(4209, 13, 105, 0.14),
(4210, 7, 105, 0.18),
(4211, 8, 105, 0.22),
(4212, 10, 105, 0.08),
(4213, 11, 105, 0.10),
(4214, 14, 105, 0.16),
(4215, 18, 105, 0.40),
(4216, 19, 105, 0.45),
(4217, 22, 105, 0.22),
(4218, 23, 105, 0.30),
(4219, 25, 105, 0.40),
(4220, 26, 105, 0.50),
(4221, 15, 105, 0.22),
(4222, 16, 105, 0.28),
(4223, 17, 105, 0.35),
(4224, 20, 105, 0.50),
(4225, 21, 105, 0.20),
(4226, 24, 105, 0.32),
(4227, 27, 105, 0.55),
(4228, 29, 105, 0.55),
(4229, 30, 105, 0.65),
(4230, 28, 105, 0.60),
(4231, 31, 105, 0.75),
(4232, 32, 105, 0.85),
(4233, 34, 105, 1.05),
(4234, 35, 105, 1.50),
(4235, 37, 105, 1.20),
(4236, 39, 105, 3.00),
(4237, 33, 105, 0.95),
(4238, 36, 105, 1.00),
(4239, 38, 105, 1.50),
(4240, 40, 105, 5.00),
(4241, 1, 106, 0.04),
(4242, 2, 106, 0.06),
(4243, 3, 106, 0.08),
(4244, 4, 106, 0.10),
(4245, 5, 106, 0.12),
(4246, 6, 106, 0.14),
(4247, 9, 106, 0.25),
(4248, 12, 106, 0.12),
(4249, 13, 106, 0.14),
(4250, 7, 106, 0.18),
(4251, 8, 106, 0.22),
(4252, 10, 106, 0.08),
(4253, 11, 106, 0.10),
(4254, 14, 106, 0.16),
(4255, 18, 106, 0.40),
(4256, 19, 106, 0.45),
(4257, 22, 106, 0.22),
(4258, 23, 106, 0.30),
(4259, 25, 106, 0.40),
(4260, 26, 106, 0.50),
(4261, 15, 106, 0.22),
(4262, 16, 106, 0.28),
(4263, 17, 106, 0.35),
(4264, 20, 106, 0.50),
(4265, 21, 106, 0.20),
(4266, 24, 106, 0.32),
(4267, 27, 106, 0.55),
(4268, 29, 106, 0.55),
(4269, 30, 106, 0.65),
(4270, 28, 106, 0.60),
(4271, 31, 106, 0.75),
(4272, 32, 106, 0.85),
(4273, 34, 106, 1.05),
(4274, 35, 106, 1.50),
(4275, 37, 106, 1.20),
(4276, 39, 106, 3.00),
(4277, 33, 106, 0.95),
(4278, 36, 106, 1.00),
(4279, 38, 106, 1.50),
(4280, 40, 106, 5.00),
(4281, 1, 107, 0.04),
(4282, 2, 107, 0.06),
(4283, 3, 107, 0.08),
(4284, 4, 107, 0.10),
(4285, 5, 107, 0.12),
(4286, 6, 107, 0.14),
(4287, 9, 107, 0.25),
(4288, 12, 107, 0.12),
(4289, 13, 107, 0.14),
(4290, 7, 107, 0.18),
(4291, 8, 107, 0.22),
(4292, 10, 107, 0.08),
(4293, 11, 107, 0.10),
(4294, 14, 107, 0.16),
(4295, 18, 107, 0.40),
(4296, 19, 107, 0.45),
(4297, 22, 107, 0.22),
(4298, 23, 107, 0.30),
(4299, 25, 107, 0.40),
(4300, 26, 107, 0.50),
(4301, 15, 107, 0.22),
(4302, 16, 107, 0.28),
(4303, 17, 107, 0.35),
(4304, 20, 107, 0.50),
(4305, 21, 107, 0.20),
(4306, 24, 107, 0.32),
(4307, 27, 107, 0.55),
(4308, 29, 107, 0.55),
(4309, 30, 107, 0.65),
(4310, 28, 107, 0.60),
(4311, 31, 107, 0.75),
(4312, 32, 107, 0.85),
(4313, 34, 107, 1.05),
(4314, 35, 107, 1.50),
(4315, 37, 107, 1.20),
(4316, 39, 107, 3.00),
(4317, 33, 107, 0.95),
(4318, 36, 107, 1.00),
(4319, 38, 107, 1.50),
(4320, 40, 107, 5.00),
(4321, 1, 108, 0.04),
(4322, 2, 108, 0.06),
(4323, 3, 108, 0.08),
(4324, 4, 108, 0.10),
(4325, 5, 108, 0.12),
(4326, 6, 108, 0.14),
(4327, 9, 108, 0.25),
(4328, 12, 108, 0.12),
(4329, 13, 108, 0.14),
(4330, 7, 108, 0.18),
(4331, 8, 108, 0.22),
(4332, 10, 108, 0.08),
(4333, 11, 108, 0.10),
(4334, 14, 108, 0.16),
(4335, 18, 108, 0.40),
(4336, 19, 108, 0.45),
(4337, 22, 108, 0.22),
(4338, 23, 108, 0.30),
(4339, 25, 108, 0.40),
(4340, 26, 108, 0.50),
(4341, 15, 108, 0.22),
(4342, 16, 108, 0.28),
(4343, 17, 108, 0.35),
(4344, 20, 108, 0.50),
(4345, 21, 108, 0.20),
(4346, 24, 108, 0.32),
(4347, 27, 108, 0.55),
(4348, 29, 108, 0.55),
(4349, 30, 108, 0.65),
(4350, 28, 108, 0.60),
(4351, 31, 108, 0.75),
(4352, 32, 108, 0.85),
(4353, 34, 108, 1.05),
(4354, 35, 108, 1.50),
(4355, 37, 108, 1.20),
(4356, 39, 108, 3.00),
(4357, 33, 108, 0.95),
(4358, 36, 108, 1.00),
(4359, 38, 108, 1.50),
(4360, 40, 108, 5.00),
(4361, 1, 109, 0.04),
(4362, 2, 109, 0.06),
(4363, 3, 109, 0.08),
(4364, 4, 109, 0.10),
(4365, 5, 109, 0.12),
(4366, 6, 109, 0.14),
(4367, 9, 109, 0.25),
(4368, 12, 109, 0.12),
(4369, 13, 109, 0.14),
(4370, 7, 109, 0.18),
(4371, 8, 109, 0.22),
(4372, 10, 109, 0.08),
(4373, 11, 109, 0.10),
(4374, 14, 109, 0.16),
(4375, 18, 109, 0.40),
(4376, 19, 109, 0.45),
(4377, 22, 109, 0.22),
(4378, 23, 109, 0.30),
(4379, 25, 109, 0.40),
(4380, 26, 109, 0.50),
(4381, 15, 109, 0.22),
(4382, 16, 109, 0.28),
(4383, 17, 109, 0.35),
(4384, 20, 109, 0.50),
(4385, 21, 109, 0.20),
(4386, 24, 109, 0.32),
(4387, 27, 109, 0.55),
(4388, 29, 109, 0.55),
(4389, 30, 109, 0.65),
(4390, 28, 109, 0.60),
(4391, 31, 109, 0.75),
(4392, 32, 109, 0.85),
(4393, 34, 109, 1.05),
(4394, 35, 109, 1.50),
(4395, 37, 109, 1.20),
(4396, 39, 109, 3.00),
(4397, 33, 109, 0.95),
(4398, 36, 109, 1.00),
(4399, 38, 109, 1.50),
(4400, 40, 109, 5.00),
(4401, 1, 110, 0.04),
(4402, 2, 110, 0.06),
(4403, 3, 110, 0.08),
(4404, 4, 110, 0.10),
(4405, 5, 110, 0.12),
(4406, 6, 110, 0.14),
(4407, 9, 110, 0.25),
(4408, 12, 110, 0.12),
(4409, 13, 110, 0.14),
(4410, 7, 110, 0.18),
(4411, 8, 110, 0.22),
(4412, 10, 110, 0.08),
(4413, 11, 110, 0.10),
(4414, 14, 110, 0.16),
(4415, 18, 110, 0.40),
(4416, 19, 110, 0.45),
(4417, 22, 110, 0.22),
(4418, 23, 110, 0.30),
(4419, 25, 110, 0.40),
(4420, 26, 110, 0.50),
(4421, 15, 110, 0.22),
(4422, 16, 110, 0.28),
(4423, 17, 110, 0.35),
(4424, 20, 110, 0.50),
(4425, 21, 110, 0.20),
(4426, 24, 110, 0.32),
(4427, 27, 110, 0.55),
(4428, 29, 110, 0.55),
(4429, 30, 110, 0.65),
(4430, 28, 110, 0.60),
(4431, 31, 110, 0.75),
(4432, 32, 110, 0.85),
(4433, 34, 110, 1.05),
(4434, 35, 110, 1.50),
(4435, 37, 110, 1.20),
(4436, 39, 110, 3.00),
(4437, 33, 110, 0.95),
(4438, 36, 110, 1.00),
(4439, 38, 110, 1.50),
(4440, 40, 110, 5.00),
(4441, 1, 111, 0.04),
(4442, 2, 111, 0.06),
(4443, 3, 111, 0.08),
(4444, 4, 111, 0.10),
(4445, 5, 111, 0.12),
(4446, 6, 111, 0.14),
(4447, 9, 111, 0.25),
(4448, 12, 111, 0.12),
(4449, 13, 111, 0.14),
(4450, 7, 111, 0.18),
(4451, 8, 111, 0.22),
(4452, 10, 111, 0.08),
(4453, 11, 111, 0.10),
(4454, 14, 111, 0.16),
(4455, 18, 111, 0.40),
(4456, 19, 111, 0.45),
(4457, 22, 111, 0.22),
(4458, 23, 111, 0.30),
(4459, 25, 111, 0.40),
(4460, 26, 111, 0.50),
(4461, 15, 111, 0.22),
(4462, 16, 111, 0.28),
(4463, 17, 111, 0.35),
(4464, 20, 111, 0.50),
(4465, 21, 111, 0.20),
(4466, 24, 111, 0.32),
(4467, 27, 111, 0.55),
(4468, 29, 111, 0.55),
(4469, 30, 111, 0.65),
(4470, 28, 111, 0.60),
(4471, 31, 111, 0.75),
(4472, 32, 111, 0.85),
(4473, 34, 111, 1.05),
(4474, 35, 111, 1.50),
(4475, 37, 111, 1.20),
(4476, 39, 111, 3.00),
(4477, 33, 111, 0.95),
(4478, 36, 111, 1.00),
(4479, 38, 111, 1.50),
(4480, 40, 111, 5.00),
(4481, 1, 112, 0.04),
(4482, 2, 112, 0.06),
(4483, 3, 112, 0.08),
(4484, 4, 112, 0.10),
(4485, 5, 112, 0.12),
(4486, 6, 112, 0.14),
(4487, 9, 112, 0.25),
(4488, 12, 112, 0.12),
(4489, 13, 112, 0.14),
(4490, 7, 112, 0.18),
(4491, 8, 112, 0.22),
(4492, 10, 112, 0.08),
(4493, 11, 112, 0.10),
(4494, 14, 112, 0.16),
(4495, 18, 112, 0.40),
(4496, 19, 112, 0.45),
(4497, 22, 112, 0.22),
(4498, 23, 112, 0.30),
(4499, 25, 112, 0.40),
(4500, 26, 112, 0.50),
(4501, 15, 112, 0.22),
(4502, 16, 112, 0.28),
(4503, 17, 112, 0.35),
(4504, 20, 112, 0.50),
(4505, 21, 112, 0.20),
(4506, 24, 112, 0.32),
(4507, 27, 112, 0.55),
(4508, 29, 112, 0.55),
(4509, 30, 112, 0.65),
(4510, 28, 112, 0.60),
(4511, 31, 112, 0.75),
(4512, 32, 112, 0.85),
(4513, 34, 112, 1.05),
(4514, 35, 112, 1.50),
(4515, 37, 112, 1.20),
(4516, 39, 112, 3.00),
(4517, 33, 112, 0.95),
(4518, 36, 112, 1.00),
(4519, 38, 112, 1.50),
(4520, 40, 112, 5.00),
(4521, 1, 113, 0.04),
(4522, 2, 113, 0.06),
(4523, 3, 113, 0.08),
(4524, 4, 113, 0.10),
(4525, 5, 113, 0.12),
(4526, 6, 113, 0.14),
(4527, 9, 113, 0.25),
(4528, 12, 113, 0.12),
(4529, 13, 113, 0.14),
(4530, 7, 113, 0.18),
(4531, 8, 113, 0.22),
(4532, 10, 113, 0.08),
(4533, 11, 113, 0.10),
(4534, 14, 113, 0.16),
(4535, 18, 113, 0.40),
(4536, 19, 113, 0.45),
(4537, 22, 113, 0.22),
(4538, 23, 113, 0.30),
(4539, 25, 113, 0.40),
(4540, 26, 113, 0.50),
(4541, 15, 113, 0.22),
(4542, 16, 113, 0.28),
(4543, 17, 113, 0.35),
(4544, 20, 113, 0.50),
(4545, 21, 113, 0.20),
(4546, 24, 113, 0.32),
(4547, 27, 113, 0.55),
(4548, 29, 113, 0.55),
(4549, 30, 113, 0.65),
(4550, 28, 113, 0.60),
(4551, 31, 113, 0.75),
(4552, 32, 113, 0.85),
(4553, 34, 113, 1.05),
(4554, 35, 113, 1.50),
(4555, 37, 113, 1.20),
(4556, 39, 113, 3.00),
(4557, 33, 113, 0.95),
(4558, 36, 113, 1.00),
(4559, 38, 113, 1.50),
(4560, 40, 113, 5.00),
(4561, 1, 114, 0.04),
(4562, 2, 114, 0.06),
(4563, 3, 114, 0.08),
(4564, 4, 114, 0.10),
(4565, 5, 114, 0.12),
(4566, 6, 114, 0.14),
(4567, 9, 114, 0.25),
(4568, 12, 114, 0.12),
(4569, 13, 114, 0.14),
(4570, 7, 114, 0.18),
(4571, 8, 114, 0.22),
(4572, 10, 114, 0.08),
(4573, 11, 114, 0.10),
(4574, 14, 114, 0.16),
(4575, 18, 114, 0.40),
(4576, 19, 114, 0.45),
(4577, 22, 114, 0.22),
(4578, 23, 114, 0.30),
(4579, 25, 114, 0.40),
(4580, 26, 114, 0.50),
(4581, 15, 114, 0.22),
(4582, 16, 114, 0.28),
(4583, 17, 114, 0.35),
(4584, 20, 114, 0.50),
(4585, 21, 114, 0.20),
(4586, 24, 114, 0.32),
(4587, 27, 114, 0.55),
(4588, 29, 114, 0.55),
(4589, 30, 114, 0.65),
(4590, 28, 114, 0.60),
(4591, 31, 114, 0.75),
(4592, 32, 114, 0.85),
(4593, 34, 114, 1.05),
(4594, 35, 114, 1.50),
(4595, 37, 114, 1.20),
(4596, 39, 114, 3.00),
(4597, 33, 114, 0.95),
(4598, 36, 114, 1.00),
(4599, 38, 114, 1.50),
(4600, 40, 114, 5.00),
(4601, 1, 115, 0.04),
(4602, 2, 115, 0.06),
(4603, 3, 115, 0.08),
(4604, 4, 115, 0.10),
(4605, 5, 115, 0.12),
(4606, 6, 115, 0.14),
(4607, 9, 115, 0.25),
(4608, 12, 115, 0.12),
(4609, 13, 115, 0.14),
(4610, 7, 115, 0.18),
(4611, 8, 115, 0.22),
(4612, 10, 115, 0.08),
(4613, 11, 115, 0.10),
(4614, 14, 115, 0.16),
(4615, 18, 115, 0.40),
(4616, 19, 115, 0.45),
(4617, 22, 115, 0.22),
(4618, 23, 115, 0.30),
(4619, 25, 115, 0.40),
(4620, 26, 115, 0.50),
(4621, 15, 115, 0.22),
(4622, 16, 115, 0.28),
(4623, 17, 115, 0.35),
(4624, 20, 115, 0.50),
(4625, 21, 115, 0.20),
(4626, 24, 115, 0.32),
(4627, 27, 115, 0.55),
(4628, 29, 115, 0.55),
(4629, 30, 115, 0.65),
(4630, 28, 115, 0.60),
(4631, 31, 115, 0.75),
(4632, 32, 115, 0.85),
(4633, 34, 115, 1.05),
(4634, 35, 115, 1.50),
(4635, 37, 115, 1.20),
(4636, 39, 115, 3.00),
(4637, 33, 115, 0.95),
(4638, 36, 115, 1.00),
(4639, 38, 115, 1.50),
(4640, 40, 115, 5.00),
(4641, 1, 116, 0.04),
(4642, 2, 116, 0.06),
(4643, 3, 116, 0.08),
(4644, 4, 116, 0.10),
(4645, 5, 116, 0.12),
(4646, 6, 116, 0.14),
(4647, 9, 116, 0.25),
(4648, 12, 116, 0.12),
(4649, 13, 116, 0.14),
(4650, 7, 116, 0.18),
(4651, 8, 116, 0.22),
(4652, 10, 116, 0.08),
(4653, 11, 116, 0.10),
(4654, 14, 116, 0.16),
(4655, 18, 116, 0.40),
(4656, 19, 116, 0.45),
(4657, 22, 116, 0.22),
(4658, 23, 116, 0.30),
(4659, 25, 116, 0.40),
(4660, 26, 116, 0.50),
(4661, 15, 116, 0.22),
(4662, 16, 116, 0.28),
(4663, 17, 116, 0.35),
(4664, 20, 116, 0.50),
(4665, 21, 116, 0.20),
(4666, 24, 116, 0.32),
(4667, 27, 116, 0.55),
(4668, 29, 116, 0.55),
(4669, 30, 116, 0.65),
(4670, 28, 116, 0.60),
(4671, 31, 116, 0.75),
(4672, 32, 116, 0.85),
(4673, 34, 116, 1.05),
(4674, 35, 116, 1.50),
(4675, 37, 116, 1.20),
(4676, 39, 116, 3.00),
(4677, 33, 116, 0.95),
(4678, 36, 116, 1.00),
(4679, 38, 116, 1.50),
(4680, 40, 116, 5.00),
(4681, 1, 117, 0.04),
(4682, 2, 117, 0.06),
(4683, 3, 117, 0.08),
(4684, 4, 117, 0.10),
(4685, 5, 117, 0.12),
(4686, 6, 117, 0.14),
(4687, 9, 117, 0.25),
(4688, 12, 117, 0.12),
(4689, 13, 117, 0.14),
(4690, 7, 117, 0.18),
(4691, 8, 117, 0.22),
(4692, 10, 117, 0.08),
(4693, 11, 117, 0.10),
(4694, 14, 117, 0.16),
(4695, 18, 117, 0.40),
(4696, 19, 117, 0.45),
(4697, 22, 117, 0.22),
(4698, 23, 117, 0.30),
(4699, 25, 117, 0.40),
(4700, 26, 117, 0.50),
(4701, 15, 117, 0.22),
(4702, 16, 117, 0.28),
(4703, 17, 117, 0.35),
(4704, 20, 117, 0.50),
(4705, 21, 117, 0.20),
(4706, 24, 117, 0.32),
(4707, 27, 117, 0.55),
(4708, 29, 117, 0.55),
(4709, 30, 117, 0.65),
(4710, 28, 117, 0.60),
(4711, 31, 117, 0.75),
(4712, 32, 117, 0.85),
(4713, 34, 117, 1.05),
(4714, 35, 117, 1.50),
(4715, 37, 117, 1.20),
(4716, 39, 117, 3.00),
(4717, 33, 117, 0.95),
(4718, 36, 117, 1.00),
(4719, 38, 117, 1.50),
(4720, 40, 117, 5.00),
(4721, 1, 118, 0.04),
(4722, 2, 118, 0.06),
(4723, 3, 118, 0.08),
(4724, 4, 118, 0.10),
(4725, 5, 118, 0.12),
(4726, 6, 118, 0.14),
(4727, 9, 118, 0.25),
(4728, 12, 118, 0.12),
(4729, 13, 118, 0.14),
(4730, 7, 118, 0.18),
(4731, 8, 118, 0.22),
(4732, 10, 118, 0.08),
(4733, 11, 118, 0.10),
(4734, 14, 118, 0.16),
(4735, 18, 118, 0.40),
(4736, 19, 118, 0.45),
(4737, 22, 118, 0.22),
(4738, 23, 118, 0.30),
(4739, 25, 118, 0.40),
(4740, 26, 118, 0.50),
(4741, 15, 118, 0.22),
(4742, 16, 118, 0.28),
(4743, 17, 118, 0.35),
(4744, 20, 118, 0.50),
(4745, 21, 118, 0.20),
(4746, 24, 118, 0.32),
(4747, 27, 118, 0.55),
(4748, 29, 118, 0.55),
(4749, 30, 118, 0.65),
(4750, 28, 118, 0.60),
(4751, 31, 118, 0.75),
(4752, 32, 118, 0.85),
(4753, 34, 118, 1.05),
(4754, 35, 118, 1.50),
(4755, 37, 118, 1.20),
(4756, 39, 118, 3.00),
(4757, 33, 118, 0.95),
(4758, 36, 118, 1.00),
(4759, 38, 118, 1.50),
(4760, 40, 118, 5.00),
(4761, 1, 119, 0.04),
(4762, 2, 119, 0.06),
(4763, 3, 119, 0.08),
(4764, 4, 119, 0.10),
(4765, 5, 119, 0.12),
(4766, 6, 119, 0.14),
(4767, 9, 119, 0.25),
(4768, 12, 119, 0.12),
(4769, 13, 119, 0.14),
(4770, 7, 119, 0.18),
(4771, 8, 119, 0.22),
(4772, 10, 119, 0.08),
(4773, 11, 119, 0.10),
(4774, 14, 119, 0.16),
(4775, 18, 119, 0.40),
(4776, 19, 119, 0.45),
(4777, 22, 119, 0.22),
(4778, 23, 119, 0.30),
(4779, 25, 119, 0.40),
(4780, 26, 119, 0.50),
(4781, 15, 119, 0.22),
(4782, 16, 119, 0.28),
(4783, 17, 119, 0.35),
(4784, 20, 119, 0.50),
(4785, 21, 119, 0.20),
(4786, 24, 119, 0.32),
(4787, 27, 119, 0.55),
(4788, 29, 119, 0.55),
(4789, 30, 119, 0.65),
(4790, 28, 119, 0.60),
(4791, 31, 119, 0.75),
(4792, 32, 119, 0.85),
(4793, 34, 119, 1.05),
(4794, 35, 119, 1.50),
(4795, 37, 119, 1.20),
(4796, 39, 119, 3.00),
(4797, 33, 119, 0.95),
(4798, 36, 119, 1.00),
(4799, 38, 119, 1.50),
(4800, 40, 119, 5.00),
(4801, 1, 120, 0.04),
(4802, 2, 120, 0.06),
(4803, 3, 120, 0.08),
(4804, 4, 120, 0.10),
(4805, 5, 120, 0.12),
(4806, 6, 120, 0.14),
(4807, 9, 120, 0.25),
(4808, 12, 120, 0.12),
(4809, 13, 120, 0.14),
(4810, 7, 120, 0.18),
(4811, 8, 120, 0.22),
(4812, 10, 120, 0.08),
(4813, 11, 120, 0.10),
(4814, 14, 120, 0.16),
(4815, 18, 120, 0.40),
(4816, 19, 120, 0.45),
(4817, 22, 120, 0.22),
(4818, 23, 120, 0.30),
(4819, 25, 120, 0.40),
(4820, 26, 120, 0.50),
(4821, 15, 120, 0.22),
(4822, 16, 120, 0.28),
(4823, 17, 120, 0.35),
(4824, 20, 120, 0.50),
(4825, 21, 120, 0.20),
(4826, 24, 120, 0.32),
(4827, 27, 120, 0.55),
(4828, 29, 120, 0.55),
(4829, 30, 120, 0.65),
(4830, 28, 120, 0.60),
(4831, 31, 120, 0.75),
(4832, 32, 120, 0.85),
(4833, 34, 120, 1.05),
(4834, 35, 120, 1.50),
(4835, 37, 120, 1.20),
(4836, 39, 120, 3.00),
(4837, 33, 120, 0.95),
(4838, 36, 120, 1.00),
(4839, 38, 120, 1.50),
(4840, 40, 120, 5.00),
(4841, 1, 121, 0.04),
(4842, 2, 121, 0.06),
(4843, 3, 121, 0.08),
(4844, 4, 121, 0.10),
(4845, 5, 121, 0.12),
(4846, 6, 121, 0.14),
(4847, 9, 121, 0.25),
(4848, 12, 121, 0.12),
(4849, 13, 121, 0.14),
(4850, 7, 121, 0.18),
(4851, 8, 121, 0.22),
(4852, 10, 121, 0.08),
(4853, 11, 121, 0.10),
(4854, 14, 121, 0.16),
(4855, 18, 121, 0.40),
(4856, 19, 121, 0.45),
(4857, 22, 121, 0.22),
(4858, 23, 121, 0.30),
(4859, 25, 121, 0.40),
(4860, 26, 121, 0.50),
(4861, 15, 121, 0.22),
(4862, 16, 121, 0.28),
(4863, 17, 121, 0.35),
(4864, 20, 121, 0.50),
(4865, 21, 121, 0.20),
(4866, 24, 121, 0.32),
(4867, 27, 121, 0.55),
(4868, 29, 121, 0.55),
(4869, 30, 121, 0.65),
(4870, 28, 121, 0.60),
(4871, 31, 121, 0.75),
(4872, 32, 121, 0.85),
(4873, 34, 121, 1.05),
(4874, 35, 121, 1.50),
(4875, 37, 121, 1.20),
(4876, 39, 121, 3.00),
(4877, 33, 121, 0.95),
(4878, 36, 121, 1.00),
(4879, 38, 121, 1.50),
(4880, 40, 121, 5.00),
(4881, 1, 122, 0.04),
(4882, 2, 122, 0.06),
(4883, 3, 122, 0.08),
(4884, 4, 122, 0.10),
(4885, 5, 122, 0.12),
(4886, 6, 122, 0.14),
(4887, 9, 122, 0.25),
(4888, 12, 122, 0.12),
(4889, 13, 122, 0.14),
(4890, 7, 122, 0.18),
(4891, 8, 122, 0.22),
(4892, 10, 122, 0.08),
(4893, 11, 122, 0.10),
(4894, 14, 122, 0.16),
(4895, 18, 122, 0.40),
(4896, 19, 122, 0.45),
(4897, 22, 122, 0.22),
(4898, 23, 122, 0.30),
(4899, 25, 122, 0.40),
(4900, 26, 122, 0.50),
(4901, 15, 122, 0.22),
(4902, 16, 122, 0.28),
(4903, 17, 122, 0.35),
(4904, 20, 122, 0.50),
(4905, 21, 122, 0.20),
(4906, 24, 122, 0.32),
(4907, 27, 122, 0.55),
(4908, 29, 122, 0.55),
(4909, 30, 122, 0.65),
(4910, 28, 122, 0.60),
(4911, 31, 122, 0.75),
(4912, 32, 122, 0.85),
(4913, 34, 122, 1.05),
(4914, 35, 122, 1.50),
(4915, 37, 122, 1.20),
(4916, 39, 122, 3.00),
(4917, 33, 122, 0.95),
(4918, 36, 122, 1.00),
(4919, 38, 122, 1.50),
(4920, 40, 122, 5.00),
(4921, 1, 123, 0.04),
(4922, 2, 123, 0.06),
(4923, 3, 123, 0.08),
(4924, 4, 123, 0.10),
(4925, 5, 123, 0.12),
(4926, 6, 123, 0.14),
(4927, 9, 123, 0.25),
(4928, 12, 123, 0.12),
(4929, 13, 123, 0.14),
(4930, 7, 123, 0.18),
(4931, 8, 123, 0.22),
(4932, 10, 123, 0.08),
(4933, 11, 123, 0.10),
(4934, 14, 123, 0.16),
(4935, 18, 123, 0.40),
(4936, 19, 123, 0.45),
(4937, 22, 123, 0.22),
(4938, 23, 123, 0.30),
(4939, 25, 123, 0.40),
(4940, 26, 123, 0.50),
(4941, 15, 123, 0.22),
(4942, 16, 123, 0.28),
(4943, 17, 123, 0.35),
(4944, 20, 123, 0.50),
(4945, 21, 123, 0.20),
(4946, 24, 123, 0.32),
(4947, 27, 123, 0.55),
(4948, 29, 123, 0.55),
(4949, 30, 123, 0.65),
(4950, 28, 123, 0.60),
(4951, 31, 123, 0.75),
(4952, 32, 123, 0.85),
(4953, 34, 123, 1.05),
(4954, 35, 123, 1.50),
(4955, 37, 123, 1.20),
(4956, 39, 123, 3.00),
(4957, 33, 123, 0.95),
(4958, 36, 123, 1.00),
(4959, 38, 123, 1.50),
(4960, 40, 123, 5.00),
(4961, 1, 124, 0.04),
(4962, 2, 124, 0.06),
(4963, 3, 124, 0.08),
(4964, 4, 124, 0.10),
(4965, 5, 124, 0.12),
(4966, 6, 124, 0.14),
(4967, 9, 124, 0.25),
(4968, 12, 124, 0.12),
(4969, 13, 124, 0.14),
(4970, 7, 124, 0.18),
(4971, 8, 124, 0.22),
(4972, 10, 124, 0.08),
(4973, 11, 124, 0.10),
(4974, 14, 124, 0.16),
(4975, 18, 124, 0.40),
(4976, 19, 124, 0.45),
(4977, 22, 124, 0.22),
(4978, 23, 124, 0.30),
(4979, 25, 124, 0.40),
(4980, 26, 124, 0.50),
(4981, 15, 124, 0.22),
(4982, 16, 124, 0.28),
(4983, 17, 124, 0.35),
(4984, 20, 124, 0.50),
(4985, 21, 124, 0.20),
(4986, 24, 124, 0.32),
(4987, 27, 124, 0.55),
(4988, 29, 124, 0.55),
(4989, 30, 124, 0.65),
(4990, 28, 124, 0.60),
(4991, 31, 124, 0.75),
(4992, 32, 124, 0.85),
(4993, 34, 124, 1.05),
(4994, 35, 124, 1.50),
(4995, 37, 124, 1.20),
(4996, 39, 124, 3.00),
(4997, 33, 124, 0.95),
(4998, 36, 124, 1.00),
(4999, 38, 124, 1.50),
(5000, 40, 124, 5.00),
(5001, 1, 125, 0.04),
(5002, 2, 125, 0.06),
(5003, 3, 125, 0.08),
(5004, 4, 125, 0.10),
(5005, 5, 125, 0.12),
(5006, 6, 125, 0.14),
(5007, 9, 125, 0.25),
(5008, 12, 125, 0.12),
(5009, 13, 125, 0.14),
(5010, 7, 125, 0.18),
(5011, 8, 125, 0.22),
(5012, 10, 125, 0.08),
(5013, 11, 125, 0.10),
(5014, 14, 125, 0.16),
(5015, 18, 125, 0.40),
(5016, 19, 125, 0.45),
(5017, 22, 125, 0.22),
(5018, 23, 125, 0.30),
(5019, 25, 125, 0.40),
(5020, 26, 125, 0.50),
(5021, 15, 125, 0.22),
(5022, 16, 125, 0.28),
(5023, 17, 125, 0.35),
(5024, 20, 125, 0.50),
(5025, 21, 125, 0.20),
(5026, 24, 125, 0.32),
(5027, 27, 125, 0.55),
(5028, 29, 125, 0.55),
(5029, 30, 125, 0.65),
(5030, 28, 125, 0.60),
(5031, 31, 125, 0.75),
(5032, 32, 125, 0.85),
(5033, 34, 125, 1.05),
(5034, 35, 125, 1.50),
(5035, 37, 125, 1.20),
(5036, 39, 125, 3.00),
(5037, 33, 125, 0.95),
(5038, 36, 125, 1.00),
(5039, 38, 125, 1.50),
(5040, 40, 125, 5.00),
(5041, 1, 126, 0.04),
(5042, 2, 126, 0.06),
(5043, 3, 126, 0.08),
(5044, 4, 126, 0.10),
(5045, 5, 126, 0.12),
(5046, 6, 126, 0.14),
(5047, 9, 126, 0.25),
(5048, 12, 126, 0.12),
(5049, 13, 126, 0.14),
(5050, 7, 126, 0.18),
(5051, 8, 126, 0.22),
(5052, 10, 126, 0.08),
(5053, 11, 126, 0.10),
(5054, 14, 126, 0.16),
(5055, 18, 126, 0.40),
(5056, 19, 126, 0.45),
(5057, 22, 126, 0.22),
(5058, 23, 126, 0.30),
(5059, 25, 126, 0.40),
(5060, 26, 126, 0.50),
(5061, 15, 126, 0.22),
(5062, 16, 126, 0.28),
(5063, 17, 126, 0.35),
(5064, 20, 126, 0.50),
(5065, 21, 126, 0.20),
(5066, 24, 126, 0.32),
(5067, 27, 126, 0.55),
(5068, 29, 126, 0.55),
(5069, 30, 126, 0.65),
(5070, 28, 126, 0.60),
(5071, 31, 126, 0.75);
INSERT INTO `Item` (`id_Item`, `shape_id`, `color_id`, `price`) VALUES
(5072, 32, 126, 0.85),
(5073, 34, 126, 1.05),
(5074, 35, 126, 1.50),
(5075, 37, 126, 1.20),
(5076, 39, 126, 3.00),
(5077, 33, 126, 0.95),
(5078, 36, 126, 1.00),
(5079, 38, 126, 1.50),
(5080, 40, 126, 5.00),
(5081, 1, 127, 0.04),
(5082, 2, 127, 0.06),
(5083, 3, 127, 0.08),
(5084, 4, 127, 0.10),
(5085, 5, 127, 0.12),
(5086, 6, 127, 0.14),
(5087, 9, 127, 0.25),
(5088, 12, 127, 0.12),
(5089, 13, 127, 0.14),
(5090, 7, 127, 0.18),
(5091, 8, 127, 0.22),
(5092, 10, 127, 0.08),
(5093, 11, 127, 0.10),
(5094, 14, 127, 0.16),
(5095, 18, 127, 0.40),
(5096, 19, 127, 0.45),
(5097, 22, 127, 0.22),
(5098, 23, 127, 0.30),
(5099, 25, 127, 0.40),
(5100, 26, 127, 0.50),
(5101, 15, 127, 0.22),
(5102, 16, 127, 0.28),
(5103, 17, 127, 0.35),
(5104, 20, 127, 0.50),
(5105, 21, 127, 0.20),
(5106, 24, 127, 0.32),
(5107, 27, 127, 0.55),
(5108, 29, 127, 0.55),
(5109, 30, 127, 0.65),
(5110, 28, 127, 0.60),
(5111, 31, 127, 0.75),
(5112, 32, 127, 0.85),
(5113, 34, 127, 1.05),
(5114, 35, 127, 1.50),
(5115, 37, 127, 1.20),
(5116, 39, 127, 3.00),
(5117, 33, 127, 0.95),
(5118, 36, 127, 1.00),
(5119, 38, 127, 1.50),
(5120, 40, 127, 5.00),
(5121, 1, 128, 0.04),
(5122, 2, 128, 0.06),
(5123, 3, 128, 0.08),
(5124, 4, 128, 0.10),
(5125, 5, 128, 0.12),
(5126, 6, 128, 0.14),
(5127, 9, 128, 0.25),
(5128, 12, 128, 0.12),
(5129, 13, 128, 0.14),
(5130, 7, 128, 0.18),
(5131, 8, 128, 0.22),
(5132, 10, 128, 0.08),
(5133, 11, 128, 0.10),
(5134, 14, 128, 0.16),
(5135, 18, 128, 0.40),
(5136, 19, 128, 0.45),
(5137, 22, 128, 0.22),
(5138, 23, 128, 0.30),
(5139, 25, 128, 0.40),
(5140, 26, 128, 0.50),
(5141, 15, 128, 0.22),
(5142, 16, 128, 0.28),
(5143, 17, 128, 0.35),
(5144, 20, 128, 0.50),
(5145, 21, 128, 0.20),
(5146, 24, 128, 0.32),
(5147, 27, 128, 0.55),
(5148, 29, 128, 0.55),
(5149, 30, 128, 0.65),
(5150, 28, 128, 0.60),
(5151, 31, 128, 0.75),
(5152, 32, 128, 0.85),
(5153, 34, 128, 1.05),
(5154, 35, 128, 1.50),
(5155, 37, 128, 1.20),
(5156, 39, 128, 3.00),
(5157, 33, 128, 0.95),
(5158, 36, 128, 1.00),
(5159, 38, 128, 1.50),
(5160, 40, 128, 5.00),
(5161, 1, 129, 0.04),
(5162, 2, 129, 0.06),
(5163, 3, 129, 0.08),
(5164, 4, 129, 0.10),
(5165, 5, 129, 0.12),
(5166, 6, 129, 0.14),
(5167, 9, 129, 0.25),
(5168, 12, 129, 0.12),
(5169, 13, 129, 0.14),
(5170, 7, 129, 0.18),
(5171, 8, 129, 0.22),
(5172, 10, 129, 0.08),
(5173, 11, 129, 0.10),
(5174, 14, 129, 0.16),
(5175, 18, 129, 0.40),
(5176, 19, 129, 0.45),
(5177, 22, 129, 0.22),
(5178, 23, 129, 0.30),
(5179, 25, 129, 0.40),
(5180, 26, 129, 0.50),
(5181, 15, 129, 0.22),
(5182, 16, 129, 0.28),
(5183, 17, 129, 0.35),
(5184, 20, 129, 0.50),
(5185, 21, 129, 0.20),
(5186, 24, 129, 0.32),
(5187, 27, 129, 0.55),
(5188, 29, 129, 0.55),
(5189, 30, 129, 0.65),
(5190, 28, 129, 0.60),
(5191, 31, 129, 0.75),
(5192, 32, 129, 0.85),
(5193, 34, 129, 1.05),
(5194, 35, 129, 1.50),
(5195, 37, 129, 1.20),
(5196, 39, 129, 3.00),
(5197, 33, 129, 0.95),
(5198, 36, 129, 1.00),
(5199, 38, 129, 1.50),
(5200, 40, 129, 5.00),
(5201, 1, 130, 0.04),
(5202, 2, 130, 0.06),
(5203, 3, 130, 0.08),
(5204, 4, 130, 0.10),
(5205, 5, 130, 0.12),
(5206, 6, 130, 0.14),
(5207, 9, 130, 0.25),
(5208, 12, 130, 0.12),
(5209, 13, 130, 0.14),
(5210, 7, 130, 0.18),
(5211, 8, 130, 0.22),
(5212, 10, 130, 0.08),
(5213, 11, 130, 0.10),
(5214, 14, 130, 0.16),
(5215, 18, 130, 0.40),
(5216, 19, 130, 0.45),
(5217, 22, 130, 0.22),
(5218, 23, 130, 0.30),
(5219, 25, 130, 0.40),
(5220, 26, 130, 0.50),
(5221, 15, 130, 0.22),
(5222, 16, 130, 0.28),
(5223, 17, 130, 0.35),
(5224, 20, 130, 0.50),
(5225, 21, 130, 0.20),
(5226, 24, 130, 0.32),
(5227, 27, 130, 0.55),
(5228, 29, 130, 0.55),
(5229, 30, 130, 0.65),
(5230, 28, 130, 0.60),
(5231, 31, 130, 0.75),
(5232, 32, 130, 0.85),
(5233, 34, 130, 1.05),
(5234, 35, 130, 1.50),
(5235, 37, 130, 1.20),
(5236, 39, 130, 3.00),
(5237, 33, 130, 0.95),
(5238, 36, 130, 1.00),
(5239, 38, 130, 1.50),
(5240, 40, 130, 5.00),
(5241, 1, 131, 0.04),
(5242, 2, 131, 0.06),
(5243, 3, 131, 0.08),
(5244, 4, 131, 0.10),
(5245, 5, 131, 0.12),
(5246, 6, 131, 0.14),
(5247, 9, 131, 0.25),
(5248, 12, 131, 0.12),
(5249, 13, 131, 0.14),
(5250, 7, 131, 0.18),
(5251, 8, 131, 0.22),
(5252, 10, 131, 0.08),
(5253, 11, 131, 0.10),
(5254, 14, 131, 0.16),
(5255, 18, 131, 0.40),
(5256, 19, 131, 0.45),
(5257, 22, 131, 0.22),
(5258, 23, 131, 0.30),
(5259, 25, 131, 0.40),
(5260, 26, 131, 0.50),
(5261, 15, 131, 0.22),
(5262, 16, 131, 0.28),
(5263, 17, 131, 0.35),
(5264, 20, 131, 0.50),
(5265, 21, 131, 0.20),
(5266, 24, 131, 0.32),
(5267, 27, 131, 0.55),
(5268, 29, 131, 0.55),
(5269, 30, 131, 0.65),
(5270, 28, 131, 0.60),
(5271, 31, 131, 0.75),
(5272, 32, 131, 0.85),
(5273, 34, 131, 1.05),
(5274, 35, 131, 1.50),
(5275, 37, 131, 1.20),
(5276, 39, 131, 3.00),
(5277, 33, 131, 0.95),
(5278, 36, 131, 1.00),
(5279, 38, 131, 1.50),
(5280, 40, 131, 5.00),
(5281, 1, 132, 0.04),
(5282, 2, 132, 0.06),
(5283, 3, 132, 0.08),
(5284, 4, 132, 0.10),
(5285, 5, 132, 0.12),
(5286, 6, 132, 0.14),
(5287, 9, 132, 0.25),
(5288, 12, 132, 0.12),
(5289, 13, 132, 0.14),
(5290, 7, 132, 0.18),
(5291, 8, 132, 0.22),
(5292, 10, 132, 0.08),
(5293, 11, 132, 0.10),
(5294, 14, 132, 0.16),
(5295, 18, 132, 0.40),
(5296, 19, 132, 0.45),
(5297, 22, 132, 0.22),
(5298, 23, 132, 0.30),
(5299, 25, 132, 0.40),
(5300, 26, 132, 0.50),
(5301, 15, 132, 0.22),
(5302, 16, 132, 0.28),
(5303, 17, 132, 0.35),
(5304, 20, 132, 0.50),
(5305, 21, 132, 0.20),
(5306, 24, 132, 0.32),
(5307, 27, 132, 0.55),
(5308, 29, 132, 0.55),
(5309, 30, 132, 0.65),
(5310, 28, 132, 0.60),
(5311, 31, 132, 0.75),
(5312, 32, 132, 0.85),
(5313, 34, 132, 1.05),
(5314, 35, 132, 1.50),
(5315, 37, 132, 1.20),
(5316, 39, 132, 3.00),
(5317, 33, 132, 0.95),
(5318, 36, 132, 1.00),
(5319, 38, 132, 1.50),
(5320, 40, 132, 5.00),
(5321, 1, 133, 0.04),
(5322, 2, 133, 0.06),
(5323, 3, 133, 0.08),
(5324, 4, 133, 0.10),
(5325, 5, 133, 0.12),
(5326, 6, 133, 0.14),
(5327, 9, 133, 0.25),
(5328, 12, 133, 0.12),
(5329, 13, 133, 0.14),
(5330, 7, 133, 0.18),
(5331, 8, 133, 0.22),
(5332, 10, 133, 0.08),
(5333, 11, 133, 0.10),
(5334, 14, 133, 0.16),
(5335, 18, 133, 0.40),
(5336, 19, 133, 0.45),
(5337, 22, 133, 0.22),
(5338, 23, 133, 0.30),
(5339, 25, 133, 0.40),
(5340, 26, 133, 0.50),
(5341, 15, 133, 0.22),
(5342, 16, 133, 0.28),
(5343, 17, 133, 0.35),
(5344, 20, 133, 0.50),
(5345, 21, 133, 0.20),
(5346, 24, 133, 0.32),
(5347, 27, 133, 0.55),
(5348, 29, 133, 0.55),
(5349, 30, 133, 0.65),
(5350, 28, 133, 0.60),
(5351, 31, 133, 0.75),
(5352, 32, 133, 0.85),
(5353, 34, 133, 1.05),
(5354, 35, 133, 1.50),
(5355, 37, 133, 1.20),
(5356, 39, 133, 3.00),
(5357, 33, 133, 0.95),
(5358, 36, 133, 1.00),
(5359, 38, 133, 1.50),
(5360, 40, 133, 5.00),
(5361, 1, 134, 0.04),
(5362, 2, 134, 0.06),
(5363, 3, 134, 0.08),
(5364, 4, 134, 0.10),
(5365, 5, 134, 0.12),
(5366, 6, 134, 0.14),
(5367, 9, 134, 0.25),
(5368, 12, 134, 0.12),
(5369, 13, 134, 0.14),
(5370, 7, 134, 0.18),
(5371, 8, 134, 0.22),
(5372, 10, 134, 0.08),
(5373, 11, 134, 0.10),
(5374, 14, 134, 0.16),
(5375, 18, 134, 0.40),
(5376, 19, 134, 0.45),
(5377, 22, 134, 0.22),
(5378, 23, 134, 0.30),
(5379, 25, 134, 0.40),
(5380, 26, 134, 0.50),
(5381, 15, 134, 0.22),
(5382, 16, 134, 0.28),
(5383, 17, 134, 0.35),
(5384, 20, 134, 0.50),
(5385, 21, 134, 0.20),
(5386, 24, 134, 0.32),
(5387, 27, 134, 0.55),
(5388, 29, 134, 0.55),
(5389, 30, 134, 0.65),
(5390, 28, 134, 0.60),
(5391, 31, 134, 0.75),
(5392, 32, 134, 0.85),
(5393, 34, 134, 1.05),
(5394, 35, 134, 1.50),
(5395, 37, 134, 1.20),
(5396, 39, 134, 3.00),
(5397, 33, 134, 0.95),
(5398, 36, 134, 1.00),
(5399, 38, 134, 1.50),
(5400, 40, 134, 5.00),
(5401, 1, 135, 0.04),
(5402, 2, 135, 0.06),
(5403, 3, 135, 0.08),
(5404, 4, 135, 0.10),
(5405, 5, 135, 0.12),
(5406, 6, 135, 0.14),
(5407, 9, 135, 0.25),
(5408, 12, 135, 0.12),
(5409, 13, 135, 0.14),
(5410, 7, 135, 0.18),
(5411, 8, 135, 0.22),
(5412, 10, 135, 0.08),
(5413, 11, 135, 0.10),
(5414, 14, 135, 0.16),
(5415, 18, 135, 0.40),
(5416, 19, 135, 0.45),
(5417, 22, 135, 0.22),
(5418, 23, 135, 0.30),
(5419, 25, 135, 0.40),
(5420, 26, 135, 0.50),
(5421, 15, 135, 0.22),
(5422, 16, 135, 0.28),
(5423, 17, 135, 0.35),
(5424, 20, 135, 0.50),
(5425, 21, 135, 0.20),
(5426, 24, 135, 0.32),
(5427, 27, 135, 0.55),
(5428, 29, 135, 0.55),
(5429, 30, 135, 0.65),
(5430, 28, 135, 0.60),
(5431, 31, 135, 0.75),
(5432, 32, 135, 0.85),
(5433, 34, 135, 1.05),
(5434, 35, 135, 1.50),
(5435, 37, 135, 1.20),
(5436, 39, 135, 3.00),
(5437, 33, 135, 0.95),
(5438, 36, 135, 1.00),
(5439, 38, 135, 1.50),
(5440, 40, 135, 5.00),
(5441, 1, 136, 0.04),
(5442, 2, 136, 0.06),
(5443, 3, 136, 0.08),
(5444, 4, 136, 0.10),
(5445, 5, 136, 0.12),
(5446, 6, 136, 0.14),
(5447, 9, 136, 0.25),
(5448, 12, 136, 0.12),
(5449, 13, 136, 0.14),
(5450, 7, 136, 0.18),
(5451, 8, 136, 0.22),
(5452, 10, 136, 0.08),
(5453, 11, 136, 0.10),
(5454, 14, 136, 0.16),
(5455, 18, 136, 0.40),
(5456, 19, 136, 0.45),
(5457, 22, 136, 0.22),
(5458, 23, 136, 0.30),
(5459, 25, 136, 0.40),
(5460, 26, 136, 0.50),
(5461, 15, 136, 0.22),
(5462, 16, 136, 0.28),
(5463, 17, 136, 0.35),
(5464, 20, 136, 0.50),
(5465, 21, 136, 0.20),
(5466, 24, 136, 0.32),
(5467, 27, 136, 0.55),
(5468, 29, 136, 0.55),
(5469, 30, 136, 0.65),
(5470, 28, 136, 0.60),
(5471, 31, 136, 0.75),
(5472, 32, 136, 0.85),
(5473, 34, 136, 1.05),
(5474, 35, 136, 1.50),
(5475, 37, 136, 1.20),
(5476, 39, 136, 3.00),
(5477, 33, 136, 0.95),
(5478, 36, 136, 1.00),
(5479, 38, 136, 1.50),
(5480, 40, 136, 5.00),
(5481, 1, 137, 0.04),
(5482, 2, 137, 0.06),
(5483, 3, 137, 0.08),
(5484, 4, 137, 0.10),
(5485, 5, 137, 0.12),
(5486, 6, 137, 0.14),
(5487, 9, 137, 0.25),
(5488, 12, 137, 0.12),
(5489, 13, 137, 0.14),
(5490, 7, 137, 0.18),
(5491, 8, 137, 0.22),
(5492, 10, 137, 0.08),
(5493, 11, 137, 0.10),
(5494, 14, 137, 0.16),
(5495, 18, 137, 0.40),
(5496, 19, 137, 0.45),
(5497, 22, 137, 0.22),
(5498, 23, 137, 0.30),
(5499, 25, 137, 0.40),
(5500, 26, 137, 0.50),
(5501, 15, 137, 0.22),
(5502, 16, 137, 0.28),
(5503, 17, 137, 0.35),
(5504, 20, 137, 0.50),
(5505, 21, 137, 0.20),
(5506, 24, 137, 0.32),
(5507, 27, 137, 0.55),
(5508, 29, 137, 0.55),
(5509, 30, 137, 0.65),
(5510, 28, 137, 0.60),
(5511, 31, 137, 0.75),
(5512, 32, 137, 0.85),
(5513, 34, 137, 1.05),
(5514, 35, 137, 1.50),
(5515, 37, 137, 1.20),
(5516, 39, 137, 3.00),
(5517, 33, 137, 0.95),
(5518, 36, 137, 1.00),
(5519, 38, 137, 1.50),
(5520, 40, 137, 5.00),
(5521, 1, 138, 0.04),
(5522, 2, 138, 0.06),
(5523, 3, 138, 0.08),
(5524, 4, 138, 0.10),
(5525, 5, 138, 0.12),
(5526, 6, 138, 0.14),
(5527, 9, 138, 0.25),
(5528, 12, 138, 0.12),
(5529, 13, 138, 0.14),
(5530, 7, 138, 0.18),
(5531, 8, 138, 0.22),
(5532, 10, 138, 0.08),
(5533, 11, 138, 0.10),
(5534, 14, 138, 0.16),
(5535, 18, 138, 0.40),
(5536, 19, 138, 0.45),
(5537, 22, 138, 0.22),
(5538, 23, 138, 0.30),
(5539, 25, 138, 0.40),
(5540, 26, 138, 0.50),
(5541, 15, 138, 0.22),
(5542, 16, 138, 0.28),
(5543, 17, 138, 0.35),
(5544, 20, 138, 0.50),
(5545, 21, 138, 0.20),
(5546, 24, 138, 0.32),
(5547, 27, 138, 0.55),
(5548, 29, 138, 0.55),
(5549, 30, 138, 0.65),
(5550, 28, 138, 0.60),
(5551, 31, 138, 0.75),
(5552, 32, 138, 0.85),
(5553, 34, 138, 1.05),
(5554, 35, 138, 1.50),
(5555, 37, 138, 1.20),
(5556, 39, 138, 3.00),
(5557, 33, 138, 0.95),
(5558, 36, 138, 1.00),
(5559, 38, 138, 1.50),
(5560, 40, 138, 5.00),
(5561, 1, 139, 0.04),
(5562, 2, 139, 0.06),
(5563, 3, 139, 0.08),
(5564, 4, 139, 0.10),
(5565, 5, 139, 0.12),
(5566, 6, 139, 0.14),
(5567, 9, 139, 0.25),
(5568, 12, 139, 0.12),
(5569, 13, 139, 0.14),
(5570, 7, 139, 0.18),
(5571, 8, 139, 0.22),
(5572, 10, 139, 0.08),
(5573, 11, 139, 0.10),
(5574, 14, 139, 0.16),
(5575, 18, 139, 0.40),
(5576, 19, 139, 0.45),
(5577, 22, 139, 0.22),
(5578, 23, 139, 0.30),
(5579, 25, 139, 0.40),
(5580, 26, 139, 0.50),
(5581, 15, 139, 0.22),
(5582, 16, 139, 0.28),
(5583, 17, 139, 0.35),
(5584, 20, 139, 0.50),
(5585, 21, 139, 0.20),
(5586, 24, 139, 0.32),
(5587, 27, 139, 0.55),
(5588, 29, 139, 0.55),
(5589, 30, 139, 0.65),
(5590, 28, 139, 0.60),
(5591, 31, 139, 0.75),
(5592, 32, 139, 0.85),
(5593, 34, 139, 1.05),
(5594, 35, 139, 1.50),
(5595, 37, 139, 1.20),
(5596, 39, 139, 3.00),
(5597, 33, 139, 0.95),
(5598, 36, 139, 1.00),
(5599, 38, 139, 1.50),
(5600, 40, 139, 5.00),
(5601, 1, 140, 0.04),
(5602, 2, 140, 0.06),
(5603, 3, 140, 0.08),
(5604, 4, 140, 0.10),
(5605, 5, 140, 0.12),
(5606, 6, 140, 0.14),
(5607, 9, 140, 0.25),
(5608, 12, 140, 0.12),
(5609, 13, 140, 0.14),
(5610, 7, 140, 0.18),
(5611, 8, 140, 0.22),
(5612, 10, 140, 0.08),
(5613, 11, 140, 0.10),
(5614, 14, 140, 0.16),
(5615, 18, 140, 0.40),
(5616, 19, 140, 0.45),
(5617, 22, 140, 0.22),
(5618, 23, 140, 0.30),
(5619, 25, 140, 0.40),
(5620, 26, 140, 0.50),
(5621, 15, 140, 0.22),
(5622, 16, 140, 0.28),
(5623, 17, 140, 0.35),
(5624, 20, 140, 0.50),
(5625, 21, 140, 0.20),
(5626, 24, 140, 0.32),
(5627, 27, 140, 0.55),
(5628, 29, 140, 0.55),
(5629, 30, 140, 0.65),
(5630, 28, 140, 0.60),
(5631, 31, 140, 0.75),
(5632, 32, 140, 0.85),
(5633, 34, 140, 1.05),
(5634, 35, 140, 1.50),
(5635, 37, 140, 1.20),
(5636, 39, 140, 3.00),
(5637, 33, 140, 0.95),
(5638, 36, 140, 1.00),
(5639, 38, 140, 1.50),
(5640, 40, 140, 5.00),
(5641, 1, 141, 0.04),
(5642, 2, 141, 0.06),
(5643, 3, 141, 0.08),
(5644, 4, 141, 0.10),
(5645, 5, 141, 0.12),
(5646, 6, 141, 0.14),
(5647, 9, 141, 0.25),
(5648, 12, 141, 0.12),
(5649, 13, 141, 0.14),
(5650, 7, 141, 0.18),
(5651, 8, 141, 0.22),
(5652, 10, 141, 0.08),
(5653, 11, 141, 0.10),
(5654, 14, 141, 0.16),
(5655, 18, 141, 0.40),
(5656, 19, 141, 0.45),
(5657, 22, 141, 0.22),
(5658, 23, 141, 0.30),
(5659, 25, 141, 0.40),
(5660, 26, 141, 0.50),
(5661, 15, 141, 0.22),
(5662, 16, 141, 0.28),
(5663, 17, 141, 0.35),
(5664, 20, 141, 0.50),
(5665, 21, 141, 0.20),
(5666, 24, 141, 0.32),
(5667, 27, 141, 0.55),
(5668, 29, 141, 0.55),
(5669, 30, 141, 0.65),
(5670, 28, 141, 0.60),
(5671, 31, 141, 0.75),
(5672, 32, 141, 0.85),
(5673, 34, 141, 1.05),
(5674, 35, 141, 1.50),
(5675, 37, 141, 1.20),
(5676, 39, 141, 3.00),
(5677, 33, 141, 0.95),
(5678, 36, 141, 1.00),
(5679, 38, 141, 1.50),
(5680, 40, 141, 5.00),
(5681, 1, 142, 0.04),
(5682, 2, 142, 0.06),
(5683, 3, 142, 0.08),
(5684, 4, 142, 0.10),
(5685, 5, 142, 0.12),
(5686, 6, 142, 0.14),
(5687, 9, 142, 0.25),
(5688, 12, 142, 0.12),
(5689, 13, 142, 0.14),
(5690, 7, 142, 0.18),
(5691, 8, 142, 0.22),
(5692, 10, 142, 0.08),
(5693, 11, 142, 0.10),
(5694, 14, 142, 0.16),
(5695, 18, 142, 0.40),
(5696, 19, 142, 0.45),
(5697, 22, 142, 0.22),
(5698, 23, 142, 0.30),
(5699, 25, 142, 0.40),
(5700, 26, 142, 0.50),
(5701, 15, 142, 0.22),
(5702, 16, 142, 0.28),
(5703, 17, 142, 0.35),
(5704, 20, 142, 0.50),
(5705, 21, 142, 0.20),
(5706, 24, 142, 0.32),
(5707, 27, 142, 0.55),
(5708, 29, 142, 0.55),
(5709, 30, 142, 0.65),
(5710, 28, 142, 0.60),
(5711, 31, 142, 0.75),
(5712, 32, 142, 0.85),
(5713, 34, 142, 1.05),
(5714, 35, 142, 1.50),
(5715, 37, 142, 1.20),
(5716, 39, 142, 3.00),
(5717, 33, 142, 0.95),
(5718, 36, 142, 1.00),
(5719, 38, 142, 1.50),
(5720, 40, 142, 5.00),
(5721, 1, 143, 0.04),
(5722, 2, 143, 0.06),
(5723, 3, 143, 0.08),
(5724, 4, 143, 0.10),
(5725, 5, 143, 0.12),
(5726, 6, 143, 0.14),
(5727, 9, 143, 0.25),
(5728, 12, 143, 0.12),
(5729, 13, 143, 0.14),
(5730, 7, 143, 0.18),
(5731, 8, 143, 0.22),
(5732, 10, 143, 0.08),
(5733, 11, 143, 0.10),
(5734, 14, 143, 0.16),
(5735, 18, 143, 0.40),
(5736, 19, 143, 0.45),
(5737, 22, 143, 0.22),
(5738, 23, 143, 0.30),
(5739, 25, 143, 0.40),
(5740, 26, 143, 0.50),
(5741, 15, 143, 0.22),
(5742, 16, 143, 0.28),
(5743, 17, 143, 0.35),
(5744, 20, 143, 0.50),
(5745, 21, 143, 0.20),
(5746, 24, 143, 0.32),
(5747, 27, 143, 0.55),
(5748, 29, 143, 0.55),
(5749, 30, 143, 0.65),
(5750, 28, 143, 0.60),
(5751, 31, 143, 0.75),
(5752, 32, 143, 0.85),
(5753, 34, 143, 1.05),
(5754, 35, 143, 1.50),
(5755, 37, 143, 1.20),
(5756, 39, 143, 3.00),
(5757, 33, 143, 0.95),
(5758, 36, 143, 1.00),
(5759, 38, 143, 1.50),
(5760, 40, 143, 5.00),
(5761, 1, 144, 0.04),
(5762, 2, 144, 0.06),
(5763, 3, 144, 0.08),
(5764, 4, 144, 0.10),
(5765, 5, 144, 0.12),
(5766, 6, 144, 0.14),
(5767, 9, 144, 0.25),
(5768, 12, 144, 0.12),
(5769, 13, 144, 0.14),
(5770, 7, 144, 0.18),
(5771, 8, 144, 0.22),
(5772, 10, 144, 0.08),
(5773, 11, 144, 0.10),
(5774, 14, 144, 0.16),
(5775, 18, 144, 0.40),
(5776, 19, 144, 0.45),
(5777, 22, 144, 0.22),
(5778, 23, 144, 0.30),
(5779, 25, 144, 0.40),
(5780, 26, 144, 0.50),
(5781, 15, 144, 0.22),
(5782, 16, 144, 0.28),
(5783, 17, 144, 0.35),
(5784, 20, 144, 0.50),
(5785, 21, 144, 0.20),
(5786, 24, 144, 0.32),
(5787, 27, 144, 0.55),
(5788, 29, 144, 0.55),
(5789, 30, 144, 0.65),
(5790, 28, 144, 0.60),
(5791, 31, 144, 0.75),
(5792, 32, 144, 0.85),
(5793, 34, 144, 1.05),
(5794, 35, 144, 1.50),
(5795, 37, 144, 1.20),
(5796, 39, 144, 3.00),
(5797, 33, 144, 0.95),
(5798, 36, 144, 1.00),
(5799, 38, 144, 1.50),
(5800, 40, 144, 5.00),
(5801, 1, 145, 0.04),
(5802, 2, 145, 0.06),
(5803, 3, 145, 0.08),
(5804, 4, 145, 0.10),
(5805, 5, 145, 0.12),
(5806, 6, 145, 0.14),
(5807, 9, 145, 0.25),
(5808, 12, 145, 0.12),
(5809, 13, 145, 0.14),
(5810, 7, 145, 0.18),
(5811, 8, 145, 0.22),
(5812, 10, 145, 0.08),
(5813, 11, 145, 0.10),
(5814, 14, 145, 0.16),
(5815, 18, 145, 0.40),
(5816, 19, 145, 0.45),
(5817, 22, 145, 0.22),
(5818, 23, 145, 0.30),
(5819, 25, 145, 0.40),
(5820, 26, 145, 0.50),
(5821, 15, 145, 0.22),
(5822, 16, 145, 0.28),
(5823, 17, 145, 0.35),
(5824, 20, 145, 0.50),
(5825, 21, 145, 0.20),
(5826, 24, 145, 0.32),
(5827, 27, 145, 0.55),
(5828, 29, 145, 0.55),
(5829, 30, 145, 0.65),
(5830, 28, 145, 0.60),
(5831, 31, 145, 0.75),
(5832, 32, 145, 0.85),
(5833, 34, 145, 1.05),
(5834, 35, 145, 1.50),
(5835, 37, 145, 1.20),
(5836, 39, 145, 3.00),
(5837, 33, 145, 0.95),
(5838, 36, 145, 1.00),
(5839, 38, 145, 1.50),
(5840, 40, 145, 5.00),
(5841, 1, 146, 0.04),
(5842, 2, 146, 0.06),
(5843, 3, 146, 0.08),
(5844, 4, 146, 0.10),
(5845, 5, 146, 0.12),
(5846, 6, 146, 0.14),
(5847, 9, 146, 0.25),
(5848, 12, 146, 0.12),
(5849, 13, 146, 0.14),
(5850, 7, 146, 0.18),
(5851, 8, 146, 0.22),
(5852, 10, 146, 0.08),
(5853, 11, 146, 0.10),
(5854, 14, 146, 0.16),
(5855, 18, 146, 0.40),
(5856, 19, 146, 0.45),
(5857, 22, 146, 0.22),
(5858, 23, 146, 0.30),
(5859, 25, 146, 0.40),
(5860, 26, 146, 0.50),
(5861, 15, 146, 0.22),
(5862, 16, 146, 0.28),
(5863, 17, 146, 0.35),
(5864, 20, 146, 0.50),
(5865, 21, 146, 0.20),
(5866, 24, 146, 0.32),
(5867, 27, 146, 0.55),
(5868, 29, 146, 0.55),
(5869, 30, 146, 0.65),
(5870, 28, 146, 0.60),
(5871, 31, 146, 0.75),
(5872, 32, 146, 0.85),
(5873, 34, 146, 1.05),
(5874, 35, 146, 1.50),
(5875, 37, 146, 1.20),
(5876, 39, 146, 3.00),
(5877, 33, 146, 0.95),
(5878, 36, 146, 1.00),
(5879, 38, 146, 1.50),
(5880, 40, 146, 5.00),
(5881, 1, 147, 0.04),
(5882, 2, 147, 0.06),
(5883, 3, 147, 0.08),
(5884, 4, 147, 0.10),
(5885, 5, 147, 0.12),
(5886, 6, 147, 0.14),
(5887, 9, 147, 0.25),
(5888, 12, 147, 0.12),
(5889, 13, 147, 0.14),
(5890, 7, 147, 0.18),
(5891, 8, 147, 0.22),
(5892, 10, 147, 0.08),
(5893, 11, 147, 0.10),
(5894, 14, 147, 0.16),
(5895, 18, 147, 0.40),
(5896, 19, 147, 0.45),
(5897, 22, 147, 0.22),
(5898, 23, 147, 0.30),
(5899, 25, 147, 0.40),
(5900, 26, 147, 0.50),
(5901, 15, 147, 0.22),
(5902, 16, 147, 0.28),
(5903, 17, 147, 0.35),
(5904, 20, 147, 0.50),
(5905, 21, 147, 0.20),
(5906, 24, 147, 0.32),
(5907, 27, 147, 0.55),
(5908, 29, 147, 0.55),
(5909, 30, 147, 0.65),
(5910, 28, 147, 0.60),
(5911, 31, 147, 0.75),
(5912, 32, 147, 0.85),
(5913, 34, 147, 1.05),
(5914, 35, 147, 1.50),
(5915, 37, 147, 1.20),
(5916, 39, 147, 3.00),
(5917, 33, 147, 0.95),
(5918, 36, 147, 1.00),
(5919, 38, 147, 1.50),
(5920, 40, 147, 5.00),
(5921, 1, 148, 0.04),
(5922, 2, 148, 0.06),
(5923, 3, 148, 0.08),
(5924, 4, 148, 0.10),
(5925, 5, 148, 0.12),
(5926, 6, 148, 0.14),
(5927, 9, 148, 0.25),
(5928, 12, 148, 0.12),
(5929, 13, 148, 0.14),
(5930, 7, 148, 0.18),
(5931, 8, 148, 0.22),
(5932, 10, 148, 0.08),
(5933, 11, 148, 0.10),
(5934, 14, 148, 0.16),
(5935, 18, 148, 0.40),
(5936, 19, 148, 0.45),
(5937, 22, 148, 0.22),
(5938, 23, 148, 0.30),
(5939, 25, 148, 0.40),
(5940, 26, 148, 0.50),
(5941, 15, 148, 0.22),
(5942, 16, 148, 0.28),
(5943, 17, 148, 0.35),
(5944, 20, 148, 0.50),
(5945, 21, 148, 0.20),
(5946, 24, 148, 0.32),
(5947, 27, 148, 0.55),
(5948, 29, 148, 0.55),
(5949, 30, 148, 0.65),
(5950, 28, 148, 0.60),
(5951, 31, 148, 0.75),
(5952, 32, 148, 0.85),
(5953, 34, 148, 1.05),
(5954, 35, 148, 1.50),
(5955, 37, 148, 1.20),
(5956, 39, 148, 3.00),
(5957, 33, 148, 0.95),
(5958, 36, 148, 1.00),
(5959, 38, 148, 1.50),
(5960, 40, 148, 5.00),
(5961, 1, 149, 0.04),
(5962, 2, 149, 0.06),
(5963, 3, 149, 0.08),
(5964, 4, 149, 0.10),
(5965, 5, 149, 0.12),
(5966, 6, 149, 0.14),
(5967, 9, 149, 0.25),
(5968, 12, 149, 0.12),
(5969, 13, 149, 0.14),
(5970, 7, 149, 0.18),
(5971, 8, 149, 0.22),
(5972, 10, 149, 0.08),
(5973, 11, 149, 0.10),
(5974, 14, 149, 0.16),
(5975, 18, 149, 0.40),
(5976, 19, 149, 0.45),
(5977, 22, 149, 0.22),
(5978, 23, 149, 0.30),
(5979, 25, 149, 0.40),
(5980, 26, 149, 0.50),
(5981, 15, 149, 0.22),
(5982, 16, 149, 0.28),
(5983, 17, 149, 0.35),
(5984, 20, 149, 0.50),
(5985, 21, 149, 0.20),
(5986, 24, 149, 0.32),
(5987, 27, 149, 0.55),
(5988, 29, 149, 0.55),
(5989, 30, 149, 0.65),
(5990, 28, 149, 0.60),
(5991, 31, 149, 0.75),
(5992, 32, 149, 0.85),
(5993, 34, 149, 1.05),
(5994, 35, 149, 1.50),
(5995, 37, 149, 1.20),
(5996, 39, 149, 3.00),
(5997, 33, 149, 0.95),
(5998, 36, 149, 1.00),
(5999, 38, 149, 1.50),
(6000, 40, 149, 5.00),
(6001, 1, 150, 0.04),
(6002, 2, 150, 0.06),
(6003, 3, 150, 0.08),
(6004, 4, 150, 0.10),
(6005, 5, 150, 0.12),
(6006, 6, 150, 0.14),
(6007, 9, 150, 0.25),
(6008, 12, 150, 0.12),
(6009, 13, 150, 0.14),
(6010, 7, 150, 0.18),
(6011, 8, 150, 0.22),
(6012, 10, 150, 0.08),
(6013, 11, 150, 0.10),
(6014, 14, 150, 0.16),
(6015, 18, 150, 0.40),
(6016, 19, 150, 0.45),
(6017, 22, 150, 0.22),
(6018, 23, 150, 0.30),
(6019, 25, 150, 0.40),
(6020, 26, 150, 0.50),
(6021, 15, 150, 0.22),
(6022, 16, 150, 0.28),
(6023, 17, 150, 0.35),
(6024, 20, 150, 0.50),
(6025, 21, 150, 0.20),
(6026, 24, 150, 0.32),
(6027, 27, 150, 0.55),
(6028, 29, 150, 0.55),
(6029, 30, 150, 0.65),
(6030, 28, 150, 0.60),
(6031, 31, 150, 0.75),
(6032, 32, 150, 0.85),
(6033, 34, 150, 1.05),
(6034, 35, 150, 1.50),
(6035, 37, 150, 1.20),
(6036, 39, 150, 3.00),
(6037, 33, 150, 0.95),
(6038, 36, 150, 1.00),
(6039, 38, 150, 1.50),
(6040, 40, 150, 5.00),
(6041, 1, 151, 0.04),
(6042, 2, 151, 0.06),
(6043, 3, 151, 0.08),
(6044, 4, 151, 0.10),
(6045, 5, 151, 0.12),
(6046, 6, 151, 0.14),
(6047, 9, 151, 0.25),
(6048, 12, 151, 0.12),
(6049, 13, 151, 0.14),
(6050, 7, 151, 0.18),
(6051, 8, 151, 0.22),
(6052, 10, 151, 0.08),
(6053, 11, 151, 0.10),
(6054, 14, 151, 0.16),
(6055, 18, 151, 0.40),
(6056, 19, 151, 0.45),
(6057, 22, 151, 0.22),
(6058, 23, 151, 0.30),
(6059, 25, 151, 0.40),
(6060, 26, 151, 0.50),
(6061, 15, 151, 0.22),
(6062, 16, 151, 0.28),
(6063, 17, 151, 0.35),
(6064, 20, 151, 0.50),
(6065, 21, 151, 0.20),
(6066, 24, 151, 0.32),
(6067, 27, 151, 0.55),
(6068, 29, 151, 0.55),
(6069, 30, 151, 0.65),
(6070, 28, 151, 0.60),
(6071, 31, 151, 0.75),
(6072, 32, 151, 0.85),
(6073, 34, 151, 1.05),
(6074, 35, 151, 1.50),
(6075, 37, 151, 1.20),
(6076, 39, 151, 3.00),
(6077, 33, 151, 0.95),
(6078, 36, 151, 1.00),
(6079, 38, 151, 1.50),
(6080, 40, 151, 5.00),
(6081, 1, 152, 0.04),
(6082, 2, 152, 0.06),
(6083, 3, 152, 0.08),
(6084, 4, 152, 0.10),
(6085, 5, 152, 0.12),
(6086, 6, 152, 0.14),
(6087, 9, 152, 0.25),
(6088, 12, 152, 0.12),
(6089, 13, 152, 0.14),
(6090, 7, 152, 0.18),
(6091, 8, 152, 0.22),
(6092, 10, 152, 0.08),
(6093, 11, 152, 0.10),
(6094, 14, 152, 0.16),
(6095, 18, 152, 0.40),
(6096, 19, 152, 0.45),
(6097, 22, 152, 0.22),
(6098, 23, 152, 0.30),
(6099, 25, 152, 0.40),
(6100, 26, 152, 0.50),
(6101, 15, 152, 0.22),
(6102, 16, 152, 0.28),
(6103, 17, 152, 0.35),
(6104, 20, 152, 0.50),
(6105, 21, 152, 0.20),
(6106, 24, 152, 0.32),
(6107, 27, 152, 0.55),
(6108, 29, 152, 0.55),
(6109, 30, 152, 0.65),
(6110, 28, 152, 0.60),
(6111, 31, 152, 0.75),
(6112, 32, 152, 0.85),
(6113, 34, 152, 1.05),
(6114, 35, 152, 1.50),
(6115, 37, 152, 1.20),
(6116, 39, 152, 3.00),
(6117, 33, 152, 0.95),
(6118, 36, 152, 1.00),
(6119, 38, 152, 1.50),
(6120, 40, 152, 5.00),
(6121, 1, 153, 0.04),
(6122, 2, 153, 0.06),
(6123, 3, 153, 0.08),
(6124, 4, 153, 0.10),
(6125, 5, 153, 0.12),
(6126, 6, 153, 0.14),
(6127, 9, 153, 0.25),
(6128, 12, 153, 0.12),
(6129, 13, 153, 0.14),
(6130, 7, 153, 0.18),
(6131, 8, 153, 0.22),
(6132, 10, 153, 0.08),
(6133, 11, 153, 0.10),
(6134, 14, 153, 0.16),
(6135, 18, 153, 0.40),
(6136, 19, 153, 0.45),
(6137, 22, 153, 0.22),
(6138, 23, 153, 0.30),
(6139, 25, 153, 0.40),
(6140, 26, 153, 0.50),
(6141, 15, 153, 0.22),
(6142, 16, 153, 0.28),
(6143, 17, 153, 0.35),
(6144, 20, 153, 0.50),
(6145, 21, 153, 0.20),
(6146, 24, 153, 0.32),
(6147, 27, 153, 0.55),
(6148, 29, 153, 0.55),
(6149, 30, 153, 0.65),
(6150, 28, 153, 0.60),
(6151, 31, 153, 0.75),
(6152, 32, 153, 0.85),
(6153, 34, 153, 1.05),
(6154, 35, 153, 1.50),
(6155, 37, 153, 1.20),
(6156, 39, 153, 3.00),
(6157, 33, 153, 0.95),
(6158, 36, 153, 1.00),
(6159, 38, 153, 1.50),
(6160, 40, 153, 5.00),
(6161, 1, 154, 0.04),
(6162, 2, 154, 0.06),
(6163, 3, 154, 0.08),
(6164, 4, 154, 0.10),
(6165, 5, 154, 0.12),
(6166, 6, 154, 0.14),
(6167, 9, 154, 0.25),
(6168, 12, 154, 0.12),
(6169, 13, 154, 0.14),
(6170, 7, 154, 0.18),
(6171, 8, 154, 0.22),
(6172, 10, 154, 0.08),
(6173, 11, 154, 0.10),
(6174, 14, 154, 0.16),
(6175, 18, 154, 0.40),
(6176, 19, 154, 0.45),
(6177, 22, 154, 0.22),
(6178, 23, 154, 0.30),
(6179, 25, 154, 0.40),
(6180, 26, 154, 0.50),
(6181, 15, 154, 0.22),
(6182, 16, 154, 0.28),
(6183, 17, 154, 0.35),
(6184, 20, 154, 0.50),
(6185, 21, 154, 0.20),
(6186, 24, 154, 0.32),
(6187, 27, 154, 0.55),
(6188, 29, 154, 0.55),
(6189, 30, 154, 0.65),
(6190, 28, 154, 0.60),
(6191, 31, 154, 0.75),
(6192, 32, 154, 0.85),
(6193, 34, 154, 1.05),
(6194, 35, 154, 1.50),
(6195, 37, 154, 1.20),
(6196, 39, 154, 3.00),
(6197, 33, 154, 0.95),
(6198, 36, 154, 1.00),
(6199, 38, 154, 1.50),
(6200, 40, 154, 5.00),
(6201, 1, 155, 0.04),
(6202, 2, 155, 0.06),
(6203, 3, 155, 0.08),
(6204, 4, 155, 0.10),
(6205, 5, 155, 0.12),
(6206, 6, 155, 0.14),
(6207, 9, 155, 0.25),
(6208, 12, 155, 0.12),
(6209, 13, 155, 0.14),
(6210, 7, 155, 0.18),
(6211, 8, 155, 0.22),
(6212, 10, 155, 0.08),
(6213, 11, 155, 0.10),
(6214, 14, 155, 0.16),
(6215, 18, 155, 0.40),
(6216, 19, 155, 0.45),
(6217, 22, 155, 0.22),
(6218, 23, 155, 0.30),
(6219, 25, 155, 0.40),
(6220, 26, 155, 0.50),
(6221, 15, 155, 0.22),
(6222, 16, 155, 0.28),
(6223, 17, 155, 0.35),
(6224, 20, 155, 0.50),
(6225, 21, 155, 0.20),
(6226, 24, 155, 0.32),
(6227, 27, 155, 0.55),
(6228, 29, 155, 0.55),
(6229, 30, 155, 0.65),
(6230, 28, 155, 0.60),
(6231, 31, 155, 0.75),
(6232, 32, 155, 0.85),
(6233, 34, 155, 1.05),
(6234, 35, 155, 1.50),
(6235, 37, 155, 1.20),
(6236, 39, 155, 3.00),
(6237, 33, 155, 0.95),
(6238, 36, 155, 1.00),
(6239, 38, 155, 1.50),
(6240, 40, 155, 5.00),
(6241, 1, 156, 0.04),
(6242, 2, 156, 0.06),
(6243, 3, 156, 0.08),
(6244, 4, 156, 0.10),
(6245, 5, 156, 0.12),
(6246, 6, 156, 0.14),
(6247, 9, 156, 0.25),
(6248, 12, 156, 0.12),
(6249, 13, 156, 0.14),
(6250, 7, 156, 0.18),
(6251, 8, 156, 0.22),
(6252, 10, 156, 0.08),
(6253, 11, 156, 0.10),
(6254, 14, 156, 0.16),
(6255, 18, 156, 0.40),
(6256, 19, 156, 0.45),
(6257, 22, 156, 0.22),
(6258, 23, 156, 0.30),
(6259, 25, 156, 0.40),
(6260, 26, 156, 0.50),
(6261, 15, 156, 0.22),
(6262, 16, 156, 0.28),
(6263, 17, 156, 0.35),
(6264, 20, 156, 0.50),
(6265, 21, 156, 0.20),
(6266, 24, 156, 0.32),
(6267, 27, 156, 0.55),
(6268, 29, 156, 0.55),
(6269, 30, 156, 0.65),
(6270, 28, 156, 0.60),
(6271, 31, 156, 0.75),
(6272, 32, 156, 0.85),
(6273, 34, 156, 1.05),
(6274, 35, 156, 1.50),
(6275, 37, 156, 1.20),
(6276, 39, 156, 3.00),
(6277, 33, 156, 0.95),
(6278, 36, 156, 1.00),
(6279, 38, 156, 1.50),
(6280, 40, 156, 5.00),
(6281, 1, 157, 0.04),
(6282, 2, 157, 0.06),
(6283, 3, 157, 0.08),
(6284, 4, 157, 0.10),
(6285, 5, 157, 0.12),
(6286, 6, 157, 0.14),
(6287, 9, 157, 0.25),
(6288, 12, 157, 0.12),
(6289, 13, 157, 0.14),
(6290, 7, 157, 0.18),
(6291, 8, 157, 0.22),
(6292, 10, 157, 0.08),
(6293, 11, 157, 0.10),
(6294, 14, 157, 0.16),
(6295, 18, 157, 0.40),
(6296, 19, 157, 0.45),
(6297, 22, 157, 0.22),
(6298, 23, 157, 0.30),
(6299, 25, 157, 0.40),
(6300, 26, 157, 0.50),
(6301, 15, 157, 0.22),
(6302, 16, 157, 0.28),
(6303, 17, 157, 0.35),
(6304, 20, 157, 0.50),
(6305, 21, 157, 0.20),
(6306, 24, 157, 0.32),
(6307, 27, 157, 0.55),
(6308, 29, 157, 0.55),
(6309, 30, 157, 0.65),
(6310, 28, 157, 0.60),
(6311, 31, 157, 0.75),
(6312, 32, 157, 0.85),
(6313, 34, 157, 1.05),
(6314, 35, 157, 1.50),
(6315, 37, 157, 1.20),
(6316, 39, 157, 3.00),
(6317, 33, 157, 0.95),
(6318, 36, 157, 1.00),
(6319, 38, 157, 1.50),
(6320, 40, 157, 5.00),
(6321, 1, 158, 0.04),
(6322, 2, 158, 0.06),
(6323, 3, 158, 0.08),
(6324, 4, 158, 0.10),
(6325, 5, 158, 0.12),
(6326, 6, 158, 0.14),
(6327, 9, 158, 0.25),
(6328, 12, 158, 0.12),
(6329, 13, 158, 0.14),
(6330, 7, 158, 0.18),
(6331, 8, 158, 0.22),
(6332, 10, 158, 0.08),
(6333, 11, 158, 0.10),
(6334, 14, 158, 0.16),
(6335, 18, 158, 0.40),
(6336, 19, 158, 0.45),
(6337, 22, 158, 0.22),
(6338, 23, 158, 0.30),
(6339, 25, 158, 0.40),
(6340, 26, 158, 0.50),
(6341, 15, 158, 0.22),
(6342, 16, 158, 0.28),
(6343, 17, 158, 0.35),
(6344, 20, 158, 0.50),
(6345, 21, 158, 0.20),
(6346, 24, 158, 0.32),
(6347, 27, 158, 0.55),
(6348, 29, 158, 0.55),
(6349, 30, 158, 0.65),
(6350, 28, 158, 0.60),
(6351, 31, 158, 0.75),
(6352, 32, 158, 0.85),
(6353, 34, 158, 1.05),
(6354, 35, 158, 1.50),
(6355, 37, 158, 1.20),
(6356, 39, 158, 3.00),
(6357, 33, 158, 0.95),
(6358, 36, 158, 1.00),
(6359, 38, 158, 1.50),
(6360, 40, 158, 5.00),
(6361, 1, 159, 0.04),
(6362, 2, 159, 0.06),
(6363, 3, 159, 0.08),
(6364, 4, 159, 0.10),
(6365, 5, 159, 0.12),
(6366, 6, 159, 0.14),
(6367, 9, 159, 0.25),
(6368, 12, 159, 0.12),
(6369, 13, 159, 0.14),
(6370, 7, 159, 0.18),
(6371, 8, 159, 0.22),
(6372, 10, 159, 0.08),
(6373, 11, 159, 0.10),
(6374, 14, 159, 0.16),
(6375, 18, 159, 0.40),
(6376, 19, 159, 0.45),
(6377, 22, 159, 0.22),
(6378, 23, 159, 0.30),
(6379, 25, 159, 0.40),
(6380, 26, 159, 0.50),
(6381, 15, 159, 0.22),
(6382, 16, 159, 0.28),
(6383, 17, 159, 0.35),
(6384, 20, 159, 0.50),
(6385, 21, 159, 0.20),
(6386, 24, 159, 0.32),
(6387, 27, 159, 0.55),
(6388, 29, 159, 0.55),
(6389, 30, 159, 0.65),
(6390, 28, 159, 0.60),
(6391, 31, 159, 0.75),
(6392, 32, 159, 0.85),
(6393, 34, 159, 1.05),
(6394, 35, 159, 1.50),
(6395, 37, 159, 1.20),
(6396, 39, 159, 3.00),
(6397, 33, 159, 0.95),
(6398, 36, 159, 1.00),
(6399, 38, 159, 1.50),
(6400, 40, 159, 5.00),
(6401, 1, 160, 0.04),
(6402, 2, 160, 0.06),
(6403, 3, 160, 0.08),
(6404, 4, 160, 0.10),
(6405, 5, 160, 0.12),
(6406, 6, 160, 0.14),
(6407, 9, 160, 0.25),
(6408, 12, 160, 0.12),
(6409, 13, 160, 0.14),
(6410, 7, 160, 0.18),
(6411, 8, 160, 0.22),
(6412, 10, 160, 0.08),
(6413, 11, 160, 0.10),
(6414, 14, 160, 0.16),
(6415, 18, 160, 0.40),
(6416, 19, 160, 0.45),
(6417, 22, 160, 0.22),
(6418, 23, 160, 0.30),
(6419, 25, 160, 0.40),
(6420, 26, 160, 0.50),
(6421, 15, 160, 0.22),
(6422, 16, 160, 0.28),
(6423, 17, 160, 0.35),
(6424, 20, 160, 0.50),
(6425, 21, 160, 0.20),
(6426, 24, 160, 0.32),
(6427, 27, 160, 0.55),
(6428, 29, 160, 0.55),
(6429, 30, 160, 0.65),
(6430, 28, 160, 0.60),
(6431, 31, 160, 0.75),
(6432, 32, 160, 0.85),
(6433, 34, 160, 1.05),
(6434, 35, 160, 1.50),
(6435, 37, 160, 1.20),
(6436, 39, 160, 3.00),
(6437, 33, 160, 0.95),
(6438, 36, 160, 1.00),
(6439, 38, 160, 1.50),
(6440, 40, 160, 5.00),
(6441, 1, 161, 0.04),
(6442, 2, 161, 0.06),
(6443, 3, 161, 0.08),
(6444, 4, 161, 0.10),
(6445, 5, 161, 0.12),
(6446, 6, 161, 0.14),
(6447, 9, 161, 0.25),
(6448, 12, 161, 0.12),
(6449, 13, 161, 0.14),
(6450, 7, 161, 0.18),
(6451, 8, 161, 0.22),
(6452, 10, 161, 0.08),
(6453, 11, 161, 0.10),
(6454, 14, 161, 0.16),
(6455, 18, 161, 0.40),
(6456, 19, 161, 0.45),
(6457, 22, 161, 0.22),
(6458, 23, 161, 0.30),
(6459, 25, 161, 0.40),
(6460, 26, 161, 0.50),
(6461, 15, 161, 0.22),
(6462, 16, 161, 0.28),
(6463, 17, 161, 0.35),
(6464, 20, 161, 0.50),
(6465, 21, 161, 0.20),
(6466, 24, 161, 0.32),
(6467, 27, 161, 0.55),
(6468, 29, 161, 0.55),
(6469, 30, 161, 0.65),
(6470, 28, 161, 0.60),
(6471, 31, 161, 0.75),
(6472, 32, 161, 0.85),
(6473, 34, 161, 1.05),
(6474, 35, 161, 1.50),
(6475, 37, 161, 1.20),
(6476, 39, 161, 3.00),
(6477, 33, 161, 0.95),
(6478, 36, 161, 1.00),
(6479, 38, 161, 1.50),
(6480, 40, 161, 5.00),
(6481, 1, 162, 0.04),
(6482, 2, 162, 0.06),
(6483, 3, 162, 0.08),
(6484, 4, 162, 0.10),
(6485, 5, 162, 0.12),
(6486, 6, 162, 0.14),
(6487, 9, 162, 0.25),
(6488, 12, 162, 0.12),
(6489, 13, 162, 0.14),
(6490, 7, 162, 0.18),
(6491, 8, 162, 0.22),
(6492, 10, 162, 0.08),
(6493, 11, 162, 0.10),
(6494, 14, 162, 0.16),
(6495, 18, 162, 0.40),
(6496, 19, 162, 0.45),
(6497, 22, 162, 0.22),
(6498, 23, 162, 0.30),
(6499, 25, 162, 0.40),
(6500, 26, 162, 0.50),
(6501, 15, 162, 0.22),
(6502, 16, 162, 0.28),
(6503, 17, 162, 0.35),
(6504, 20, 162, 0.50),
(6505, 21, 162, 0.20),
(6506, 24, 162, 0.32),
(6507, 27, 162, 0.55),
(6508, 29, 162, 0.55),
(6509, 30, 162, 0.65),
(6510, 28, 162, 0.60),
(6511, 31, 162, 0.75),
(6512, 32, 162, 0.85),
(6513, 34, 162, 1.05),
(6514, 35, 162, 1.50),
(6515, 37, 162, 1.20),
(6516, 39, 162, 3.00),
(6517, 33, 162, 0.95),
(6518, 36, 162, 1.00),
(6519, 38, 162, 1.50),
(6520, 40, 162, 5.00),
(6521, 1, 163, 0.04),
(6522, 2, 163, 0.06),
(6523, 3, 163, 0.08),
(6524, 4, 163, 0.10),
(6525, 5, 163, 0.12),
(6526, 6, 163, 0.14),
(6527, 9, 163, 0.25),
(6528, 12, 163, 0.12),
(6529, 13, 163, 0.14),
(6530, 7, 163, 0.18),
(6531, 8, 163, 0.22),
(6532, 10, 163, 0.08),
(6533, 11, 163, 0.10),
(6534, 14, 163, 0.16),
(6535, 18, 163, 0.40),
(6536, 19, 163, 0.45),
(6537, 22, 163, 0.22),
(6538, 23, 163, 0.30),
(6539, 25, 163, 0.40),
(6540, 26, 163, 0.50),
(6541, 15, 163, 0.22),
(6542, 16, 163, 0.28),
(6543, 17, 163, 0.35),
(6544, 20, 163, 0.50),
(6545, 21, 163, 0.20),
(6546, 24, 163, 0.32),
(6547, 27, 163, 0.55),
(6548, 29, 163, 0.55),
(6549, 30, 163, 0.65),
(6550, 28, 163, 0.60),
(6551, 31, 163, 0.75),
(6552, 32, 163, 0.85),
(6553, 34, 163, 1.05),
(6554, 35, 163, 1.50),
(6555, 37, 163, 1.20),
(6556, 39, 163, 3.00),
(6557, 33, 163, 0.95),
(6558, 36, 163, 1.00),
(6559, 38, 163, 1.50),
(6560, 40, 163, 5.00),
(6561, 1, 164, 0.04),
(6562, 2, 164, 0.06),
(6563, 3, 164, 0.08),
(6564, 4, 164, 0.10),
(6565, 5, 164, 0.12),
(6566, 6, 164, 0.14),
(6567, 9, 164, 0.25),
(6568, 12, 164, 0.12),
(6569, 13, 164, 0.14),
(6570, 7, 164, 0.18),
(6571, 8, 164, 0.22),
(6572, 10, 164, 0.08),
(6573, 11, 164, 0.10),
(6574, 14, 164, 0.16),
(6575, 18, 164, 0.40),
(6576, 19, 164, 0.45),
(6577, 22, 164, 0.22),
(6578, 23, 164, 0.30),
(6579, 25, 164, 0.40),
(6580, 26, 164, 0.50),
(6581, 15, 164, 0.22),
(6582, 16, 164, 0.28),
(6583, 17, 164, 0.35),
(6584, 20, 164, 0.50),
(6585, 21, 164, 0.20),
(6586, 24, 164, 0.32),
(6587, 27, 164, 0.55),
(6588, 29, 164, 0.55),
(6589, 30, 164, 0.65),
(6590, 28, 164, 0.60),
(6591, 31, 164, 0.75),
(6592, 32, 164, 0.85),
(6593, 34, 164, 1.05),
(6594, 35, 164, 1.50),
(6595, 37, 164, 1.20),
(6596, 39, 164, 3.00),
(6597, 33, 164, 0.95),
(6598, 36, 164, 1.00),
(6599, 38, 164, 1.50),
(6600, 40, 164, 5.00),
(6601, 1, 165, 0.04),
(6602, 2, 165, 0.06),
(6603, 3, 165, 0.08),
(6604, 4, 165, 0.10),
(6605, 5, 165, 0.12),
(6606, 6, 165, 0.14),
(6607, 9, 165, 0.25),
(6608, 12, 165, 0.12),
(6609, 13, 165, 0.14),
(6610, 7, 165, 0.18),
(6611, 8, 165, 0.22),
(6612, 10, 165, 0.08),
(6613, 11, 165, 0.10),
(6614, 14, 165, 0.16),
(6615, 18, 165, 0.40),
(6616, 19, 165, 0.45),
(6617, 22, 165, 0.22),
(6618, 23, 165, 0.30),
(6619, 25, 165, 0.40),
(6620, 26, 165, 0.50),
(6621, 15, 165, 0.22),
(6622, 16, 165, 0.28),
(6623, 17, 165, 0.35),
(6624, 20, 165, 0.50),
(6625, 21, 165, 0.20),
(6626, 24, 165, 0.32),
(6627, 27, 165, 0.55),
(6628, 29, 165, 0.55),
(6629, 30, 165, 0.65),
(6630, 28, 165, 0.60),
(6631, 31, 165, 0.75),
(6632, 32, 165, 0.85),
(6633, 34, 165, 1.05),
(6634, 35, 165, 1.50),
(6635, 37, 165, 1.20),
(6636, 39, 165, 3.00),
(6637, 33, 165, 0.95),
(6638, 36, 165, 1.00),
(6639, 38, 165, 1.50),
(6640, 40, 165, 5.00),
(6641, 1, 166, 0.04),
(6642, 2, 166, 0.06),
(6643, 3, 166, 0.08),
(6644, 4, 166, 0.10),
(6645, 5, 166, 0.12),
(6646, 6, 166, 0.14),
(6647, 9, 166, 0.25),
(6648, 12, 166, 0.12),
(6649, 13, 166, 0.14),
(6650, 7, 166, 0.18),
(6651, 8, 166, 0.22),
(6652, 10, 166, 0.08),
(6653, 11, 166, 0.10),
(6654, 14, 166, 0.16),
(6655, 18, 166, 0.40),
(6656, 19, 166, 0.45),
(6657, 22, 166, 0.22),
(6658, 23, 166, 0.30),
(6659, 25, 166, 0.40),
(6660, 26, 166, 0.50),
(6661, 15, 166, 0.22),
(6662, 16, 166, 0.28),
(6663, 17, 166, 0.35),
(6664, 20, 166, 0.50),
(6665, 21, 166, 0.20),
(6666, 24, 166, 0.32),
(6667, 27, 166, 0.55),
(6668, 29, 166, 0.55),
(6669, 30, 166, 0.65),
(6670, 28, 166, 0.60),
(6671, 31, 166, 0.75),
(6672, 32, 166, 0.85),
(6673, 34, 166, 1.05),
(6674, 35, 166, 1.50),
(6675, 37, 166, 1.20),
(6676, 39, 166, 3.00),
(6677, 33, 166, 0.95),
(6678, 36, 166, 1.00),
(6679, 38, 166, 1.50),
(6680, 40, 166, 5.00),
(6681, 1, 167, 0.04),
(6682, 2, 167, 0.06),
(6683, 3, 167, 0.08),
(6684, 4, 167, 0.10),
(6685, 5, 167, 0.12),
(6686, 6, 167, 0.14),
(6687, 9, 167, 0.25),
(6688, 12, 167, 0.12),
(6689, 13, 167, 0.14),
(6690, 7, 167, 0.18),
(6691, 8, 167, 0.22),
(6692, 10, 167, 0.08),
(6693, 11, 167, 0.10),
(6694, 14, 167, 0.16),
(6695, 18, 167, 0.40),
(6696, 19, 167, 0.45),
(6697, 22, 167, 0.22),
(6698, 23, 167, 0.30),
(6699, 25, 167, 0.40),
(6700, 26, 167, 0.50),
(6701, 15, 167, 0.22),
(6702, 16, 167, 0.28),
(6703, 17, 167, 0.35),
(6704, 20, 167, 0.50),
(6705, 21, 167, 0.20),
(6706, 24, 167, 0.32),
(6707, 27, 167, 0.55),
(6708, 29, 167, 0.55),
(6709, 30, 167, 0.65),
(6710, 28, 167, 0.60),
(6711, 31, 167, 0.75),
(6712, 32, 167, 0.85),
(6713, 34, 167, 1.05),
(6714, 35, 167, 1.50),
(6715, 37, 167, 1.20),
(6716, 39, 167, 3.00),
(6717, 33, 167, 0.95),
(6718, 36, 167, 1.00),
(6719, 38, 167, 1.50),
(6720, 40, 167, 5.00),
(6721, 1, 168, 0.04),
(6722, 2, 168, 0.06),
(6723, 3, 168, 0.08),
(6724, 4, 168, 0.10),
(6725, 5, 168, 0.12),
(6726, 6, 168, 0.14),
(6727, 9, 168, 0.25),
(6728, 12, 168, 0.12),
(6729, 13, 168, 0.14),
(6730, 7, 168, 0.18),
(6731, 8, 168, 0.22),
(6732, 10, 168, 0.08),
(6733, 11, 168, 0.10),
(6734, 14, 168, 0.16),
(6735, 18, 168, 0.40),
(6736, 19, 168, 0.45),
(6737, 22, 168, 0.22),
(6738, 23, 168, 0.30),
(6739, 25, 168, 0.40),
(6740, 26, 168, 0.50),
(6741, 15, 168, 0.22),
(6742, 16, 168, 0.28),
(6743, 17, 168, 0.35),
(6744, 20, 168, 0.50),
(6745, 21, 168, 0.20),
(6746, 24, 168, 0.32),
(6747, 27, 168, 0.55),
(6748, 29, 168, 0.55),
(6749, 30, 168, 0.65),
(6750, 28, 168, 0.60),
(6751, 31, 168, 0.75),
(6752, 32, 168, 0.85),
(6753, 34, 168, 1.05),
(6754, 35, 168, 1.50),
(6755, 37, 168, 1.20),
(6756, 39, 168, 3.00),
(6757, 33, 168, 0.95),
(6758, 36, 168, 1.00),
(6759, 38, 168, 1.50),
(6760, 40, 168, 5.00),
(6761, 1, 169, 0.04),
(6762, 2, 169, 0.06),
(6763, 3, 169, 0.08),
(6764, 4, 169, 0.10),
(6765, 5, 169, 0.12),
(6766, 6, 169, 0.14),
(6767, 9, 169, 0.25),
(6768, 12, 169, 0.12),
(6769, 13, 169, 0.14),
(6770, 7, 169, 0.18),
(6771, 8, 169, 0.22),
(6772, 10, 169, 0.08),
(6773, 11, 169, 0.10),
(6774, 14, 169, 0.16),
(6775, 18, 169, 0.40),
(6776, 19, 169, 0.45),
(6777, 22, 169, 0.22),
(6778, 23, 169, 0.30),
(6779, 25, 169, 0.40),
(6780, 26, 169, 0.50),
(6781, 15, 169, 0.22),
(6782, 16, 169, 0.28),
(6783, 17, 169, 0.35),
(6784, 20, 169, 0.50),
(6785, 21, 169, 0.20),
(6786, 24, 169, 0.32),
(6787, 27, 169, 0.55),
(6788, 29, 169, 0.55),
(6789, 30, 169, 0.65),
(6790, 28, 169, 0.60),
(6791, 31, 169, 0.75),
(6792, 32, 169, 0.85),
(6793, 34, 169, 1.05),
(6794, 35, 169, 1.50),
(6795, 37, 169, 1.20),
(6796, 39, 169, 3.00),
(6797, 33, 169, 0.95),
(6798, 36, 169, 1.00),
(6799, 38, 169, 1.50),
(6800, 40, 169, 5.00),
(6801, 1, 170, 0.04),
(6802, 2, 170, 0.06),
(6803, 3, 170, 0.08),
(6804, 4, 170, 0.10),
(6805, 5, 170, 0.12),
(6806, 6, 170, 0.14),
(6807, 9, 170, 0.25),
(6808, 12, 170, 0.12),
(6809, 13, 170, 0.14),
(6810, 7, 170, 0.18),
(6811, 8, 170, 0.22),
(6812, 10, 170, 0.08),
(6813, 11, 170, 0.10),
(6814, 14, 170, 0.16),
(6815, 18, 170, 0.40),
(6816, 19, 170, 0.45),
(6817, 22, 170, 0.22),
(6818, 23, 170, 0.30),
(6819, 25, 170, 0.40),
(6820, 26, 170, 0.50),
(6821, 15, 170, 0.22),
(6822, 16, 170, 0.28),
(6823, 17, 170, 0.35),
(6824, 20, 170, 0.50),
(6825, 21, 170, 0.20),
(6826, 24, 170, 0.32),
(6827, 27, 170, 0.55),
(6828, 29, 170, 0.55),
(6829, 30, 170, 0.65),
(6830, 28, 170, 0.60),
(6831, 31, 170, 0.75),
(6832, 32, 170, 0.85),
(6833, 34, 170, 1.05),
(6834, 35, 170, 1.50),
(6835, 37, 170, 1.20),
(6836, 39, 170, 3.00),
(6837, 33, 170, 0.95),
(6838, 36, 170, 1.00),
(6839, 38, 170, 1.50),
(6840, 40, 170, 5.00),
(6841, 1, 171, 0.04),
(6842, 2, 171, 0.06),
(6843, 3, 171, 0.08),
(6844, 4, 171, 0.10),
(6845, 5, 171, 0.12),
(6846, 6, 171, 0.14),
(6847, 9, 171, 0.25),
(6848, 12, 171, 0.12),
(6849, 13, 171, 0.14),
(6850, 7, 171, 0.18),
(6851, 8, 171, 0.22),
(6852, 10, 171, 0.08),
(6853, 11, 171, 0.10),
(6854, 14, 171, 0.16),
(6855, 18, 171, 0.40),
(6856, 19, 171, 0.45),
(6857, 22, 171, 0.22),
(6858, 23, 171, 0.30),
(6859, 25, 171, 0.40),
(6860, 26, 171, 0.50),
(6861, 15, 171, 0.22),
(6862, 16, 171, 0.28),
(6863, 17, 171, 0.35),
(6864, 20, 171, 0.50),
(6865, 21, 171, 0.20),
(6866, 24, 171, 0.32),
(6867, 27, 171, 0.55),
(6868, 29, 171, 0.55),
(6869, 30, 171, 0.65),
(6870, 28, 171, 0.60),
(6871, 31, 171, 0.75),
(6872, 32, 171, 0.85),
(6873, 34, 171, 1.05),
(6874, 35, 171, 1.50),
(6875, 37, 171, 1.20),
(6876, 39, 171, 3.00),
(6877, 33, 171, 0.95),
(6878, 36, 171, 1.00),
(6879, 38, 171, 1.50),
(6880, 40, 171, 5.00),
(6881, 1, 172, 0.04),
(6882, 2, 172, 0.06),
(6883, 3, 172, 0.08),
(6884, 4, 172, 0.10),
(6885, 5, 172, 0.12),
(6886, 6, 172, 0.14),
(6887, 9, 172, 0.25),
(6888, 12, 172, 0.12),
(6889, 13, 172, 0.14),
(6890, 7, 172, 0.18),
(6891, 8, 172, 0.22),
(6892, 10, 172, 0.08),
(6893, 11, 172, 0.10),
(6894, 14, 172, 0.16),
(6895, 18, 172, 0.40),
(6896, 19, 172, 0.45),
(6897, 22, 172, 0.22),
(6898, 23, 172, 0.30),
(6899, 25, 172, 0.40),
(6900, 26, 172, 0.50),
(6901, 15, 172, 0.22),
(6902, 16, 172, 0.28),
(6903, 17, 172, 0.35),
(6904, 20, 172, 0.50),
(6905, 21, 172, 0.20),
(6906, 24, 172, 0.32),
(6907, 27, 172, 0.55),
(6908, 29, 172, 0.55),
(6909, 30, 172, 0.65),
(6910, 28, 172, 0.60),
(6911, 31, 172, 0.75),
(6912, 32, 172, 0.85),
(6913, 34, 172, 1.05),
(6914, 35, 172, 1.50),
(6915, 37, 172, 1.20),
(6916, 39, 172, 3.00),
(6917, 33, 172, 0.95),
(6918, 36, 172, 1.00),
(6919, 38, 172, 1.50),
(6920, 40, 172, 5.00),
(6921, 1, 173, 0.04),
(6922, 2, 173, 0.06),
(6923, 3, 173, 0.08),
(6924, 4, 173, 0.10),
(6925, 5, 173, 0.12),
(6926, 6, 173, 0.14),
(6927, 9, 173, 0.25),
(6928, 12, 173, 0.12),
(6929, 13, 173, 0.14),
(6930, 7, 173, 0.18),
(6931, 8, 173, 0.22),
(6932, 10, 173, 0.08),
(6933, 11, 173, 0.10),
(6934, 14, 173, 0.16),
(6935, 18, 173, 0.40),
(6936, 19, 173, 0.45),
(6937, 22, 173, 0.22),
(6938, 23, 173, 0.30),
(6939, 25, 173, 0.40),
(6940, 26, 173, 0.50),
(6941, 15, 173, 0.22),
(6942, 16, 173, 0.28),
(6943, 17, 173, 0.35),
(6944, 20, 173, 0.50),
(6945, 21, 173, 0.20),
(6946, 24, 173, 0.32),
(6947, 27, 173, 0.55),
(6948, 29, 173, 0.55),
(6949, 30, 173, 0.65),
(6950, 28, 173, 0.60),
(6951, 31, 173, 0.75),
(6952, 32, 173, 0.85),
(6953, 34, 173, 1.05),
(6954, 35, 173, 1.50),
(6955, 37, 173, 1.20),
(6956, 39, 173, 3.00),
(6957, 33, 173, 0.95),
(6958, 36, 173, 1.00),
(6959, 38, 173, 1.50),
(6960, 40, 173, 5.00),
(6961, 1, 174, 0.04),
(6962, 2, 174, 0.06),
(6963, 3, 174, 0.08),
(6964, 4, 174, 0.10),
(6965, 5, 174, 0.12),
(6966, 6, 174, 0.14),
(6967, 9, 174, 0.25),
(6968, 12, 174, 0.12),
(6969, 13, 174, 0.14),
(6970, 7, 174, 0.18),
(6971, 8, 174, 0.22),
(6972, 10, 174, 0.08),
(6973, 11, 174, 0.10),
(6974, 14, 174, 0.16),
(6975, 18, 174, 0.40),
(6976, 19, 174, 0.45),
(6977, 22, 174, 0.22),
(6978, 23, 174, 0.30),
(6979, 25, 174, 0.40),
(6980, 26, 174, 0.50),
(6981, 15, 174, 0.22),
(6982, 16, 174, 0.28),
(6983, 17, 174, 0.35),
(6984, 20, 174, 0.50),
(6985, 21, 174, 0.20),
(6986, 24, 174, 0.32),
(6987, 27, 174, 0.55),
(6988, 29, 174, 0.55),
(6989, 30, 174, 0.65),
(6990, 28, 174, 0.60),
(6991, 31, 174, 0.75),
(6992, 32, 174, 0.85),
(6993, 34, 174, 1.05),
(6994, 35, 174, 1.50),
(6995, 37, 174, 1.20),
(6996, 39, 174, 3.00),
(6997, 33, 174, 0.95),
(6998, 36, 174, 1.00),
(6999, 38, 174, 1.50),
(7000, 40, 174, 5.00),
(7001, 1, 175, 0.04),
(7002, 2, 175, 0.06),
(7003, 3, 175, 0.08),
(7004, 4, 175, 0.10),
(7005, 5, 175, 0.12),
(7006, 6, 175, 0.14),
(7007, 9, 175, 0.25),
(7008, 12, 175, 0.12),
(7009, 13, 175, 0.14),
(7010, 7, 175, 0.18),
(7011, 8, 175, 0.22),
(7012, 10, 175, 0.08),
(7013, 11, 175, 0.10),
(7014, 14, 175, 0.16),
(7015, 18, 175, 0.40),
(7016, 19, 175, 0.45),
(7017, 22, 175, 0.22),
(7018, 23, 175, 0.30),
(7019, 25, 175, 0.40),
(7020, 26, 175, 0.50),
(7021, 15, 175, 0.22),
(7022, 16, 175, 0.28),
(7023, 17, 175, 0.35),
(7024, 20, 175, 0.50),
(7025, 21, 175, 0.20),
(7026, 24, 175, 0.32),
(7027, 27, 175, 0.55),
(7028, 29, 175, 0.55),
(7029, 30, 175, 0.65),
(7030, 28, 175, 0.60),
(7031, 31, 175, 0.75),
(7032, 32, 175, 0.85),
(7033, 34, 175, 1.05),
(7034, 35, 175, 1.50),
(7035, 37, 175, 1.20),
(7036, 39, 175, 3.00),
(7037, 33, 175, 0.95),
(7038, 36, 175, 1.00),
(7039, 38, 175, 1.50),
(7040, 40, 175, 5.00),
(7041, 1, 176, 0.04),
(7042, 2, 176, 0.06),
(7043, 3, 176, 0.08),
(7044, 4, 176, 0.10),
(7045, 5, 176, 0.12),
(7046, 6, 176, 0.14),
(7047, 9, 176, 0.25),
(7048, 12, 176, 0.12),
(7049, 13, 176, 0.14),
(7050, 7, 176, 0.18),
(7051, 8, 176, 0.22),
(7052, 10, 176, 0.08),
(7053, 11, 176, 0.10),
(7054, 14, 176, 0.16),
(7055, 18, 176, 0.40),
(7056, 19, 176, 0.45),
(7057, 22, 176, 0.22),
(7058, 23, 176, 0.30),
(7059, 25, 176, 0.40),
(7060, 26, 176, 0.50),
(7061, 15, 176, 0.22),
(7062, 16, 176, 0.28),
(7063, 17, 176, 0.35),
(7064, 20, 176, 0.50),
(7065, 21, 176, 0.20),
(7066, 24, 176, 0.32),
(7067, 27, 176, 0.55),
(7068, 29, 176, 0.55),
(7069, 30, 176, 0.65),
(7070, 28, 176, 0.60),
(7071, 31, 176, 0.75),
(7072, 32, 176, 0.85),
(7073, 34, 176, 1.05),
(7074, 35, 176, 1.50),
(7075, 37, 176, 1.20),
(7076, 39, 176, 3.00),
(7077, 33, 176, 0.95),
(7078, 36, 176, 1.00),
(7079, 38, 176, 1.50),
(7080, 40, 176, 5.00),
(7081, 1, 177, 0.04),
(7082, 2, 177, 0.06),
(7083, 3, 177, 0.08),
(7084, 4, 177, 0.10),
(7085, 5, 177, 0.12),
(7086, 6, 177, 0.14),
(7087, 9, 177, 0.25),
(7088, 12, 177, 0.12),
(7089, 13, 177, 0.14),
(7090, 7, 177, 0.18),
(7091, 8, 177, 0.22),
(7092, 10, 177, 0.08),
(7093, 11, 177, 0.10),
(7094, 14, 177, 0.16),
(7095, 18, 177, 0.40),
(7096, 19, 177, 0.45),
(7097, 22, 177, 0.22),
(7098, 23, 177, 0.30),
(7099, 25, 177, 0.40),
(7100, 26, 177, 0.50),
(7101, 15, 177, 0.22),
(7102, 16, 177, 0.28),
(7103, 17, 177, 0.35),
(7104, 20, 177, 0.50),
(7105, 21, 177, 0.20),
(7106, 24, 177, 0.32),
(7107, 27, 177, 0.55),
(7108, 29, 177, 0.55),
(7109, 30, 177, 0.65),
(7110, 28, 177, 0.60),
(7111, 31, 177, 0.75),
(7112, 32, 177, 0.85),
(7113, 34, 177, 1.05),
(7114, 35, 177, 1.50),
(7115, 37, 177, 1.20),
(7116, 39, 177, 3.00),
(7117, 33, 177, 0.95),
(7118, 36, 177, 1.00),
(7119, 38, 177, 1.50),
(7120, 40, 177, 5.00),
(7121, 1, 178, 0.04),
(7122, 2, 178, 0.06),
(7123, 3, 178, 0.08),
(7124, 4, 178, 0.10),
(7125, 5, 178, 0.12),
(7126, 6, 178, 0.14),
(7127, 9, 178, 0.25),
(7128, 12, 178, 0.12),
(7129, 13, 178, 0.14),
(7130, 7, 178, 0.18),
(7131, 8, 178, 0.22),
(7132, 10, 178, 0.08),
(7133, 11, 178, 0.10),
(7134, 14, 178, 0.16),
(7135, 18, 178, 0.40),
(7136, 19, 178, 0.45),
(7137, 22, 178, 0.22),
(7138, 23, 178, 0.30),
(7139, 25, 178, 0.40),
(7140, 26, 178, 0.50),
(7141, 15, 178, 0.22),
(7142, 16, 178, 0.28),
(7143, 17, 178, 0.35),
(7144, 20, 178, 0.50),
(7145, 21, 178, 0.20),
(7146, 24, 178, 0.32),
(7147, 27, 178, 0.55),
(7148, 29, 178, 0.55),
(7149, 30, 178, 0.65),
(7150, 28, 178, 0.60),
(7151, 31, 178, 0.75),
(7152, 32, 178, 0.85),
(7153, 34, 178, 1.05),
(7154, 35, 178, 1.50),
(7155, 37, 178, 1.20),
(7156, 39, 178, 3.00),
(7157, 33, 178, 0.95),
(7158, 36, 178, 1.00),
(7159, 38, 178, 1.50),
(7160, 40, 178, 5.00),
(7161, 1, 179, 0.04),
(7162, 2, 179, 0.06),
(7163, 3, 179, 0.08),
(7164, 4, 179, 0.10),
(7165, 5, 179, 0.12),
(7166, 6, 179, 0.14),
(7167, 9, 179, 0.25),
(7168, 12, 179, 0.12),
(7169, 13, 179, 0.14),
(7170, 7, 179, 0.18),
(7171, 8, 179, 0.22),
(7172, 10, 179, 0.08),
(7173, 11, 179, 0.10),
(7174, 14, 179, 0.16),
(7175, 18, 179, 0.40),
(7176, 19, 179, 0.45),
(7177, 22, 179, 0.22),
(7178, 23, 179, 0.30),
(7179, 25, 179, 0.40),
(7180, 26, 179, 0.50),
(7181, 15, 179, 0.22),
(7182, 16, 179, 0.28),
(7183, 17, 179, 0.35),
(7184, 20, 179, 0.50),
(7185, 21, 179, 0.20),
(7186, 24, 179, 0.32),
(7187, 27, 179, 0.55),
(7188, 29, 179, 0.55),
(7189, 30, 179, 0.65),
(7190, 28, 179, 0.60),
(7191, 31, 179, 0.75),
(7192, 32, 179, 0.85),
(7193, 34, 179, 1.05),
(7194, 35, 179, 1.50),
(7195, 37, 179, 1.20),
(7196, 39, 179, 3.00),
(7197, 33, 179, 0.95),
(7198, 36, 179, 1.00),
(7199, 38, 179, 1.50),
(7200, 40, 179, 5.00),
(7201, 1, 180, 0.04),
(7202, 2, 180, 0.06),
(7203, 3, 180, 0.08),
(7204, 4, 180, 0.10),
(7205, 5, 180, 0.12),
(7206, 6, 180, 0.14),
(7207, 9, 180, 0.25),
(7208, 12, 180, 0.12),
(7209, 13, 180, 0.14),
(7210, 7, 180, 0.18),
(7211, 8, 180, 0.22),
(7212, 10, 180, 0.08),
(7213, 11, 180, 0.10),
(7214, 14, 180, 0.16),
(7215, 18, 180, 0.40),
(7216, 19, 180, 0.45),
(7217, 22, 180, 0.22),
(7218, 23, 180, 0.30),
(7219, 25, 180, 0.40),
(7220, 26, 180, 0.50),
(7221, 15, 180, 0.22),
(7222, 16, 180, 0.28),
(7223, 17, 180, 0.35),
(7224, 20, 180, 0.50),
(7225, 21, 180, 0.20),
(7226, 24, 180, 0.32),
(7227, 27, 180, 0.55),
(7228, 29, 180, 0.55),
(7229, 30, 180, 0.65),
(7230, 28, 180, 0.60),
(7231, 31, 180, 0.75),
(7232, 32, 180, 0.85),
(7233, 34, 180, 1.05),
(7234, 35, 180, 1.50),
(7235, 37, 180, 1.20),
(7236, 39, 180, 3.00),
(7237, 33, 180, 0.95),
(7238, 36, 180, 1.00),
(7239, 38, 180, 1.50),
(7240, 40, 180, 5.00),
(7241, 1, 181, 0.04),
(7242, 2, 181, 0.06),
(7243, 3, 181, 0.08),
(7244, 4, 181, 0.10),
(7245, 5, 181, 0.12),
(7246, 6, 181, 0.14),
(7247, 9, 181, 0.25),
(7248, 12, 181, 0.12),
(7249, 13, 181, 0.14),
(7250, 7, 181, 0.18),
(7251, 8, 181, 0.22),
(7252, 10, 181, 0.08),
(7253, 11, 181, 0.10),
(7254, 14, 181, 0.16),
(7255, 18, 181, 0.40),
(7256, 19, 181, 0.45),
(7257, 22, 181, 0.22),
(7258, 23, 181, 0.30),
(7259, 25, 181, 0.40),
(7260, 26, 181, 0.50),
(7261, 15, 181, 0.22),
(7262, 16, 181, 0.28),
(7263, 17, 181, 0.35),
(7264, 20, 181, 0.50),
(7265, 21, 181, 0.20),
(7266, 24, 181, 0.32),
(7267, 27, 181, 0.55),
(7268, 29, 181, 0.55),
(7269, 30, 181, 0.65),
(7270, 28, 181, 0.60),
(7271, 31, 181, 0.75),
(7272, 32, 181, 0.85),
(7273, 34, 181, 1.05),
(7274, 35, 181, 1.50),
(7275, 37, 181, 1.20),
(7276, 39, 181, 3.00),
(7277, 33, 181, 0.95),
(7278, 36, 181, 1.00),
(7279, 38, 181, 1.50),
(7280, 40, 181, 5.00),
(7281, 1, 182, 0.04),
(7282, 2, 182, 0.06),
(7283, 3, 182, 0.08),
(7284, 4, 182, 0.10),
(7285, 5, 182, 0.12),
(7286, 6, 182, 0.14),
(7287, 9, 182, 0.25),
(7288, 12, 182, 0.12),
(7289, 13, 182, 0.14),
(7290, 7, 182, 0.18),
(7291, 8, 182, 0.22),
(7292, 10, 182, 0.08),
(7293, 11, 182, 0.10),
(7294, 14, 182, 0.16),
(7295, 18, 182, 0.40),
(7296, 19, 182, 0.45),
(7297, 22, 182, 0.22),
(7298, 23, 182, 0.30),
(7299, 25, 182, 0.40),
(7300, 26, 182, 0.50),
(7301, 15, 182, 0.22),
(7302, 16, 182, 0.28),
(7303, 17, 182, 0.35),
(7304, 20, 182, 0.50),
(7305, 21, 182, 0.20),
(7306, 24, 182, 0.32),
(7307, 27, 182, 0.55),
(7308, 29, 182, 0.55),
(7309, 30, 182, 0.65),
(7310, 28, 182, 0.60),
(7311, 31, 182, 0.75),
(7312, 32, 182, 0.85),
(7313, 34, 182, 1.05),
(7314, 35, 182, 1.50),
(7315, 37, 182, 1.20),
(7316, 39, 182, 3.00),
(7317, 33, 182, 0.95),
(7318, 36, 182, 1.00),
(7319, 38, 182, 1.50),
(7320, 40, 182, 5.00),
(7321, 1, 183, 0.04),
(7322, 2, 183, 0.06),
(7323, 3, 183, 0.08),
(7324, 4, 183, 0.10),
(7325, 5, 183, 0.12),
(7326, 6, 183, 0.14),
(7327, 9, 183, 0.25),
(7328, 12, 183, 0.12),
(7329, 13, 183, 0.14),
(7330, 7, 183, 0.18),
(7331, 8, 183, 0.22),
(7332, 10, 183, 0.08),
(7333, 11, 183, 0.10),
(7334, 14, 183, 0.16),
(7335, 18, 183, 0.40),
(7336, 19, 183, 0.45),
(7337, 22, 183, 0.22),
(7338, 23, 183, 0.30),
(7339, 25, 183, 0.40),
(7340, 26, 183, 0.50),
(7341, 15, 183, 0.22),
(7342, 16, 183, 0.28),
(7343, 17, 183, 0.35),
(7344, 20, 183, 0.50),
(7345, 21, 183, 0.20),
(7346, 24, 183, 0.32),
(7347, 27, 183, 0.55),
(7348, 29, 183, 0.55),
(7349, 30, 183, 0.65),
(7350, 28, 183, 0.60),
(7351, 31, 183, 0.75),
(7352, 32, 183, 0.85),
(7353, 34, 183, 1.05),
(7354, 35, 183, 1.50),
(7355, 37, 183, 1.20),
(7356, 39, 183, 3.00),
(7357, 33, 183, 0.95),
(7358, 36, 183, 1.00),
(7359, 38, 183, 1.50),
(7360, 40, 183, 5.00),
(7361, 1, 184, 0.04),
(7362, 2, 184, 0.06),
(7363, 3, 184, 0.08),
(7364, 4, 184, 0.10),
(7365, 5, 184, 0.12),
(7366, 6, 184, 0.14),
(7367, 9, 184, 0.25),
(7368, 12, 184, 0.12),
(7369, 13, 184, 0.14),
(7370, 7, 184, 0.18),
(7371, 8, 184, 0.22),
(7372, 10, 184, 0.08),
(7373, 11, 184, 0.10),
(7374, 14, 184, 0.16),
(7375, 18, 184, 0.40),
(7376, 19, 184, 0.45),
(7377, 22, 184, 0.22),
(7378, 23, 184, 0.30),
(7379, 25, 184, 0.40),
(7380, 26, 184, 0.50),
(7381, 15, 184, 0.22),
(7382, 16, 184, 0.28),
(7383, 17, 184, 0.35),
(7384, 20, 184, 0.50),
(7385, 21, 184, 0.20),
(7386, 24, 184, 0.32),
(7387, 27, 184, 0.55),
(7388, 29, 184, 0.55),
(7389, 30, 184, 0.65),
(7390, 28, 184, 0.60),
(7391, 31, 184, 0.75),
(7392, 32, 184, 0.85),
(7393, 34, 184, 1.05),
(7394, 35, 184, 1.50),
(7395, 37, 184, 1.20),
(7396, 39, 184, 3.00),
(7397, 33, 184, 0.95),
(7398, 36, 184, 1.00),
(7399, 38, 184, 1.50),
(7400, 40, 184, 5.00),
(7401, 1, 185, 0.04),
(7402, 2, 185, 0.06),
(7403, 3, 185, 0.08),
(7404, 4, 185, 0.10),
(7405, 5, 185, 0.12),
(7406, 6, 185, 0.14),
(7407, 9, 185, 0.25),
(7408, 12, 185, 0.12),
(7409, 13, 185, 0.14),
(7410, 7, 185, 0.18),
(7411, 8, 185, 0.22),
(7412, 10, 185, 0.08),
(7413, 11, 185, 0.10),
(7414, 14, 185, 0.16),
(7415, 18, 185, 0.40),
(7416, 19, 185, 0.45),
(7417, 22, 185, 0.22),
(7418, 23, 185, 0.30),
(7419, 25, 185, 0.40),
(7420, 26, 185, 0.50),
(7421, 15, 185, 0.22),
(7422, 16, 185, 0.28),
(7423, 17, 185, 0.35),
(7424, 20, 185, 0.50),
(7425, 21, 185, 0.20),
(7426, 24, 185, 0.32),
(7427, 27, 185, 0.55),
(7428, 29, 185, 0.55),
(7429, 30, 185, 0.65),
(7430, 28, 185, 0.60),
(7431, 31, 185, 0.75),
(7432, 32, 185, 0.85),
(7433, 34, 185, 1.05),
(7434, 35, 185, 1.50),
(7435, 37, 185, 1.20),
(7436, 39, 185, 3.00),
(7437, 33, 185, 0.95),
(7438, 36, 185, 1.00),
(7439, 38, 185, 1.50),
(7440, 40, 185, 5.00),
(7441, 1, 186, 0.04),
(7442, 2, 186, 0.06),
(7443, 3, 186, 0.08),
(7444, 4, 186, 0.10),
(7445, 5, 186, 0.12),
(7446, 6, 186, 0.14),
(7447, 9, 186, 0.25),
(7448, 12, 186, 0.12),
(7449, 13, 186, 0.14),
(7450, 7, 186, 0.18),
(7451, 8, 186, 0.22),
(7452, 10, 186, 0.08),
(7453, 11, 186, 0.10),
(7454, 14, 186, 0.16),
(7455, 18, 186, 0.40),
(7456, 19, 186, 0.45),
(7457, 22, 186, 0.22),
(7458, 23, 186, 0.30),
(7459, 25, 186, 0.40),
(7460, 26, 186, 0.50),
(7461, 15, 186, 0.22),
(7462, 16, 186, 0.28),
(7463, 17, 186, 0.35),
(7464, 20, 186, 0.50),
(7465, 21, 186, 0.20),
(7466, 24, 186, 0.32),
(7467, 27, 186, 0.55),
(7468, 29, 186, 0.55),
(7469, 30, 186, 0.65),
(7470, 28, 186, 0.60),
(7471, 31, 186, 0.75),
(7472, 32, 186, 0.85),
(7473, 34, 186, 1.05),
(7474, 35, 186, 1.50);
INSERT INTO `Item` (`id_Item`, `shape_id`, `color_id`, `price`) VALUES
(7475, 37, 186, 1.20),
(7476, 39, 186, 3.00),
(7477, 33, 186, 0.95),
(7478, 36, 186, 1.00),
(7479, 38, 186, 1.50),
(7480, 40, 186, 5.00),
(7481, 1, 187, 0.04),
(7482, 2, 187, 0.06),
(7483, 3, 187, 0.08),
(7484, 4, 187, 0.10),
(7485, 5, 187, 0.12),
(7486, 6, 187, 0.14),
(7487, 9, 187, 0.25),
(7488, 12, 187, 0.12),
(7489, 13, 187, 0.14),
(7490, 7, 187, 0.18),
(7491, 8, 187, 0.22),
(7492, 10, 187, 0.08),
(7493, 11, 187, 0.10),
(7494, 14, 187, 0.16),
(7495, 18, 187, 0.40),
(7496, 19, 187, 0.45),
(7497, 22, 187, 0.22),
(7498, 23, 187, 0.30),
(7499, 25, 187, 0.40),
(7500, 26, 187, 0.50),
(7501, 15, 187, 0.22),
(7502, 16, 187, 0.28),
(7503, 17, 187, 0.35),
(7504, 20, 187, 0.50),
(7505, 21, 187, 0.20),
(7506, 24, 187, 0.32),
(7507, 27, 187, 0.55),
(7508, 29, 187, 0.55),
(7509, 30, 187, 0.65),
(7510, 28, 187, 0.60),
(7511, 31, 187, 0.75),
(7512, 32, 187, 0.85),
(7513, 34, 187, 1.05),
(7514, 35, 187, 1.50),
(7515, 37, 187, 1.20),
(7516, 39, 187, 3.00),
(7517, 33, 187, 0.95),
(7518, 36, 187, 1.00),
(7519, 38, 187, 1.50),
(7520, 40, 187, 5.00),
(7521, 1, 188, 0.04),
(7522, 2, 188, 0.06),
(7523, 3, 188, 0.08),
(7524, 4, 188, 0.10),
(7525, 5, 188, 0.12),
(7526, 6, 188, 0.14),
(7527, 9, 188, 0.25),
(7528, 12, 188, 0.12),
(7529, 13, 188, 0.14),
(7530, 7, 188, 0.18),
(7531, 8, 188, 0.22),
(7532, 10, 188, 0.08),
(7533, 11, 188, 0.10),
(7534, 14, 188, 0.16),
(7535, 18, 188, 0.40),
(7536, 19, 188, 0.45),
(7537, 22, 188, 0.22),
(7538, 23, 188, 0.30),
(7539, 25, 188, 0.40),
(7540, 26, 188, 0.50),
(7541, 15, 188, 0.22),
(7542, 16, 188, 0.28),
(7543, 17, 188, 0.35),
(7544, 20, 188, 0.50),
(7545, 21, 188, 0.20),
(7546, 24, 188, 0.32),
(7547, 27, 188, 0.55),
(7548, 29, 188, 0.55),
(7549, 30, 188, 0.65),
(7550, 28, 188, 0.60),
(7551, 31, 188, 0.75),
(7552, 32, 188, 0.85),
(7553, 34, 188, 1.05),
(7554, 35, 188, 1.50),
(7555, 37, 188, 1.20),
(7556, 39, 188, 3.00),
(7557, 33, 188, 0.95),
(7558, 36, 188, 1.00),
(7559, 38, 188, 1.50),
(7560, 40, 188, 5.00),
(7561, 1, 189, 0.04),
(7562, 2, 189, 0.06),
(7563, 3, 189, 0.08),
(7564, 4, 189, 0.10),
(7565, 5, 189, 0.12),
(7566, 6, 189, 0.14),
(7567, 9, 189, 0.25),
(7568, 12, 189, 0.12),
(7569, 13, 189, 0.14),
(7570, 7, 189, 0.18),
(7571, 8, 189, 0.22),
(7572, 10, 189, 0.08),
(7573, 11, 189, 0.10),
(7574, 14, 189, 0.16),
(7575, 18, 189, 0.40),
(7576, 19, 189, 0.45),
(7577, 22, 189, 0.22),
(7578, 23, 189, 0.30),
(7579, 25, 189, 0.40),
(7580, 26, 189, 0.50),
(7581, 15, 189, 0.22),
(7582, 16, 189, 0.28),
(7583, 17, 189, 0.35),
(7584, 20, 189, 0.50),
(7585, 21, 189, 0.20),
(7586, 24, 189, 0.32),
(7587, 27, 189, 0.55),
(7588, 29, 189, 0.55),
(7589, 30, 189, 0.65),
(7590, 28, 189, 0.60),
(7591, 31, 189, 0.75),
(7592, 32, 189, 0.85),
(7593, 34, 189, 1.05),
(7594, 35, 189, 1.50),
(7595, 37, 189, 1.20),
(7596, 39, 189, 3.00),
(7597, 33, 189, 0.95),
(7598, 36, 189, 1.00),
(7599, 38, 189, 1.50),
(7600, 40, 189, 5.00),
(7601, 1, 190, 0.04),
(7602, 2, 190, 0.06),
(7603, 3, 190, 0.08),
(7604, 4, 190, 0.10),
(7605, 5, 190, 0.12),
(7606, 6, 190, 0.14),
(7607, 9, 190, 0.25),
(7608, 12, 190, 0.12),
(7609, 13, 190, 0.14),
(7610, 7, 190, 0.18),
(7611, 8, 190, 0.22),
(7612, 10, 190, 0.08),
(7613, 11, 190, 0.10),
(7614, 14, 190, 0.16),
(7615, 18, 190, 0.40),
(7616, 19, 190, 0.45),
(7617, 22, 190, 0.22),
(7618, 23, 190, 0.30),
(7619, 25, 190, 0.40),
(7620, 26, 190, 0.50),
(7621, 15, 190, 0.22),
(7622, 16, 190, 0.28),
(7623, 17, 190, 0.35),
(7624, 20, 190, 0.50),
(7625, 21, 190, 0.20),
(7626, 24, 190, 0.32),
(7627, 27, 190, 0.55),
(7628, 29, 190, 0.55),
(7629, 30, 190, 0.65),
(7630, 28, 190, 0.60),
(7631, 31, 190, 0.75),
(7632, 32, 190, 0.85),
(7633, 34, 190, 1.05),
(7634, 35, 190, 1.50),
(7635, 37, 190, 1.20),
(7636, 39, 190, 3.00),
(7637, 33, 190, 0.95),
(7638, 36, 190, 1.00),
(7639, 38, 190, 1.50),
(7640, 40, 190, 5.00),
(7641, 1, 191, 0.04),
(7642, 2, 191, 0.06),
(7643, 3, 191, 0.08),
(7644, 4, 191, 0.10),
(7645, 5, 191, 0.12),
(7646, 6, 191, 0.14),
(7647, 9, 191, 0.25),
(7648, 12, 191, 0.12),
(7649, 13, 191, 0.14),
(7650, 7, 191, 0.18),
(7651, 8, 191, 0.22),
(7652, 10, 191, 0.08),
(7653, 11, 191, 0.10),
(7654, 14, 191, 0.16),
(7655, 18, 191, 0.40),
(7656, 19, 191, 0.45),
(7657, 22, 191, 0.22),
(7658, 23, 191, 0.30),
(7659, 25, 191, 0.40),
(7660, 26, 191, 0.50),
(7661, 15, 191, 0.22),
(7662, 16, 191, 0.28),
(7663, 17, 191, 0.35),
(7664, 20, 191, 0.50),
(7665, 21, 191, 0.20),
(7666, 24, 191, 0.32),
(7667, 27, 191, 0.55),
(7668, 29, 191, 0.55),
(7669, 30, 191, 0.65),
(7670, 28, 191, 0.60),
(7671, 31, 191, 0.75),
(7672, 32, 191, 0.85),
(7673, 34, 191, 1.05),
(7674, 35, 191, 1.50),
(7675, 37, 191, 1.20),
(7676, 39, 191, 3.00),
(7677, 33, 191, 0.95),
(7678, 36, 191, 1.00),
(7679, 38, 191, 1.50),
(7680, 40, 191, 5.00),
(7681, 1, 192, 0.04),
(7682, 2, 192, 0.06),
(7683, 3, 192, 0.08),
(7684, 4, 192, 0.10),
(7685, 5, 192, 0.12),
(7686, 6, 192, 0.14),
(7687, 9, 192, 0.25),
(7688, 12, 192, 0.12),
(7689, 13, 192, 0.14),
(7690, 7, 192, 0.18),
(7691, 8, 192, 0.22),
(7692, 10, 192, 0.08),
(7693, 11, 192, 0.10),
(7694, 14, 192, 0.16),
(7695, 18, 192, 0.40),
(7696, 19, 192, 0.45),
(7697, 22, 192, 0.22),
(7698, 23, 192, 0.30),
(7699, 25, 192, 0.40),
(7700, 26, 192, 0.50),
(7701, 15, 192, 0.22),
(7702, 16, 192, 0.28),
(7703, 17, 192, 0.35),
(7704, 20, 192, 0.50),
(7705, 21, 192, 0.20),
(7706, 24, 192, 0.32),
(7707, 27, 192, 0.55),
(7708, 29, 192, 0.55),
(7709, 30, 192, 0.65),
(7710, 28, 192, 0.60),
(7711, 31, 192, 0.75),
(7712, 32, 192, 0.85),
(7713, 34, 192, 1.05),
(7714, 35, 192, 1.50),
(7715, 37, 192, 1.20),
(7716, 39, 192, 3.00),
(7717, 33, 192, 0.95),
(7718, 36, 192, 1.00),
(7719, 38, 192, 1.50),
(7720, 40, 192, 5.00),
(7721, 1, 193, 0.04),
(7722, 2, 193, 0.06),
(7723, 3, 193, 0.08),
(7724, 4, 193, 0.10),
(7725, 5, 193, 0.12),
(7726, 6, 193, 0.14),
(7727, 9, 193, 0.25),
(7728, 12, 193, 0.12),
(7729, 13, 193, 0.14),
(7730, 7, 193, 0.18),
(7731, 8, 193, 0.22),
(7732, 10, 193, 0.08),
(7733, 11, 193, 0.10),
(7734, 14, 193, 0.16),
(7735, 18, 193, 0.40),
(7736, 19, 193, 0.45),
(7737, 22, 193, 0.22),
(7738, 23, 193, 0.30),
(7739, 25, 193, 0.40),
(7740, 26, 193, 0.50),
(7741, 15, 193, 0.22),
(7742, 16, 193, 0.28),
(7743, 17, 193, 0.35),
(7744, 20, 193, 0.50),
(7745, 21, 193, 0.20),
(7746, 24, 193, 0.32),
(7747, 27, 193, 0.55),
(7748, 29, 193, 0.55),
(7749, 30, 193, 0.65),
(7750, 28, 193, 0.60),
(7751, 31, 193, 0.75),
(7752, 32, 193, 0.85),
(7753, 34, 193, 1.05),
(7754, 35, 193, 1.50),
(7755, 37, 193, 1.20),
(7756, 39, 193, 3.00),
(7757, 33, 193, 0.95),
(7758, 36, 193, 1.00),
(7759, 38, 193, 1.50),
(7760, 40, 193, 5.00),
(7761, 1, 194, 0.04),
(7762, 2, 194, 0.06),
(7763, 3, 194, 0.08),
(7764, 4, 194, 0.10),
(7765, 5, 194, 0.12),
(7766, 6, 194, 0.14),
(7767, 9, 194, 0.25),
(7768, 12, 194, 0.12),
(7769, 13, 194, 0.14),
(7770, 7, 194, 0.18),
(7771, 8, 194, 0.22),
(7772, 10, 194, 0.08),
(7773, 11, 194, 0.10),
(7774, 14, 194, 0.16),
(7775, 18, 194, 0.40),
(7776, 19, 194, 0.45),
(7777, 22, 194, 0.22),
(7778, 23, 194, 0.30),
(7779, 25, 194, 0.40),
(7780, 26, 194, 0.50),
(7781, 15, 194, 0.22),
(7782, 16, 194, 0.28),
(7783, 17, 194, 0.35),
(7784, 20, 194, 0.50),
(7785, 21, 194, 0.20),
(7786, 24, 194, 0.32),
(7787, 27, 194, 0.55),
(7788, 29, 194, 0.55),
(7789, 30, 194, 0.65),
(7790, 28, 194, 0.60),
(7791, 31, 194, 0.75),
(7792, 32, 194, 0.85),
(7793, 34, 194, 1.05),
(7794, 35, 194, 1.50),
(7795, 37, 194, 1.20),
(7796, 39, 194, 3.00),
(7797, 33, 194, 0.95),
(7798, 36, 194, 1.00),
(7799, 38, 194, 1.50),
(7800, 40, 194, 5.00),
(7801, 1, 195, 0.04),
(7802, 2, 195, 0.06),
(7803, 3, 195, 0.08),
(7804, 4, 195, 0.10),
(7805, 5, 195, 0.12),
(7806, 6, 195, 0.14),
(7807, 9, 195, 0.25),
(7808, 12, 195, 0.12),
(7809, 13, 195, 0.14),
(7810, 7, 195, 0.18),
(7811, 8, 195, 0.22),
(7812, 10, 195, 0.08),
(7813, 11, 195, 0.10),
(7814, 14, 195, 0.16),
(7815, 18, 195, 0.40),
(7816, 19, 195, 0.45),
(7817, 22, 195, 0.22),
(7818, 23, 195, 0.30),
(7819, 25, 195, 0.40),
(7820, 26, 195, 0.50),
(7821, 15, 195, 0.22),
(7822, 16, 195, 0.28),
(7823, 17, 195, 0.35),
(7824, 20, 195, 0.50),
(7825, 21, 195, 0.20),
(7826, 24, 195, 0.32),
(7827, 27, 195, 0.55),
(7828, 29, 195, 0.55),
(7829, 30, 195, 0.65),
(7830, 28, 195, 0.60),
(7831, 31, 195, 0.75),
(7832, 32, 195, 0.85),
(7833, 34, 195, 1.05),
(7834, 35, 195, 1.50),
(7835, 37, 195, 1.20),
(7836, 39, 195, 3.00),
(7837, 33, 195, 0.95),
(7838, 36, 195, 1.00),
(7839, 38, 195, 1.50),
(7840, 40, 195, 5.00),
(7841, 1, 196, 0.04),
(7842, 2, 196, 0.06),
(7843, 3, 196, 0.08),
(7844, 4, 196, 0.10),
(7845, 5, 196, 0.12),
(7846, 6, 196, 0.14),
(7847, 9, 196, 0.25),
(7848, 12, 196, 0.12),
(7849, 13, 196, 0.14),
(7850, 7, 196, 0.18),
(7851, 8, 196, 0.22),
(7852, 10, 196, 0.08),
(7853, 11, 196, 0.10),
(7854, 14, 196, 0.16),
(7855, 18, 196, 0.40),
(7856, 19, 196, 0.45),
(7857, 22, 196, 0.22),
(7858, 23, 196, 0.30),
(7859, 25, 196, 0.40),
(7860, 26, 196, 0.50),
(7861, 15, 196, 0.22),
(7862, 16, 196, 0.28),
(7863, 17, 196, 0.35),
(7864, 20, 196, 0.50),
(7865, 21, 196, 0.20),
(7866, 24, 196, 0.32),
(7867, 27, 196, 0.55),
(7868, 29, 196, 0.55),
(7869, 30, 196, 0.65),
(7870, 28, 196, 0.60),
(7871, 31, 196, 0.75),
(7872, 32, 196, 0.85),
(7873, 34, 196, 1.05),
(7874, 35, 196, 1.50),
(7875, 37, 196, 1.20),
(7876, 39, 196, 3.00),
(7877, 33, 196, 0.95),
(7878, 36, 196, 1.00),
(7879, 38, 196, 1.50),
(7880, 40, 196, 5.00),
(7881, 1, 197, 0.04),
(7882, 2, 197, 0.06),
(7883, 3, 197, 0.08),
(7884, 4, 197, 0.10),
(7885, 5, 197, 0.12),
(7886, 6, 197, 0.14),
(7887, 9, 197, 0.25),
(7888, 12, 197, 0.12),
(7889, 13, 197, 0.14),
(7890, 7, 197, 0.18),
(7891, 8, 197, 0.22),
(7892, 10, 197, 0.08),
(7893, 11, 197, 0.10),
(7894, 14, 197, 0.16),
(7895, 18, 197, 0.40),
(7896, 19, 197, 0.45),
(7897, 22, 197, 0.22),
(7898, 23, 197, 0.30),
(7899, 25, 197, 0.40),
(7900, 26, 197, 0.50),
(7901, 15, 197, 0.22),
(7902, 16, 197, 0.28),
(7903, 17, 197, 0.35),
(7904, 20, 197, 0.50),
(7905, 21, 197, 0.20),
(7906, 24, 197, 0.32),
(7907, 27, 197, 0.55),
(7908, 29, 197, 0.55),
(7909, 30, 197, 0.65),
(7910, 28, 197, 0.60),
(7911, 31, 197, 0.75),
(7912, 32, 197, 0.85),
(7913, 34, 197, 1.05),
(7914, 35, 197, 1.50),
(7915, 37, 197, 1.20),
(7916, 39, 197, 3.00),
(7917, 33, 197, 0.95),
(7918, 36, 197, 1.00),
(7919, 38, 197, 1.50),
(7920, 40, 197, 5.00),
(7921, 1, 198, 0.04),
(7922, 2, 198, 0.06),
(7923, 3, 198, 0.08),
(7924, 4, 198, 0.10),
(7925, 5, 198, 0.12),
(7926, 6, 198, 0.14),
(7927, 9, 198, 0.25),
(7928, 12, 198, 0.12),
(7929, 13, 198, 0.14),
(7930, 7, 198, 0.18),
(7931, 8, 198, 0.22),
(7932, 10, 198, 0.08),
(7933, 11, 198, 0.10),
(7934, 14, 198, 0.16),
(7935, 18, 198, 0.40),
(7936, 19, 198, 0.45),
(7937, 22, 198, 0.22),
(7938, 23, 198, 0.30),
(7939, 25, 198, 0.40),
(7940, 26, 198, 0.50),
(7941, 15, 198, 0.22),
(7942, 16, 198, 0.28),
(7943, 17, 198, 0.35),
(7944, 20, 198, 0.50),
(7945, 21, 198, 0.20),
(7946, 24, 198, 0.32),
(7947, 27, 198, 0.55),
(7948, 29, 198, 0.55),
(7949, 30, 198, 0.65),
(7950, 28, 198, 0.60),
(7951, 31, 198, 0.75),
(7952, 32, 198, 0.85),
(7953, 34, 198, 1.05),
(7954, 35, 198, 1.50),
(7955, 37, 198, 1.20),
(7956, 39, 198, 3.00),
(7957, 33, 198, 0.95),
(7958, 36, 198, 1.00),
(7959, 38, 198, 1.50),
(7960, 40, 198, 5.00),
(7961, 1, 199, 0.04),
(7962, 2, 199, 0.06),
(7963, 3, 199, 0.08),
(7964, 4, 199, 0.10),
(7965, 5, 199, 0.12),
(7966, 6, 199, 0.14),
(7967, 9, 199, 0.25),
(7968, 12, 199, 0.12),
(7969, 13, 199, 0.14),
(7970, 7, 199, 0.18),
(7971, 8, 199, 0.22),
(7972, 10, 199, 0.08),
(7973, 11, 199, 0.10),
(7974, 14, 199, 0.16),
(7975, 18, 199, 0.40),
(7976, 19, 199, 0.45),
(7977, 22, 199, 0.22),
(7978, 23, 199, 0.30),
(7979, 25, 199, 0.40),
(7980, 26, 199, 0.50),
(7981, 15, 199, 0.22),
(7982, 16, 199, 0.28),
(7983, 17, 199, 0.35),
(7984, 20, 199, 0.50),
(7985, 21, 199, 0.20),
(7986, 24, 199, 0.32),
(7987, 27, 199, 0.55),
(7988, 29, 199, 0.55),
(7989, 30, 199, 0.65),
(7990, 28, 199, 0.60),
(7991, 31, 199, 0.75),
(7992, 32, 199, 0.85),
(7993, 34, 199, 1.05),
(7994, 35, 199, 1.50),
(7995, 37, 199, 1.20),
(7996, 39, 199, 3.00),
(7997, 33, 199, 0.95),
(7998, 36, 199, 1.00),
(7999, 38, 199, 1.50),
(8000, 40, 199, 5.00),
(8001, 1, 200, 0.04),
(8002, 2, 200, 0.06),
(8003, 3, 200, 0.08),
(8004, 4, 200, 0.10),
(8005, 5, 200, 0.12),
(8006, 6, 200, 0.14),
(8007, 9, 200, 0.25),
(8008, 12, 200, 0.12),
(8009, 13, 200, 0.14),
(8010, 7, 200, 0.18),
(8011, 8, 200, 0.22),
(8012, 10, 200, 0.08),
(8013, 11, 200, 0.10),
(8014, 14, 200, 0.16),
(8015, 18, 200, 0.40),
(8016, 19, 200, 0.45),
(8017, 22, 200, 0.22),
(8018, 23, 200, 0.30),
(8019, 25, 200, 0.40),
(8020, 26, 200, 0.50),
(8021, 15, 200, 0.22),
(8022, 16, 200, 0.28),
(8023, 17, 200, 0.35),
(8024, 20, 200, 0.50),
(8025, 21, 200, 0.20),
(8026, 24, 200, 0.32),
(8027, 27, 200, 0.55),
(8028, 29, 200, 0.55),
(8029, 30, 200, 0.65),
(8030, 28, 200, 0.60),
(8031, 31, 200, 0.75),
(8032, 32, 200, 0.85),
(8033, 34, 200, 1.05),
(8034, 35, 200, 1.50),
(8035, 37, 200, 1.20),
(8036, 39, 200, 3.00),
(8037, 33, 200, 0.95),
(8038, 36, 200, 1.00),
(8039, 38, 200, 1.50),
(8040, 40, 200, 5.00),
(8041, 1, 201, 0.04),
(8042, 2, 201, 0.06),
(8043, 3, 201, 0.08),
(8044, 4, 201, 0.10),
(8045, 5, 201, 0.12),
(8046, 6, 201, 0.14),
(8047, 9, 201, 0.25),
(8048, 12, 201, 0.12),
(8049, 13, 201, 0.14),
(8050, 7, 201, 0.18),
(8051, 8, 201, 0.22),
(8052, 10, 201, 0.08),
(8053, 11, 201, 0.10),
(8054, 14, 201, 0.16),
(8055, 18, 201, 0.40),
(8056, 19, 201, 0.45),
(8057, 22, 201, 0.22),
(8058, 23, 201, 0.30),
(8059, 25, 201, 0.40),
(8060, 26, 201, 0.50),
(8061, 15, 201, 0.22),
(8062, 16, 201, 0.28),
(8063, 17, 201, 0.35),
(8064, 20, 201, 0.50),
(8065, 21, 201, 0.20),
(8066, 24, 201, 0.32),
(8067, 27, 201, 0.55),
(8068, 29, 201, 0.55),
(8069, 30, 201, 0.65),
(8070, 28, 201, 0.60),
(8071, 31, 201, 0.75),
(8072, 32, 201, 0.85),
(8073, 34, 201, 1.05),
(8074, 35, 201, 1.50),
(8075, 37, 201, 1.20),
(8076, 39, 201, 3.00),
(8077, 33, 201, 0.95),
(8078, 36, 201, 1.00),
(8079, 38, 201, 1.50),
(8080, 40, 201, 5.00),
(8081, 1, 202, 0.04),
(8082, 2, 202, 0.06),
(8083, 3, 202, 0.08),
(8084, 4, 202, 0.10),
(8085, 5, 202, 0.12),
(8086, 6, 202, 0.14),
(8087, 9, 202, 0.25),
(8088, 12, 202, 0.12),
(8089, 13, 202, 0.14),
(8090, 7, 202, 0.18),
(8091, 8, 202, 0.22),
(8092, 10, 202, 0.08),
(8093, 11, 202, 0.10),
(8094, 14, 202, 0.16),
(8095, 18, 202, 0.40),
(8096, 19, 202, 0.45),
(8097, 22, 202, 0.22),
(8098, 23, 202, 0.30),
(8099, 25, 202, 0.40),
(8100, 26, 202, 0.50),
(8101, 15, 202, 0.22),
(8102, 16, 202, 0.28),
(8103, 17, 202, 0.35),
(8104, 20, 202, 0.50),
(8105, 21, 202, 0.20),
(8106, 24, 202, 0.32),
(8107, 27, 202, 0.55),
(8108, 29, 202, 0.55),
(8109, 30, 202, 0.65),
(8110, 28, 202, 0.60),
(8111, 31, 202, 0.75),
(8112, 32, 202, 0.85),
(8113, 34, 202, 1.05),
(8114, 35, 202, 1.50),
(8115, 37, 202, 1.20),
(8116, 39, 202, 3.00),
(8117, 33, 202, 0.95),
(8118, 36, 202, 1.00),
(8119, 38, 202, 1.50),
(8120, 40, 202, 5.00),
(8121, 1, 203, 0.04),
(8122, 2, 203, 0.06),
(8123, 3, 203, 0.08),
(8124, 4, 203, 0.10),
(8125, 5, 203, 0.12),
(8126, 6, 203, 0.14),
(8127, 9, 203, 0.25),
(8128, 12, 203, 0.12),
(8129, 13, 203, 0.14),
(8130, 7, 203, 0.18),
(8131, 8, 203, 0.22),
(8132, 10, 203, 0.08),
(8133, 11, 203, 0.10),
(8134, 14, 203, 0.16),
(8135, 18, 203, 0.40),
(8136, 19, 203, 0.45),
(8137, 22, 203, 0.22),
(8138, 23, 203, 0.30),
(8139, 25, 203, 0.40),
(8140, 26, 203, 0.50),
(8141, 15, 203, 0.22),
(8142, 16, 203, 0.28),
(8143, 17, 203, 0.35),
(8144, 20, 203, 0.50),
(8145, 21, 203, 0.20),
(8146, 24, 203, 0.32),
(8147, 27, 203, 0.55),
(8148, 29, 203, 0.55),
(8149, 30, 203, 0.65),
(8150, 28, 203, 0.60),
(8151, 31, 203, 0.75),
(8152, 32, 203, 0.85),
(8153, 34, 203, 1.05),
(8154, 35, 203, 1.50),
(8155, 37, 203, 1.20),
(8156, 39, 203, 3.00),
(8157, 33, 203, 0.95),
(8158, 36, 203, 1.00),
(8159, 38, 203, 1.50),
(8160, 40, 203, 5.00),
(8161, 1, 204, 0.04),
(8162, 2, 204, 0.06),
(8163, 3, 204, 0.08),
(8164, 4, 204, 0.10),
(8165, 5, 204, 0.12),
(8166, 6, 204, 0.14),
(8167, 9, 204, 0.25),
(8168, 12, 204, 0.12),
(8169, 13, 204, 0.14),
(8170, 7, 204, 0.18),
(8171, 8, 204, 0.22),
(8172, 10, 204, 0.08),
(8173, 11, 204, 0.10),
(8174, 14, 204, 0.16),
(8175, 18, 204, 0.40),
(8176, 19, 204, 0.45),
(8177, 22, 204, 0.22),
(8178, 23, 204, 0.30),
(8179, 25, 204, 0.40),
(8180, 26, 204, 0.50),
(8181, 15, 204, 0.22),
(8182, 16, 204, 0.28),
(8183, 17, 204, 0.35),
(8184, 20, 204, 0.50),
(8185, 21, 204, 0.20),
(8186, 24, 204, 0.32),
(8187, 27, 204, 0.55),
(8188, 29, 204, 0.55),
(8189, 30, 204, 0.65),
(8190, 28, 204, 0.60),
(8191, 31, 204, 0.75),
(8192, 32, 204, 0.85),
(8193, 34, 204, 1.05),
(8194, 35, 204, 1.50),
(8195, 37, 204, 1.20),
(8196, 39, 204, 3.00),
(8197, 33, 204, 0.95),
(8198, 36, 204, 1.00),
(8199, 38, 204, 1.50),
(8200, 40, 204, 5.00),
(8201, 1, 205, 0.04),
(8202, 2, 205, 0.06),
(8203, 3, 205, 0.08),
(8204, 4, 205, 0.10),
(8205, 5, 205, 0.12),
(8206, 6, 205, 0.14),
(8207, 9, 205, 0.25),
(8208, 12, 205, 0.12),
(8209, 13, 205, 0.14),
(8210, 7, 205, 0.18),
(8211, 8, 205, 0.22),
(8212, 10, 205, 0.08),
(8213, 11, 205, 0.10),
(8214, 14, 205, 0.16),
(8215, 18, 205, 0.40),
(8216, 19, 205, 0.45),
(8217, 22, 205, 0.22),
(8218, 23, 205, 0.30),
(8219, 25, 205, 0.40),
(8220, 26, 205, 0.50),
(8221, 15, 205, 0.22),
(8222, 16, 205, 0.28),
(8223, 17, 205, 0.35),
(8224, 20, 205, 0.50),
(8225, 21, 205, 0.20),
(8226, 24, 205, 0.32),
(8227, 27, 205, 0.55),
(8228, 29, 205, 0.55),
(8229, 30, 205, 0.65),
(8230, 28, 205, 0.60),
(8231, 31, 205, 0.75),
(8232, 32, 205, 0.85),
(8233, 34, 205, 1.05),
(8234, 35, 205, 1.50),
(8235, 37, 205, 1.20),
(8236, 39, 205, 3.00),
(8237, 33, 205, 0.95),
(8238, 36, 205, 1.00),
(8239, 38, 205, 1.50),
(8240, 40, 205, 5.00),
(8241, 1, 206, 0.04),
(8242, 2, 206, 0.06),
(8243, 3, 206, 0.08),
(8244, 4, 206, 0.10),
(8245, 5, 206, 0.12),
(8246, 6, 206, 0.14),
(8247, 9, 206, 0.25),
(8248, 12, 206, 0.12),
(8249, 13, 206, 0.14),
(8250, 7, 206, 0.18),
(8251, 8, 206, 0.22),
(8252, 10, 206, 0.08),
(8253, 11, 206, 0.10),
(8254, 14, 206, 0.16),
(8255, 18, 206, 0.40),
(8256, 19, 206, 0.45),
(8257, 22, 206, 0.22),
(8258, 23, 206, 0.30),
(8259, 25, 206, 0.40),
(8260, 26, 206, 0.50),
(8261, 15, 206, 0.22),
(8262, 16, 206, 0.28),
(8263, 17, 206, 0.35),
(8264, 20, 206, 0.50),
(8265, 21, 206, 0.20),
(8266, 24, 206, 0.32),
(8267, 27, 206, 0.55),
(8268, 29, 206, 0.55),
(8269, 30, 206, 0.65),
(8270, 28, 206, 0.60),
(8271, 31, 206, 0.75),
(8272, 32, 206, 0.85),
(8273, 34, 206, 1.05),
(8274, 35, 206, 1.50),
(8275, 37, 206, 1.20),
(8276, 39, 206, 3.00),
(8277, 33, 206, 0.95),
(8278, 36, 206, 1.00),
(8279, 38, 206, 1.50),
(8280, 40, 206, 5.00),
(8281, 1, 207, 0.04),
(8282, 2, 207, 0.06),
(8283, 3, 207, 0.08),
(8284, 4, 207, 0.10),
(8285, 5, 207, 0.12),
(8286, 6, 207, 0.14),
(8287, 9, 207, 0.25),
(8288, 12, 207, 0.12),
(8289, 13, 207, 0.14),
(8290, 7, 207, 0.18),
(8291, 8, 207, 0.22),
(8292, 10, 207, 0.08),
(8293, 11, 207, 0.10),
(8294, 14, 207, 0.16),
(8295, 18, 207, 0.40),
(8296, 19, 207, 0.45),
(8297, 22, 207, 0.22),
(8298, 23, 207, 0.30),
(8299, 25, 207, 0.40),
(8300, 26, 207, 0.50),
(8301, 15, 207, 0.22),
(8302, 16, 207, 0.28),
(8303, 17, 207, 0.35),
(8304, 20, 207, 0.50),
(8305, 21, 207, 0.20),
(8306, 24, 207, 0.32),
(8307, 27, 207, 0.55),
(8308, 29, 207, 0.55),
(8309, 30, 207, 0.65),
(8310, 28, 207, 0.60),
(8311, 31, 207, 0.75),
(8312, 32, 207, 0.85),
(8313, 34, 207, 1.05),
(8314, 35, 207, 1.50),
(8315, 37, 207, 1.20),
(8316, 39, 207, 3.00),
(8317, 33, 207, 0.95),
(8318, 36, 207, 1.00),
(8319, 38, 207, 1.50),
(8320, 40, 207, 5.00),
(8321, 1, 208, 0.04),
(8322, 2, 208, 0.06),
(8323, 3, 208, 0.08),
(8324, 4, 208, 0.10),
(8325, 5, 208, 0.12),
(8326, 6, 208, 0.14),
(8327, 9, 208, 0.25),
(8328, 12, 208, 0.12),
(8329, 13, 208, 0.14),
(8330, 7, 208, 0.18),
(8331, 8, 208, 0.22),
(8332, 10, 208, 0.08),
(8333, 11, 208, 0.10),
(8334, 14, 208, 0.16),
(8335, 18, 208, 0.40),
(8336, 19, 208, 0.45),
(8337, 22, 208, 0.22),
(8338, 23, 208, 0.30),
(8339, 25, 208, 0.40),
(8340, 26, 208, 0.50),
(8341, 15, 208, 0.22),
(8342, 16, 208, 0.28),
(8343, 17, 208, 0.35),
(8344, 20, 208, 0.50),
(8345, 21, 208, 0.20),
(8346, 24, 208, 0.32),
(8347, 27, 208, 0.55),
(8348, 29, 208, 0.55),
(8349, 30, 208, 0.65),
(8350, 28, 208, 0.60),
(8351, 31, 208, 0.75),
(8352, 32, 208, 0.85),
(8353, 34, 208, 1.05),
(8354, 35, 208, 1.50),
(8355, 37, 208, 1.20),
(8356, 39, 208, 3.00),
(8357, 33, 208, 0.95),
(8358, 36, 208, 1.00),
(8359, 38, 208, 1.50),
(8360, 40, 208, 5.00),
(8361, 1, 209, 0.04),
(8362, 2, 209, 0.06),
(8363, 3, 209, 0.08),
(8364, 4, 209, 0.10),
(8365, 5, 209, 0.12),
(8366, 6, 209, 0.14),
(8367, 9, 209, 0.25),
(8368, 12, 209, 0.12),
(8369, 13, 209, 0.14),
(8370, 7, 209, 0.18),
(8371, 8, 209, 0.22),
(8372, 10, 209, 0.08),
(8373, 11, 209, 0.10),
(8374, 14, 209, 0.16),
(8375, 18, 209, 0.40),
(8376, 19, 209, 0.45),
(8377, 22, 209, 0.22),
(8378, 23, 209, 0.30),
(8379, 25, 209, 0.40),
(8380, 26, 209, 0.50),
(8381, 15, 209, 0.22),
(8382, 16, 209, 0.28),
(8383, 17, 209, 0.35),
(8384, 20, 209, 0.50),
(8385, 21, 209, 0.20),
(8386, 24, 209, 0.32),
(8387, 27, 209, 0.55),
(8388, 29, 209, 0.55),
(8389, 30, 209, 0.65),
(8390, 28, 209, 0.60),
(8391, 31, 209, 0.75),
(8392, 32, 209, 0.85),
(8393, 34, 209, 1.05),
(8394, 35, 209, 1.50),
(8395, 37, 209, 1.20),
(8396, 39, 209, 3.00),
(8397, 33, 209, 0.95),
(8398, 36, 209, 1.00),
(8399, 38, 209, 1.50),
(8400, 40, 209, 5.00),
(8401, 1, 210, 0.04),
(8402, 2, 210, 0.06),
(8403, 3, 210, 0.08),
(8404, 4, 210, 0.10),
(8405, 5, 210, 0.12),
(8406, 6, 210, 0.14),
(8407, 9, 210, 0.25),
(8408, 12, 210, 0.12),
(8409, 13, 210, 0.14),
(8410, 7, 210, 0.18),
(8411, 8, 210, 0.22),
(8412, 10, 210, 0.08),
(8413, 11, 210, 0.10),
(8414, 14, 210, 0.16),
(8415, 18, 210, 0.40),
(8416, 19, 210, 0.45),
(8417, 22, 210, 0.22),
(8418, 23, 210, 0.30),
(8419, 25, 210, 0.40),
(8420, 26, 210, 0.50),
(8421, 15, 210, 0.22),
(8422, 16, 210, 0.28),
(8423, 17, 210, 0.35),
(8424, 20, 210, 0.50),
(8425, 21, 210, 0.20),
(8426, 24, 210, 0.32),
(8427, 27, 210, 0.55),
(8428, 29, 210, 0.55),
(8429, 30, 210, 0.65),
(8430, 28, 210, 0.60),
(8431, 31, 210, 0.75),
(8432, 32, 210, 0.85),
(8433, 34, 210, 1.05),
(8434, 35, 210, 1.50),
(8435, 37, 210, 1.20),
(8436, 39, 210, 3.00),
(8437, 33, 210, 0.95),
(8438, 36, 210, 1.00),
(8439, 38, 210, 1.50),
(8440, 40, 210, 5.00),
(8441, 1, 211, 0.04),
(8442, 2, 211, 0.06),
(8443, 3, 211, 0.08),
(8444, 4, 211, 0.10),
(8445, 5, 211, 0.12),
(8446, 6, 211, 0.14),
(8447, 9, 211, 0.25),
(8448, 12, 211, 0.12),
(8449, 13, 211, 0.14),
(8450, 7, 211, 0.18),
(8451, 8, 211, 0.22),
(8452, 10, 211, 0.08),
(8453, 11, 211, 0.10),
(8454, 14, 211, 0.16),
(8455, 18, 211, 0.40),
(8456, 19, 211, 0.45),
(8457, 22, 211, 0.22),
(8458, 23, 211, 0.30),
(8459, 25, 211, 0.40),
(8460, 26, 211, 0.50),
(8461, 15, 211, 0.22),
(8462, 16, 211, 0.28),
(8463, 17, 211, 0.35),
(8464, 20, 211, 0.50),
(8465, 21, 211, 0.20),
(8466, 24, 211, 0.32),
(8467, 27, 211, 0.55),
(8468, 29, 211, 0.55),
(8469, 30, 211, 0.65),
(8470, 28, 211, 0.60),
(8471, 31, 211, 0.75),
(8472, 32, 211, 0.85),
(8473, 34, 211, 1.05),
(8474, 35, 211, 1.50),
(8475, 37, 211, 1.20),
(8476, 39, 211, 3.00),
(8477, 33, 211, 0.95),
(8478, 36, 211, 1.00),
(8479, 38, 211, 1.50),
(8480, 40, 211, 5.00),
(8481, 1, 212, 0.04),
(8482, 2, 212, 0.06),
(8483, 3, 212, 0.08),
(8484, 4, 212, 0.10),
(8485, 5, 212, 0.12),
(8486, 6, 212, 0.14),
(8487, 9, 212, 0.25),
(8488, 12, 212, 0.12),
(8489, 13, 212, 0.14),
(8490, 7, 212, 0.18),
(8491, 8, 212, 0.22),
(8492, 10, 212, 0.08),
(8493, 11, 212, 0.10),
(8494, 14, 212, 0.16),
(8495, 18, 212, 0.40),
(8496, 19, 212, 0.45),
(8497, 22, 212, 0.22),
(8498, 23, 212, 0.30),
(8499, 25, 212, 0.40),
(8500, 26, 212, 0.50),
(8501, 15, 212, 0.22),
(8502, 16, 212, 0.28),
(8503, 17, 212, 0.35),
(8504, 20, 212, 0.50),
(8505, 21, 212, 0.20),
(8506, 24, 212, 0.32),
(8507, 27, 212, 0.55),
(8508, 29, 212, 0.55),
(8509, 30, 212, 0.65),
(8510, 28, 212, 0.60),
(8511, 31, 212, 0.75),
(8512, 32, 212, 0.85),
(8513, 34, 212, 1.05),
(8514, 35, 212, 1.50),
(8515, 37, 212, 1.20),
(8516, 39, 212, 3.00),
(8517, 33, 212, 0.95),
(8518, 36, 212, 1.00),
(8519, 38, 212, 1.50),
(8520, 40, 212, 5.00),
(8521, 1, 213, 0.04),
(8522, 2, 213, 0.06),
(8523, 3, 213, 0.08),
(8524, 4, 213, 0.10),
(8525, 5, 213, 0.12),
(8526, 6, 213, 0.14),
(8527, 9, 213, 0.25),
(8528, 12, 213, 0.12),
(8529, 13, 213, 0.14),
(8530, 7, 213, 0.18),
(8531, 8, 213, 0.22),
(8532, 10, 213, 0.08),
(8533, 11, 213, 0.10),
(8534, 14, 213, 0.16),
(8535, 18, 213, 0.40),
(8536, 19, 213, 0.45),
(8537, 22, 213, 0.22),
(8538, 23, 213, 0.30),
(8539, 25, 213, 0.40),
(8540, 26, 213, 0.50),
(8541, 15, 213, 0.22),
(8542, 16, 213, 0.28),
(8543, 17, 213, 0.35),
(8544, 20, 213, 0.50),
(8545, 21, 213, 0.20),
(8546, 24, 213, 0.32),
(8547, 27, 213, 0.55),
(8548, 29, 213, 0.55),
(8549, 30, 213, 0.65),
(8550, 28, 213, 0.60),
(8551, 31, 213, 0.75),
(8552, 32, 213, 0.85),
(8553, 34, 213, 1.05),
(8554, 35, 213, 1.50),
(8555, 37, 213, 1.20),
(8556, 39, 213, 3.00),
(8557, 33, 213, 0.95),
(8558, 36, 213, 1.00),
(8559, 38, 213, 1.50),
(8560, 40, 213, 5.00),
(8561, 1, 214, 0.04),
(8562, 2, 214, 0.06),
(8563, 3, 214, 0.08),
(8564, 4, 214, 0.10),
(8565, 5, 214, 0.12),
(8566, 6, 214, 0.14),
(8567, 9, 214, 0.25),
(8568, 12, 214, 0.12),
(8569, 13, 214, 0.14),
(8570, 7, 214, 0.18),
(8571, 8, 214, 0.22),
(8572, 10, 214, 0.08),
(8573, 11, 214, 0.10),
(8574, 14, 214, 0.16),
(8575, 18, 214, 0.40),
(8576, 19, 214, 0.45),
(8577, 22, 214, 0.22),
(8578, 23, 214, 0.30),
(8579, 25, 214, 0.40),
(8580, 26, 214, 0.50),
(8581, 15, 214, 0.22),
(8582, 16, 214, 0.28),
(8583, 17, 214, 0.35),
(8584, 20, 214, 0.50),
(8585, 21, 214, 0.20),
(8586, 24, 214, 0.32),
(8587, 27, 214, 0.55),
(8588, 29, 214, 0.55),
(8589, 30, 214, 0.65),
(8590, 28, 214, 0.60),
(8591, 31, 214, 0.75),
(8592, 32, 214, 0.85),
(8593, 34, 214, 1.05),
(8594, 35, 214, 1.50),
(8595, 37, 214, 1.20),
(8596, 39, 214, 3.00),
(8597, 33, 214, 0.95),
(8598, 36, 214, 1.00),
(8599, 38, 214, 1.50),
(8600, 40, 214, 5.00),
(8601, 1, 215, 0.04),
(8602, 2, 215, 0.06),
(8603, 3, 215, 0.08),
(8604, 4, 215, 0.10),
(8605, 5, 215, 0.12),
(8606, 6, 215, 0.14),
(8607, 9, 215, 0.25),
(8608, 12, 215, 0.12),
(8609, 13, 215, 0.14),
(8610, 7, 215, 0.18),
(8611, 8, 215, 0.22),
(8612, 10, 215, 0.08),
(8613, 11, 215, 0.10),
(8614, 14, 215, 0.16),
(8615, 18, 215, 0.40),
(8616, 19, 215, 0.45),
(8617, 22, 215, 0.22),
(8618, 23, 215, 0.30),
(8619, 25, 215, 0.40),
(8620, 26, 215, 0.50),
(8621, 15, 215, 0.22),
(8622, 16, 215, 0.28),
(8623, 17, 215, 0.35),
(8624, 20, 215, 0.50),
(8625, 21, 215, 0.20),
(8626, 24, 215, 0.32),
(8627, 27, 215, 0.55),
(8628, 29, 215, 0.55),
(8629, 30, 215, 0.65),
(8630, 28, 215, 0.60),
(8631, 31, 215, 0.75),
(8632, 32, 215, 0.85),
(8633, 34, 215, 1.05),
(8634, 35, 215, 1.50),
(8635, 37, 215, 1.20),
(8636, 39, 215, 3.00),
(8637, 33, 215, 0.95),
(8638, 36, 215, 1.00),
(8639, 38, 215, 1.50),
(8640, 40, 215, 5.00),
(8641, 1, 216, 0.04),
(8642, 2, 216, 0.06),
(8643, 3, 216, 0.08),
(8644, 4, 216, 0.10),
(8645, 5, 216, 0.12),
(8646, 6, 216, 0.14),
(8647, 9, 216, 0.25),
(8648, 12, 216, 0.12),
(8649, 13, 216, 0.14),
(8650, 7, 216, 0.18),
(8651, 8, 216, 0.22),
(8652, 10, 216, 0.08),
(8653, 11, 216, 0.10),
(8654, 14, 216, 0.16),
(8655, 18, 216, 0.40),
(8656, 19, 216, 0.45),
(8657, 22, 216, 0.22),
(8658, 23, 216, 0.30),
(8659, 25, 216, 0.40),
(8660, 26, 216, 0.50),
(8661, 15, 216, 0.22),
(8662, 16, 216, 0.28),
(8663, 17, 216, 0.35),
(8664, 20, 216, 0.50),
(8665, 21, 216, 0.20),
(8666, 24, 216, 0.32),
(8667, 27, 216, 0.55),
(8668, 29, 216, 0.55),
(8669, 30, 216, 0.65),
(8670, 28, 216, 0.60),
(8671, 31, 216, 0.75),
(8672, 32, 216, 0.85),
(8673, 34, 216, 1.05),
(8674, 35, 216, 1.50),
(8675, 37, 216, 1.20),
(8676, 39, 216, 3.00),
(8677, 33, 216, 0.95),
(8678, 36, 216, 1.00),
(8679, 38, 216, 1.50),
(8680, 40, 216, 5.00),
(8681, 1, 217, 0.04),
(8682, 2, 217, 0.06),
(8683, 3, 217, 0.08),
(8684, 4, 217, 0.10),
(8685, 5, 217, 0.12),
(8686, 6, 217, 0.14),
(8687, 9, 217, 0.25),
(8688, 12, 217, 0.12),
(8689, 13, 217, 0.14),
(8690, 7, 217, 0.18),
(8691, 8, 217, 0.22),
(8692, 10, 217, 0.08),
(8693, 11, 217, 0.10),
(8694, 14, 217, 0.16),
(8695, 18, 217, 0.40),
(8696, 19, 217, 0.45),
(8697, 22, 217, 0.22),
(8698, 23, 217, 0.30),
(8699, 25, 217, 0.40),
(8700, 26, 217, 0.50),
(8701, 15, 217, 0.22),
(8702, 16, 217, 0.28),
(8703, 17, 217, 0.35),
(8704, 20, 217, 0.50),
(8705, 21, 217, 0.20),
(8706, 24, 217, 0.32),
(8707, 27, 217, 0.55),
(8708, 29, 217, 0.55),
(8709, 30, 217, 0.65),
(8710, 28, 217, 0.60),
(8711, 31, 217, 0.75),
(8712, 32, 217, 0.85),
(8713, 34, 217, 1.05),
(8714, 35, 217, 1.50),
(8715, 37, 217, 1.20),
(8716, 39, 217, 3.00),
(8717, 33, 217, 0.95),
(8718, 36, 217, 1.00),
(8719, 38, 217, 1.50),
(8720, 40, 217, 5.00),
(8721, 1, 218, 0.04),
(8722, 2, 218, 0.06),
(8723, 3, 218, 0.08),
(8724, 4, 218, 0.10),
(8725, 5, 218, 0.12),
(8726, 6, 218, 0.14),
(8727, 9, 218, 0.25),
(8728, 12, 218, 0.12),
(8729, 13, 218, 0.14),
(8730, 7, 218, 0.18),
(8731, 8, 218, 0.22),
(8732, 10, 218, 0.08),
(8733, 11, 218, 0.10),
(8734, 14, 218, 0.16),
(8735, 18, 218, 0.40),
(8736, 19, 218, 0.45),
(8737, 22, 218, 0.22),
(8738, 23, 218, 0.30),
(8739, 25, 218, 0.40),
(8740, 26, 218, 0.50),
(8741, 15, 218, 0.22),
(8742, 16, 218, 0.28),
(8743, 17, 218, 0.35),
(8744, 20, 218, 0.50),
(8745, 21, 218, 0.20),
(8746, 24, 218, 0.32),
(8747, 27, 218, 0.55),
(8748, 29, 218, 0.55),
(8749, 30, 218, 0.65),
(8750, 28, 218, 0.60),
(8751, 31, 218, 0.75),
(8752, 32, 218, 0.85),
(8753, 34, 218, 1.05),
(8754, 35, 218, 1.50),
(8755, 37, 218, 1.20),
(8756, 39, 218, 3.00),
(8757, 33, 218, 0.95),
(8758, 36, 218, 1.00),
(8759, 38, 218, 1.50),
(8760, 40, 218, 5.00),
(8761, 1, 219, 0.04),
(8762, 2, 219, 0.06),
(8763, 3, 219, 0.08),
(8764, 4, 219, 0.10),
(8765, 5, 219, 0.12),
(8766, 6, 219, 0.14),
(8767, 9, 219, 0.25),
(8768, 12, 219, 0.12),
(8769, 13, 219, 0.14),
(8770, 7, 219, 0.18),
(8771, 8, 219, 0.22),
(8772, 10, 219, 0.08),
(8773, 11, 219, 0.10),
(8774, 14, 219, 0.16),
(8775, 18, 219, 0.40),
(8776, 19, 219, 0.45),
(8777, 22, 219, 0.22),
(8778, 23, 219, 0.30),
(8779, 25, 219, 0.40),
(8780, 26, 219, 0.50),
(8781, 15, 219, 0.22),
(8782, 16, 219, 0.28),
(8783, 17, 219, 0.35),
(8784, 20, 219, 0.50),
(8785, 21, 219, 0.20),
(8786, 24, 219, 0.32),
(8787, 27, 219, 0.55),
(8788, 29, 219, 0.55),
(8789, 30, 219, 0.65),
(8790, 28, 219, 0.60),
(8791, 31, 219, 0.75),
(8792, 32, 219, 0.85),
(8793, 34, 219, 1.05),
(8794, 35, 219, 1.50),
(8795, 37, 219, 1.20),
(8796, 39, 219, 3.00),
(8797, 33, 219, 0.95),
(8798, 36, 219, 1.00),
(8799, 38, 219, 1.50),
(8800, 40, 219, 5.00),
(8801, 1, 220, 0.04),
(8802, 2, 220, 0.06),
(8803, 3, 220, 0.08),
(8804, 4, 220, 0.10),
(8805, 5, 220, 0.12),
(8806, 6, 220, 0.14),
(8807, 9, 220, 0.25),
(8808, 12, 220, 0.12),
(8809, 13, 220, 0.14),
(8810, 7, 220, 0.18),
(8811, 8, 220, 0.22),
(8812, 10, 220, 0.08),
(8813, 11, 220, 0.10),
(8814, 14, 220, 0.16),
(8815, 18, 220, 0.40),
(8816, 19, 220, 0.45),
(8817, 22, 220, 0.22),
(8818, 23, 220, 0.30),
(8819, 25, 220, 0.40),
(8820, 26, 220, 0.50),
(8821, 15, 220, 0.22),
(8822, 16, 220, 0.28),
(8823, 17, 220, 0.35),
(8824, 20, 220, 0.50),
(8825, 21, 220, 0.20),
(8826, 24, 220, 0.32),
(8827, 27, 220, 0.55),
(8828, 29, 220, 0.55),
(8829, 30, 220, 0.65),
(8830, 28, 220, 0.60),
(8831, 31, 220, 0.75),
(8832, 32, 220, 0.85),
(8833, 34, 220, 1.05),
(8834, 35, 220, 1.50),
(8835, 37, 220, 1.20),
(8836, 39, 220, 3.00),
(8837, 33, 220, 0.95),
(8838, 36, 220, 1.00),
(8839, 38, 220, 1.50),
(8840, 40, 220, 5.00),
(8841, 1, 221, 0.04),
(8842, 2, 221, 0.06),
(8843, 3, 221, 0.08),
(8844, 4, 221, 0.10),
(8845, 5, 221, 0.12),
(8846, 6, 221, 0.14),
(8847, 9, 221, 0.25),
(8848, 12, 221, 0.12),
(8849, 13, 221, 0.14),
(8850, 7, 221, 0.18),
(8851, 8, 221, 0.22),
(8852, 10, 221, 0.08),
(8853, 11, 221, 0.10),
(8854, 14, 221, 0.16),
(8855, 18, 221, 0.40),
(8856, 19, 221, 0.45),
(8857, 22, 221, 0.22),
(8858, 23, 221, 0.30),
(8859, 25, 221, 0.40),
(8860, 26, 221, 0.50),
(8861, 15, 221, 0.22),
(8862, 16, 221, 0.28),
(8863, 17, 221, 0.35),
(8864, 20, 221, 0.50),
(8865, 21, 221, 0.20),
(8866, 24, 221, 0.32),
(8867, 27, 221, 0.55),
(8868, 29, 221, 0.55),
(8869, 30, 221, 0.65),
(8870, 28, 221, 0.60),
(8871, 31, 221, 0.75),
(8872, 32, 221, 0.85),
(8873, 34, 221, 1.05),
(8874, 35, 221, 1.50),
(8875, 37, 221, 1.20),
(8876, 39, 221, 3.00),
(8877, 33, 221, 0.95),
(8878, 36, 221, 1.00),
(8879, 38, 221, 1.50),
(8880, 40, 221, 5.00),
(8881, 1, 222, 0.04),
(8882, 2, 222, 0.06),
(8883, 3, 222, 0.08),
(8884, 4, 222, 0.10),
(8885, 5, 222, 0.12),
(8886, 6, 222, 0.14),
(8887, 9, 222, 0.25),
(8888, 12, 222, 0.12),
(8889, 13, 222, 0.14),
(8890, 7, 222, 0.18),
(8891, 8, 222, 0.22),
(8892, 10, 222, 0.08),
(8893, 11, 222, 0.10),
(8894, 14, 222, 0.16),
(8895, 18, 222, 0.40),
(8896, 19, 222, 0.45),
(8897, 22, 222, 0.22),
(8898, 23, 222, 0.30),
(8899, 25, 222, 0.40),
(8900, 26, 222, 0.50),
(8901, 15, 222, 0.22),
(8902, 16, 222, 0.28),
(8903, 17, 222, 0.35),
(8904, 20, 222, 0.50),
(8905, 21, 222, 0.20),
(8906, 24, 222, 0.32),
(8907, 27, 222, 0.55),
(8908, 29, 222, 0.55),
(8909, 30, 222, 0.65),
(8910, 28, 222, 0.60),
(8911, 31, 222, 0.75),
(8912, 32, 222, 0.85),
(8913, 34, 222, 1.05),
(8914, 35, 222, 1.50),
(8915, 37, 222, 1.20),
(8916, 39, 222, 3.00),
(8917, 33, 222, 0.95),
(8918, 36, 222, 1.00),
(8919, 38, 222, 1.50),
(8920, 40, 222, 5.00),
(8921, 1, 223, 0.04),
(8922, 2, 223, 0.06),
(8923, 3, 223, 0.08),
(8924, 4, 223, 0.10),
(8925, 5, 223, 0.12),
(8926, 6, 223, 0.14),
(8927, 9, 223, 0.25),
(8928, 12, 223, 0.12),
(8929, 13, 223, 0.14),
(8930, 7, 223, 0.18),
(8931, 8, 223, 0.22),
(8932, 10, 223, 0.08),
(8933, 11, 223, 0.10),
(8934, 14, 223, 0.16),
(8935, 18, 223, 0.40),
(8936, 19, 223, 0.45),
(8937, 22, 223, 0.22),
(8938, 23, 223, 0.30),
(8939, 25, 223, 0.40),
(8940, 26, 223, 0.50),
(8941, 15, 223, 0.22),
(8942, 16, 223, 0.28),
(8943, 17, 223, 0.35),
(8944, 20, 223, 0.50),
(8945, 21, 223, 0.20),
(8946, 24, 223, 0.32),
(8947, 27, 223, 0.55),
(8948, 29, 223, 0.55),
(8949, 30, 223, 0.65),
(8950, 28, 223, 0.60),
(8951, 31, 223, 0.75),
(8952, 32, 223, 0.85),
(8953, 34, 223, 1.05),
(8954, 35, 223, 1.50),
(8955, 37, 223, 1.20),
(8956, 39, 223, 3.00),
(8957, 33, 223, 0.95),
(8958, 36, 223, 1.00),
(8959, 38, 223, 1.50),
(8960, 40, 223, 5.00),
(8961, 1, 224, 0.04),
(8962, 2, 224, 0.06),
(8963, 3, 224, 0.08),
(8964, 4, 224, 0.10),
(8965, 5, 224, 0.12),
(8966, 6, 224, 0.14),
(8967, 9, 224, 0.25),
(8968, 12, 224, 0.12),
(8969, 13, 224, 0.14),
(8970, 7, 224, 0.18),
(8971, 8, 224, 0.22),
(8972, 10, 224, 0.08),
(8973, 11, 224, 0.10),
(8974, 14, 224, 0.16),
(8975, 18, 224, 0.40),
(8976, 19, 224, 0.45),
(8977, 22, 224, 0.22),
(8978, 23, 224, 0.30),
(8979, 25, 224, 0.40),
(8980, 26, 224, 0.50),
(8981, 15, 224, 0.22),
(8982, 16, 224, 0.28),
(8983, 17, 224, 0.35),
(8984, 20, 224, 0.50),
(8985, 21, 224, 0.20),
(8986, 24, 224, 0.32),
(8987, 27, 224, 0.55),
(8988, 29, 224, 0.55),
(8989, 30, 224, 0.65),
(8990, 28, 224, 0.60),
(8991, 31, 224, 0.75),
(8992, 32, 224, 0.85),
(8993, 34, 224, 1.05),
(8994, 35, 224, 1.50),
(8995, 37, 224, 1.20),
(8996, 39, 224, 3.00),
(8997, 33, 224, 0.95),
(8998, 36, 224, 1.00),
(8999, 38, 224, 1.50),
(9000, 40, 224, 5.00),
(9001, 1, 225, 0.04),
(9002, 2, 225, 0.06),
(9003, 3, 225, 0.08),
(9004, 4, 225, 0.10),
(9005, 5, 225, 0.12),
(9006, 6, 225, 0.14),
(9007, 9, 225, 0.25),
(9008, 12, 225, 0.12),
(9009, 13, 225, 0.14),
(9010, 7, 225, 0.18),
(9011, 8, 225, 0.22),
(9012, 10, 225, 0.08),
(9013, 11, 225, 0.10),
(9014, 14, 225, 0.16),
(9015, 18, 225, 0.40),
(9016, 19, 225, 0.45),
(9017, 22, 225, 0.22),
(9018, 23, 225, 0.30),
(9019, 25, 225, 0.40),
(9020, 26, 225, 0.50),
(9021, 15, 225, 0.22),
(9022, 16, 225, 0.28),
(9023, 17, 225, 0.35),
(9024, 20, 225, 0.50),
(9025, 21, 225, 0.20),
(9026, 24, 225, 0.32),
(9027, 27, 225, 0.55),
(9028, 29, 225, 0.55),
(9029, 30, 225, 0.65),
(9030, 28, 225, 0.60),
(9031, 31, 225, 0.75),
(9032, 32, 225, 0.85),
(9033, 34, 225, 1.05),
(9034, 35, 225, 1.50),
(9035, 37, 225, 1.20),
(9036, 39, 225, 3.00),
(9037, 33, 225, 0.95),
(9038, 36, 225, 1.00),
(9039, 38, 225, 1.50),
(9040, 40, 225, 5.00),
(9041, 1, 226, 0.04),
(9042, 2, 226, 0.06),
(9043, 3, 226, 0.08),
(9044, 4, 226, 0.10),
(9045, 5, 226, 0.12),
(9046, 6, 226, 0.14),
(9047, 9, 226, 0.25),
(9048, 12, 226, 0.12),
(9049, 13, 226, 0.14),
(9050, 7, 226, 0.18),
(9051, 8, 226, 0.22),
(9052, 10, 226, 0.08),
(9053, 11, 226, 0.10),
(9054, 14, 226, 0.16),
(9055, 18, 226, 0.40),
(9056, 19, 226, 0.45),
(9057, 22, 226, 0.22),
(9058, 23, 226, 0.30),
(9059, 25, 226, 0.40),
(9060, 26, 226, 0.50),
(9061, 15, 226, 0.22),
(9062, 16, 226, 0.28),
(9063, 17, 226, 0.35),
(9064, 20, 226, 0.50),
(9065, 21, 226, 0.20),
(9066, 24, 226, 0.32),
(9067, 27, 226, 0.55),
(9068, 29, 226, 0.55),
(9069, 30, 226, 0.65),
(9070, 28, 226, 0.60),
(9071, 31, 226, 0.75),
(9072, 32, 226, 0.85),
(9073, 34, 226, 1.05),
(9074, 35, 226, 1.50),
(9075, 37, 226, 1.20),
(9076, 39, 226, 3.00),
(9077, 33, 226, 0.95),
(9078, 36, 226, 1.00),
(9079, 38, 226, 1.50),
(9080, 40, 226, 5.00),
(9081, 1, 227, 0.04),
(9082, 2, 227, 0.06),
(9083, 3, 227, 0.08),
(9084, 4, 227, 0.10),
(9085, 5, 227, 0.12),
(9086, 6, 227, 0.14),
(9087, 9, 227, 0.25),
(9088, 12, 227, 0.12),
(9089, 13, 227, 0.14),
(9090, 7, 227, 0.18),
(9091, 8, 227, 0.22),
(9092, 10, 227, 0.08),
(9093, 11, 227, 0.10),
(9094, 14, 227, 0.16),
(9095, 18, 227, 0.40),
(9096, 19, 227, 0.45),
(9097, 22, 227, 0.22),
(9098, 23, 227, 0.30),
(9099, 25, 227, 0.40),
(9100, 26, 227, 0.50),
(9101, 15, 227, 0.22),
(9102, 16, 227, 0.28),
(9103, 17, 227, 0.35),
(9104, 20, 227, 0.50),
(9105, 21, 227, 0.20),
(9106, 24, 227, 0.32),
(9107, 27, 227, 0.55),
(9108, 29, 227, 0.55),
(9109, 30, 227, 0.65),
(9110, 28, 227, 0.60),
(9111, 31, 227, 0.75),
(9112, 32, 227, 0.85),
(9113, 34, 227, 1.05),
(9114, 35, 227, 1.50),
(9115, 37, 227, 1.20),
(9116, 39, 227, 3.00),
(9117, 33, 227, 0.95),
(9118, 36, 227, 1.00),
(9119, 38, 227, 1.50),
(9120, 40, 227, 5.00),
(9121, 1, 228, 0.04),
(9122, 2, 228, 0.06),
(9123, 3, 228, 0.08),
(9124, 4, 228, 0.10),
(9125, 5, 228, 0.12),
(9126, 6, 228, 0.14),
(9127, 9, 228, 0.25),
(9128, 12, 228, 0.12),
(9129, 13, 228, 0.14),
(9130, 7, 228, 0.18),
(9131, 8, 228, 0.22),
(9132, 10, 228, 0.08),
(9133, 11, 228, 0.10),
(9134, 14, 228, 0.16),
(9135, 18, 228, 0.40),
(9136, 19, 228, 0.45),
(9137, 22, 228, 0.22),
(9138, 23, 228, 0.30),
(9139, 25, 228, 0.40),
(9140, 26, 228, 0.50),
(9141, 15, 228, 0.22),
(9142, 16, 228, 0.28),
(9143, 17, 228, 0.35),
(9144, 20, 228, 0.50),
(9145, 21, 228, 0.20),
(9146, 24, 228, 0.32),
(9147, 27, 228, 0.55),
(9148, 29, 228, 0.55),
(9149, 30, 228, 0.65),
(9150, 28, 228, 0.60),
(9151, 31, 228, 0.75),
(9152, 32, 228, 0.85),
(9153, 34, 228, 1.05),
(9154, 35, 228, 1.50),
(9155, 37, 228, 1.20),
(9156, 39, 228, 3.00),
(9157, 33, 228, 0.95),
(9158, 36, 228, 1.00),
(9159, 38, 228, 1.50),
(9160, 40, 228, 5.00),
(9161, 1, 229, 0.04),
(9162, 2, 229, 0.06),
(9163, 3, 229, 0.08),
(9164, 4, 229, 0.10),
(9165, 5, 229, 0.12),
(9166, 6, 229, 0.14),
(9167, 9, 229, 0.25),
(9168, 12, 229, 0.12),
(9169, 13, 229, 0.14),
(9170, 7, 229, 0.18),
(9171, 8, 229, 0.22),
(9172, 10, 229, 0.08),
(9173, 11, 229, 0.10),
(9174, 14, 229, 0.16),
(9175, 18, 229, 0.40),
(9176, 19, 229, 0.45),
(9177, 22, 229, 0.22),
(9178, 23, 229, 0.30),
(9179, 25, 229, 0.40),
(9180, 26, 229, 0.50),
(9181, 15, 229, 0.22),
(9182, 16, 229, 0.28),
(9183, 17, 229, 0.35),
(9184, 20, 229, 0.50),
(9185, 21, 229, 0.20),
(9186, 24, 229, 0.32),
(9187, 27, 229, 0.55),
(9188, 29, 229, 0.55),
(9189, 30, 229, 0.65),
(9190, 28, 229, 0.60),
(9191, 31, 229, 0.75),
(9192, 32, 229, 0.85),
(9193, 34, 229, 1.05),
(9194, 35, 229, 1.50),
(9195, 37, 229, 1.20),
(9196, 39, 229, 3.00),
(9197, 33, 229, 0.95),
(9198, 36, 229, 1.00),
(9199, 38, 229, 1.50),
(9200, 40, 229, 5.00),
(9201, 1, 230, 0.04),
(9202, 2, 230, 0.06),
(9203, 3, 230, 0.08),
(9204, 4, 230, 0.10),
(9205, 5, 230, 0.12),
(9206, 6, 230, 0.14),
(9207, 9, 230, 0.25),
(9208, 12, 230, 0.12),
(9209, 13, 230, 0.14),
(9210, 7, 230, 0.18),
(9211, 8, 230, 0.22),
(9212, 10, 230, 0.08),
(9213, 11, 230, 0.10),
(9214, 14, 230, 0.16),
(9215, 18, 230, 0.40),
(9216, 19, 230, 0.45),
(9217, 22, 230, 0.22),
(9218, 23, 230, 0.30),
(9219, 25, 230, 0.40),
(9220, 26, 230, 0.50),
(9221, 15, 230, 0.22),
(9222, 16, 230, 0.28),
(9223, 17, 230, 0.35),
(9224, 20, 230, 0.50),
(9225, 21, 230, 0.20),
(9226, 24, 230, 0.32),
(9227, 27, 230, 0.55),
(9228, 29, 230, 0.55),
(9229, 30, 230, 0.65),
(9230, 28, 230, 0.60),
(9231, 31, 230, 0.75),
(9232, 32, 230, 0.85),
(9233, 34, 230, 1.05),
(9234, 35, 230, 1.50),
(9235, 37, 230, 1.20),
(9236, 39, 230, 3.00),
(9237, 33, 230, 0.95),
(9238, 36, 230, 1.00),
(9239, 38, 230, 1.50),
(9240, 40, 230, 5.00),
(9241, 1, 231, 0.04),
(9242, 2, 231, 0.06),
(9243, 3, 231, 0.08),
(9244, 4, 231, 0.10),
(9245, 5, 231, 0.12),
(9246, 6, 231, 0.14),
(9247, 9, 231, 0.25),
(9248, 12, 231, 0.12),
(9249, 13, 231, 0.14),
(9250, 7, 231, 0.18),
(9251, 8, 231, 0.22),
(9252, 10, 231, 0.08),
(9253, 11, 231, 0.10),
(9254, 14, 231, 0.16),
(9255, 18, 231, 0.40),
(9256, 19, 231, 0.45),
(9257, 22, 231, 0.22),
(9258, 23, 231, 0.30),
(9259, 25, 231, 0.40),
(9260, 26, 231, 0.50),
(9261, 15, 231, 0.22),
(9262, 16, 231, 0.28),
(9263, 17, 231, 0.35),
(9264, 20, 231, 0.50),
(9265, 21, 231, 0.20),
(9266, 24, 231, 0.32),
(9267, 27, 231, 0.55),
(9268, 29, 231, 0.55),
(9269, 30, 231, 0.65),
(9270, 28, 231, 0.60),
(9271, 31, 231, 0.75),
(9272, 32, 231, 0.85),
(9273, 34, 231, 1.05),
(9274, 35, 231, 1.50),
(9275, 37, 231, 1.20),
(9276, 39, 231, 3.00),
(9277, 33, 231, 0.95),
(9278, 36, 231, 1.00),
(9279, 38, 231, 1.50),
(9280, 40, 231, 5.00),
(9281, 1, 232, 0.04),
(9282, 2, 232, 0.06),
(9283, 3, 232, 0.08),
(9284, 4, 232, 0.10),
(9285, 5, 232, 0.12),
(9286, 6, 232, 0.14),
(9287, 9, 232, 0.25),
(9288, 12, 232, 0.12),
(9289, 13, 232, 0.14),
(9290, 7, 232, 0.18),
(9291, 8, 232, 0.22),
(9292, 10, 232, 0.08),
(9293, 11, 232, 0.10),
(9294, 14, 232, 0.16),
(9295, 18, 232, 0.40),
(9296, 19, 232, 0.45),
(9297, 22, 232, 0.22),
(9298, 23, 232, 0.30),
(9299, 25, 232, 0.40),
(9300, 26, 232, 0.50),
(9301, 15, 232, 0.22),
(9302, 16, 232, 0.28),
(9303, 17, 232, 0.35),
(9304, 20, 232, 0.50),
(9305, 21, 232, 0.20),
(9306, 24, 232, 0.32),
(9307, 27, 232, 0.55),
(9308, 29, 232, 0.55),
(9309, 30, 232, 0.65),
(9310, 28, 232, 0.60),
(9311, 31, 232, 0.75),
(9312, 32, 232, 0.85),
(9313, 34, 232, 1.05),
(9314, 35, 232, 1.50),
(9315, 37, 232, 1.20),
(9316, 39, 232, 3.00),
(9317, 33, 232, 0.95),
(9318, 36, 232, 1.00),
(9319, 38, 232, 1.50),
(9320, 40, 232, 5.00),
(9321, 1, 233, 0.04),
(9322, 2, 233, 0.06),
(9323, 3, 233, 0.08),
(9324, 4, 233, 0.10),
(9325, 5, 233, 0.12),
(9326, 6, 233, 0.14),
(9327, 9, 233, 0.25),
(9328, 12, 233, 0.12),
(9329, 13, 233, 0.14),
(9330, 7, 233, 0.18),
(9331, 8, 233, 0.22),
(9332, 10, 233, 0.08),
(9333, 11, 233, 0.10),
(9334, 14, 233, 0.16),
(9335, 18, 233, 0.40),
(9336, 19, 233, 0.45),
(9337, 22, 233, 0.22),
(9338, 23, 233, 0.30),
(9339, 25, 233, 0.40),
(9340, 26, 233, 0.50),
(9341, 15, 233, 0.22),
(9342, 16, 233, 0.28),
(9343, 17, 233, 0.35),
(9344, 20, 233, 0.50),
(9345, 21, 233, 0.20),
(9346, 24, 233, 0.32),
(9347, 27, 233, 0.55),
(9348, 29, 233, 0.55),
(9349, 30, 233, 0.65),
(9350, 28, 233, 0.60),
(9351, 31, 233, 0.75),
(9352, 32, 233, 0.85),
(9353, 34, 233, 1.05),
(9354, 35, 233, 1.50),
(9355, 37, 233, 1.20),
(9356, 39, 233, 3.00),
(9357, 33, 233, 0.95),
(9358, 36, 233, 1.00),
(9359, 38, 233, 1.50),
(9360, 40, 233, 5.00),
(9361, 1, 234, 0.04),
(9362, 2, 234, 0.06),
(9363, 3, 234, 0.08),
(9364, 4, 234, 0.10),
(9365, 5, 234, 0.12),
(9366, 6, 234, 0.14),
(9367, 9, 234, 0.25),
(9368, 12, 234, 0.12),
(9369, 13, 234, 0.14),
(9370, 7, 234, 0.18),
(9371, 8, 234, 0.22),
(9372, 10, 234, 0.08),
(9373, 11, 234, 0.10),
(9374, 14, 234, 0.16),
(9375, 18, 234, 0.40),
(9376, 19, 234, 0.45),
(9377, 22, 234, 0.22),
(9378, 23, 234, 0.30),
(9379, 25, 234, 0.40),
(9380, 26, 234, 0.50),
(9381, 15, 234, 0.22),
(9382, 16, 234, 0.28),
(9383, 17, 234, 0.35),
(9384, 20, 234, 0.50),
(9385, 21, 234, 0.20),
(9386, 24, 234, 0.32),
(9387, 27, 234, 0.55),
(9388, 29, 234, 0.55),
(9389, 30, 234, 0.65),
(9390, 28, 234, 0.60),
(9391, 31, 234, 0.75),
(9392, 32, 234, 0.85),
(9393, 34, 234, 1.05),
(9394, 35, 234, 1.50),
(9395, 37, 234, 1.20),
(9396, 39, 234, 3.00),
(9397, 33, 234, 0.95),
(9398, 36, 234, 1.00),
(9399, 38, 234, 1.50),
(9400, 40, 234, 5.00),
(9401, 1, 235, 0.04),
(9402, 2, 235, 0.06),
(9403, 3, 235, 0.08),
(9404, 4, 235, 0.10),
(9405, 5, 235, 0.12),
(9406, 6, 235, 0.14),
(9407, 9, 235, 0.25),
(9408, 12, 235, 0.12),
(9409, 13, 235, 0.14),
(9410, 7, 235, 0.18),
(9411, 8, 235, 0.22),
(9412, 10, 235, 0.08),
(9413, 11, 235, 0.10),
(9414, 14, 235, 0.16),
(9415, 18, 235, 0.40),
(9416, 19, 235, 0.45),
(9417, 22, 235, 0.22),
(9418, 23, 235, 0.30),
(9419, 25, 235, 0.40),
(9420, 26, 235, 0.50),
(9421, 15, 235, 0.22),
(9422, 16, 235, 0.28),
(9423, 17, 235, 0.35),
(9424, 20, 235, 0.50),
(9425, 21, 235, 0.20),
(9426, 24, 235, 0.32),
(9427, 27, 235, 0.55),
(9428, 29, 235, 0.55),
(9429, 30, 235, 0.65),
(9430, 28, 235, 0.60),
(9431, 31, 235, 0.75),
(9432, 32, 235, 0.85),
(9433, 34, 235, 1.05),
(9434, 35, 235, 1.50),
(9435, 37, 235, 1.20),
(9436, 39, 235, 3.00),
(9437, 33, 235, 0.95),
(9438, 36, 235, 1.00),
(9439, 38, 235, 1.50),
(9440, 40, 235, 5.00),
(9441, 1, 236, 0.04),
(9442, 2, 236, 0.06),
(9443, 3, 236, 0.08),
(9444, 4, 236, 0.10),
(9445, 5, 236, 0.12),
(9446, 6, 236, 0.14),
(9447, 9, 236, 0.25),
(9448, 12, 236, 0.12),
(9449, 13, 236, 0.14),
(9450, 7, 236, 0.18),
(9451, 8, 236, 0.22),
(9452, 10, 236, 0.08),
(9453, 11, 236, 0.10),
(9454, 14, 236, 0.16),
(9455, 18, 236, 0.40),
(9456, 19, 236, 0.45),
(9457, 22, 236, 0.22),
(9458, 23, 236, 0.30),
(9459, 25, 236, 0.40),
(9460, 26, 236, 0.50),
(9461, 15, 236, 0.22),
(9462, 16, 236, 0.28),
(9463, 17, 236, 0.35),
(9464, 20, 236, 0.50),
(9465, 21, 236, 0.20),
(9466, 24, 236, 0.32),
(9467, 27, 236, 0.55),
(9468, 29, 236, 0.55),
(9469, 30, 236, 0.65),
(9470, 28, 236, 0.60),
(9471, 31, 236, 0.75),
(9472, 32, 236, 0.85),
(9473, 34, 236, 1.05),
(9474, 35, 236, 1.50),
(9475, 37, 236, 1.20),
(9476, 39, 236, 3.00),
(9477, 33, 236, 0.95),
(9478, 36, 236, 1.00),
(9479, 38, 236, 1.50),
(9480, 40, 236, 5.00),
(9481, 1, 237, 0.04),
(9482, 2, 237, 0.06),
(9483, 3, 237, 0.08),
(9484, 4, 237, 0.10),
(9485, 5, 237, 0.12),
(9486, 6, 237, 0.14),
(9487, 9, 237, 0.25),
(9488, 12, 237, 0.12),
(9489, 13, 237, 0.14),
(9490, 7, 237, 0.18),
(9491, 8, 237, 0.22),
(9492, 10, 237, 0.08),
(9493, 11, 237, 0.10),
(9494, 14, 237, 0.16),
(9495, 18, 237, 0.40),
(9496, 19, 237, 0.45),
(9497, 22, 237, 0.22),
(9498, 23, 237, 0.30),
(9499, 25, 237, 0.40),
(9500, 26, 237, 0.50),
(9501, 15, 237, 0.22),
(9502, 16, 237, 0.28),
(9503, 17, 237, 0.35),
(9504, 20, 237, 0.50),
(9505, 21, 237, 0.20),
(9506, 24, 237, 0.32),
(9507, 27, 237, 0.55),
(9508, 29, 237, 0.55),
(9509, 30, 237, 0.65),
(9510, 28, 237, 0.60),
(9511, 31, 237, 0.75),
(9512, 32, 237, 0.85),
(9513, 34, 237, 1.05),
(9514, 35, 237, 1.50),
(9515, 37, 237, 1.20),
(9516, 39, 237, 3.00),
(9517, 33, 237, 0.95),
(9518, 36, 237, 1.00),
(9519, 38, 237, 1.50),
(9520, 40, 237, 5.00),
(9521, 1, 238, 0.04),
(9522, 2, 238, 0.06),
(9523, 3, 238, 0.08),
(9524, 4, 238, 0.10),
(9525, 5, 238, 0.12),
(9526, 6, 238, 0.14),
(9527, 9, 238, 0.25),
(9528, 12, 238, 0.12),
(9529, 13, 238, 0.14),
(9530, 7, 238, 0.18),
(9531, 8, 238, 0.22),
(9532, 10, 238, 0.08),
(9533, 11, 238, 0.10),
(9534, 14, 238, 0.16),
(9535, 18, 238, 0.40),
(9536, 19, 238, 0.45),
(9537, 22, 238, 0.22),
(9538, 23, 238, 0.30),
(9539, 25, 238, 0.40),
(9540, 26, 238, 0.50),
(9541, 15, 238, 0.22),
(9542, 16, 238, 0.28),
(9543, 17, 238, 0.35),
(9544, 20, 238, 0.50),
(9545, 21, 238, 0.20),
(9546, 24, 238, 0.32),
(9547, 27, 238, 0.55),
(9548, 29, 238, 0.55),
(9549, 30, 238, 0.65),
(9550, 28, 238, 0.60),
(9551, 31, 238, 0.75),
(9552, 32, 238, 0.85),
(9553, 34, 238, 1.05),
(9554, 35, 238, 1.50),
(9555, 37, 238, 1.20),
(9556, 39, 238, 3.00),
(9557, 33, 238, 0.95),
(9558, 36, 238, 1.00),
(9559, 38, 238, 1.50),
(9560, 40, 238, 5.00),
(9561, 1, 239, 0.04),
(9562, 2, 239, 0.06),
(9563, 3, 239, 0.08),
(9564, 4, 239, 0.10),
(9565, 5, 239, 0.12),
(9566, 6, 239, 0.14),
(9567, 9, 239, 0.25),
(9568, 12, 239, 0.12),
(9569, 13, 239, 0.14),
(9570, 7, 239, 0.18),
(9571, 8, 239, 0.22),
(9572, 10, 239, 0.08),
(9573, 11, 239, 0.10),
(9574, 14, 239, 0.16),
(9575, 18, 239, 0.40),
(9576, 19, 239, 0.45),
(9577, 22, 239, 0.22),
(9578, 23, 239, 0.30),
(9579, 25, 239, 0.40),
(9580, 26, 239, 0.50),
(9581, 15, 239, 0.22),
(9582, 16, 239, 0.28),
(9583, 17, 239, 0.35),
(9584, 20, 239, 0.50),
(9585, 21, 239, 0.20),
(9586, 24, 239, 0.32),
(9587, 27, 239, 0.55),
(9588, 29, 239, 0.55),
(9589, 30, 239, 0.65),
(9590, 28, 239, 0.60),
(9591, 31, 239, 0.75),
(9592, 32, 239, 0.85),
(9593, 34, 239, 1.05),
(9594, 35, 239, 1.50),
(9595, 37, 239, 1.20),
(9596, 39, 239, 3.00),
(9597, 33, 239, 0.95),
(9598, 36, 239, 1.00),
(9599, 38, 239, 1.50),
(9600, 40, 239, 5.00),
(9601, 1, 240, 0.04),
(9602, 2, 240, 0.06),
(9603, 3, 240, 0.08),
(9604, 4, 240, 0.10),
(9605, 5, 240, 0.12),
(9606, 6, 240, 0.14),
(9607, 9, 240, 0.25),
(9608, 12, 240, 0.12),
(9609, 13, 240, 0.14),
(9610, 7, 240, 0.18),
(9611, 8, 240, 0.22),
(9612, 10, 240, 0.08),
(9613, 11, 240, 0.10),
(9614, 14, 240, 0.16),
(9615, 18, 240, 0.40),
(9616, 19, 240, 0.45),
(9617, 22, 240, 0.22),
(9618, 23, 240, 0.30),
(9619, 25, 240, 0.40),
(9620, 26, 240, 0.50),
(9621, 15, 240, 0.22),
(9622, 16, 240, 0.28),
(9623, 17, 240, 0.35),
(9624, 20, 240, 0.50),
(9625, 21, 240, 0.20),
(9626, 24, 240, 0.32),
(9627, 27, 240, 0.55),
(9628, 29, 240, 0.55),
(9629, 30, 240, 0.65),
(9630, 28, 240, 0.60),
(9631, 31, 240, 0.75),
(9632, 32, 240, 0.85),
(9633, 34, 240, 1.05),
(9634, 35, 240, 1.50),
(9635, 37, 240, 1.20),
(9636, 39, 240, 3.00),
(9637, 33, 240, 0.95),
(9638, 36, 240, 1.00),
(9639, 38, 240, 1.50),
(9640, 40, 240, 5.00),
(9641, 1, 241, 0.04),
(9642, 2, 241, 0.06),
(9643, 3, 241, 0.08),
(9644, 4, 241, 0.10),
(9645, 5, 241, 0.12),
(9646, 6, 241, 0.14),
(9647, 9, 241, 0.25),
(9648, 12, 241, 0.12),
(9649, 13, 241, 0.14),
(9650, 7, 241, 0.18),
(9651, 8, 241, 0.22),
(9652, 10, 241, 0.08),
(9653, 11, 241, 0.10),
(9654, 14, 241, 0.16),
(9655, 18, 241, 0.40),
(9656, 19, 241, 0.45),
(9657, 22, 241, 0.22),
(9658, 23, 241, 0.30),
(9659, 25, 241, 0.40),
(9660, 26, 241, 0.50),
(9661, 15, 241, 0.22),
(9662, 16, 241, 0.28),
(9663, 17, 241, 0.35),
(9664, 20, 241, 0.50),
(9665, 21, 241, 0.20),
(9666, 24, 241, 0.32),
(9667, 27, 241, 0.55),
(9668, 29, 241, 0.55),
(9669, 30, 241, 0.65),
(9670, 28, 241, 0.60),
(9671, 31, 241, 0.75),
(9672, 32, 241, 0.85),
(9673, 34, 241, 1.05),
(9674, 35, 241, 1.50),
(9675, 37, 241, 1.20),
(9676, 39, 241, 3.00),
(9677, 33, 241, 0.95),
(9678, 36, 241, 1.00),
(9679, 38, 241, 1.50),
(9680, 40, 241, 5.00),
(9681, 1, 242, 0.04),
(9682, 2, 242, 0.06),
(9683, 3, 242, 0.08),
(9684, 4, 242, 0.10),
(9685, 5, 242, 0.12),
(9686, 6, 242, 0.14),
(9687, 9, 242, 0.25),
(9688, 12, 242, 0.12),
(9689, 13, 242, 0.14),
(9690, 7, 242, 0.18),
(9691, 8, 242, 0.22),
(9692, 10, 242, 0.08),
(9693, 11, 242, 0.10),
(9694, 14, 242, 0.16),
(9695, 18, 242, 0.40),
(9696, 19, 242, 0.45),
(9697, 22, 242, 0.22),
(9698, 23, 242, 0.30),
(9699, 25, 242, 0.40),
(9700, 26, 242, 0.50),
(9701, 15, 242, 0.22),
(9702, 16, 242, 0.28),
(9703, 17, 242, 0.35),
(9704, 20, 242, 0.50),
(9705, 21, 242, 0.20),
(9706, 24, 242, 0.32),
(9707, 27, 242, 0.55),
(9708, 29, 242, 0.55),
(9709, 30, 242, 0.65),
(9710, 28, 242, 0.60),
(9711, 31, 242, 0.75),
(9712, 32, 242, 0.85),
(9713, 34, 242, 1.05),
(9714, 35, 242, 1.50),
(9715, 37, 242, 1.20),
(9716, 39, 242, 3.00),
(9717, 33, 242, 0.95),
(9718, 36, 242, 1.00),
(9719, 38, 242, 1.50),
(9720, 40, 242, 5.00),
(9721, 1, 243, 0.04),
(9722, 2, 243, 0.06),
(9723, 3, 243, 0.08),
(9724, 4, 243, 0.10),
(9725, 5, 243, 0.12),
(9726, 6, 243, 0.14),
(9727, 9, 243, 0.25),
(9728, 12, 243, 0.12),
(9729, 13, 243, 0.14),
(9730, 7, 243, 0.18),
(9731, 8, 243, 0.22),
(9732, 10, 243, 0.08),
(9733, 11, 243, 0.10),
(9734, 14, 243, 0.16),
(9735, 18, 243, 0.40),
(9736, 19, 243, 0.45),
(9737, 22, 243, 0.22),
(9738, 23, 243, 0.30),
(9739, 25, 243, 0.40),
(9740, 26, 243, 0.50),
(9741, 15, 243, 0.22),
(9742, 16, 243, 0.28),
(9743, 17, 243, 0.35),
(9744, 20, 243, 0.50),
(9745, 21, 243, 0.20),
(9746, 24, 243, 0.32),
(9747, 27, 243, 0.55),
(9748, 29, 243, 0.55),
(9749, 30, 243, 0.65),
(9750, 28, 243, 0.60),
(9751, 31, 243, 0.75),
(9752, 32, 243, 0.85),
(9753, 34, 243, 1.05),
(9754, 35, 243, 1.50),
(9755, 37, 243, 1.20),
(9756, 39, 243, 3.00),
(9757, 33, 243, 0.95),
(9758, 36, 243, 1.00),
(9759, 38, 243, 1.50),
(9760, 40, 243, 5.00),
(9761, 1, 244, 0.04),
(9762, 2, 244, 0.06),
(9763, 3, 244, 0.08),
(9764, 4, 244, 0.10),
(9765, 5, 244, 0.12),
(9766, 6, 244, 0.14),
(9767, 9, 244, 0.25),
(9768, 12, 244, 0.12),
(9769, 13, 244, 0.14),
(9770, 7, 244, 0.18),
(9771, 8, 244, 0.22),
(9772, 10, 244, 0.08),
(9773, 11, 244, 0.10),
(9774, 14, 244, 0.16),
(9775, 18, 244, 0.40),
(9776, 19, 244, 0.45),
(9777, 22, 244, 0.22),
(9778, 23, 244, 0.30),
(9779, 25, 244, 0.40),
(9780, 26, 244, 0.50),
(9781, 15, 244, 0.22),
(9782, 16, 244, 0.28),
(9783, 17, 244, 0.35),
(9784, 20, 244, 0.50),
(9785, 21, 244, 0.20),
(9786, 24, 244, 0.32),
(9787, 27, 244, 0.55),
(9788, 29, 244, 0.55),
(9789, 30, 244, 0.65),
(9790, 28, 244, 0.60),
(9791, 31, 244, 0.75),
(9792, 32, 244, 0.85),
(9793, 34, 244, 1.05),
(9794, 35, 244, 1.50),
(9795, 37, 244, 1.20),
(9796, 39, 244, 3.00),
(9797, 33, 244, 0.95),
(9798, 36, 244, 1.00),
(9799, 38, 244, 1.50),
(9800, 40, 244, 5.00),
(9801, 1, 245, 0.04),
(9802, 2, 245, 0.06),
(9803, 3, 245, 0.08),
(9804, 4, 245, 0.10),
(9805, 5, 245, 0.12),
(9806, 6, 245, 0.14),
(9807, 9, 245, 0.25),
(9808, 12, 245, 0.12),
(9809, 13, 245, 0.14),
(9810, 7, 245, 0.18),
(9811, 8, 245, 0.22),
(9812, 10, 245, 0.08),
(9813, 11, 245, 0.10),
(9814, 14, 245, 0.16),
(9815, 18, 245, 0.40),
(9816, 19, 245, 0.45),
(9817, 22, 245, 0.22),
(9818, 23, 245, 0.30),
(9819, 25, 245, 0.40),
(9820, 26, 245, 0.50),
(9821, 15, 245, 0.22),
(9822, 16, 245, 0.28),
(9823, 17, 245, 0.35),
(9824, 20, 245, 0.50),
(9825, 21, 245, 0.20),
(9826, 24, 245, 0.32),
(9827, 27, 245, 0.55),
(9828, 29, 245, 0.55),
(9829, 30, 245, 0.65),
(9830, 28, 245, 0.60),
(9831, 31, 245, 0.75),
(9832, 32, 245, 0.85),
(9833, 34, 245, 1.05),
(9834, 35, 245, 1.50),
(9835, 37, 245, 1.20),
(9836, 39, 245, 3.00),
(9837, 33, 245, 0.95),
(9838, 36, 245, 1.00),
(9839, 38, 245, 1.50),
(9840, 40, 245, 5.00),
(9841, 1, 246, 0.04),
(9842, 2, 246, 0.06),
(9843, 3, 246, 0.08),
(9844, 4, 246, 0.10),
(9845, 5, 246, 0.12),
(9846, 6, 246, 0.14),
(9847, 9, 246, 0.25),
(9848, 12, 246, 0.12),
(9849, 13, 246, 0.14),
(9850, 7, 246, 0.18),
(9851, 8, 246, 0.22),
(9852, 10, 246, 0.08),
(9853, 11, 246, 0.10),
(9854, 14, 246, 0.16),
(9855, 18, 246, 0.40),
(9856, 19, 246, 0.45),
(9857, 22, 246, 0.22),
(9858, 23, 246, 0.30),
(9859, 25, 246, 0.40),
(9860, 26, 246, 0.50),
(9861, 15, 246, 0.22),
(9862, 16, 246, 0.28),
(9863, 17, 246, 0.35),
(9864, 20, 246, 0.50),
(9865, 21, 246, 0.20),
(9866, 24, 246, 0.32),
(9867, 27, 246, 0.55),
(9868, 29, 246, 0.55),
(9869, 30, 246, 0.65),
(9870, 28, 246, 0.60),
(9871, 31, 246, 0.75),
(9872, 32, 246, 0.85),
(9873, 34, 246, 1.05),
(9874, 35, 246, 1.50),
(9875, 37, 246, 1.20),
(9876, 39, 246, 3.00),
(9877, 33, 246, 0.95);
INSERT INTO `Item` (`id_Item`, `shape_id`, `color_id`, `price`) VALUES
(9878, 36, 246, 1.00),
(9879, 38, 246, 1.50),
(9880, 40, 246, 5.00),
(9881, 1, 247, 0.04),
(9882, 2, 247, 0.06),
(9883, 3, 247, 0.08),
(9884, 4, 247, 0.10),
(9885, 5, 247, 0.12),
(9886, 6, 247, 0.14),
(9887, 9, 247, 0.25),
(9888, 12, 247, 0.12),
(9889, 13, 247, 0.14),
(9890, 7, 247, 0.18),
(9891, 8, 247, 0.22),
(9892, 10, 247, 0.08),
(9893, 11, 247, 0.10),
(9894, 14, 247, 0.16),
(9895, 18, 247, 0.40),
(9896, 19, 247, 0.45),
(9897, 22, 247, 0.22),
(9898, 23, 247, 0.30),
(9899, 25, 247, 0.40),
(9900, 26, 247, 0.50),
(9901, 15, 247, 0.22),
(9902, 16, 247, 0.28),
(9903, 17, 247, 0.35),
(9904, 20, 247, 0.50),
(9905, 21, 247, 0.20),
(9906, 24, 247, 0.32),
(9907, 27, 247, 0.55),
(9908, 29, 247, 0.55),
(9909, 30, 247, 0.65),
(9910, 28, 247, 0.60),
(9911, 31, 247, 0.75),
(9912, 32, 247, 0.85),
(9913, 34, 247, 1.05),
(9914, 35, 247, 1.50),
(9915, 37, 247, 1.20),
(9916, 39, 247, 3.00),
(9917, 33, 247, 0.95),
(9918, 36, 247, 1.00),
(9919, 38, 247, 1.50),
(9920, 40, 247, 5.00),
(9921, 1, 248, 0.04),
(9922, 2, 248, 0.06),
(9923, 3, 248, 0.08),
(9924, 4, 248, 0.10),
(9925, 5, 248, 0.12),
(9926, 6, 248, 0.14),
(9927, 9, 248, 0.25),
(9928, 12, 248, 0.12),
(9929, 13, 248, 0.14),
(9930, 7, 248, 0.18),
(9931, 8, 248, 0.22),
(9932, 10, 248, 0.08),
(9933, 11, 248, 0.10),
(9934, 14, 248, 0.16),
(9935, 18, 248, 0.40),
(9936, 19, 248, 0.45),
(9937, 22, 248, 0.22),
(9938, 23, 248, 0.30),
(9939, 25, 248, 0.40),
(9940, 26, 248, 0.50),
(9941, 15, 248, 0.22),
(9942, 16, 248, 0.28),
(9943, 17, 248, 0.35),
(9944, 20, 248, 0.50),
(9945, 21, 248, 0.20),
(9946, 24, 248, 0.32),
(9947, 27, 248, 0.55),
(9948, 29, 248, 0.55),
(9949, 30, 248, 0.65),
(9950, 28, 248, 0.60),
(9951, 31, 248, 0.75),
(9952, 32, 248, 0.85),
(9953, 34, 248, 1.05),
(9954, 35, 248, 1.50),
(9955, 37, 248, 1.20),
(9956, 39, 248, 3.00),
(9957, 33, 248, 0.95),
(9958, 36, 248, 1.00),
(9959, 38, 248, 1.50),
(9960, 40, 248, 5.00),
(9961, 1, 249, 0.04),
(9962, 2, 249, 0.06),
(9963, 3, 249, 0.08),
(9964, 4, 249, 0.10),
(9965, 5, 249, 0.12),
(9966, 6, 249, 0.14),
(9967, 9, 249, 0.25),
(9968, 12, 249, 0.12),
(9969, 13, 249, 0.14),
(9970, 7, 249, 0.18),
(9971, 8, 249, 0.22),
(9972, 10, 249, 0.08),
(9973, 11, 249, 0.10),
(9974, 14, 249, 0.16),
(9975, 18, 249, 0.40),
(9976, 19, 249, 0.45),
(9977, 22, 249, 0.22),
(9978, 23, 249, 0.30),
(9979, 25, 249, 0.40),
(9980, 26, 249, 0.50),
(9981, 15, 249, 0.22),
(9982, 16, 249, 0.28),
(9983, 17, 249, 0.35),
(9984, 20, 249, 0.50),
(9985, 21, 249, 0.20),
(9986, 24, 249, 0.32),
(9987, 27, 249, 0.55),
(9988, 29, 249, 0.55),
(9989, 30, 249, 0.65),
(9990, 28, 249, 0.60),
(9991, 31, 249, 0.75),
(9992, 32, 249, 0.85),
(9993, 34, 249, 1.05),
(9994, 35, 249, 1.50),
(9995, 37, 249, 1.20),
(9996, 39, 249, 3.00),
(9997, 33, 249, 0.95),
(9998, 36, 249, 1.00),
(9999, 38, 249, 1.50),
(10000, 40, 249, 5.00),
(10001, 1, 250, 0.04),
(10002, 2, 250, 0.06),
(10003, 3, 250, 0.08),
(10004, 4, 250, 0.10),
(10005, 5, 250, 0.12),
(10006, 6, 250, 0.14),
(10007, 9, 250, 0.25),
(10008, 12, 250, 0.12),
(10009, 13, 250, 0.14),
(10010, 7, 250, 0.18),
(10011, 8, 250, 0.22),
(10012, 10, 250, 0.08),
(10013, 11, 250, 0.10),
(10014, 14, 250, 0.16),
(10015, 18, 250, 0.40),
(10016, 19, 250, 0.45),
(10017, 22, 250, 0.22),
(10018, 23, 250, 0.30),
(10019, 25, 250, 0.40),
(10020, 26, 250, 0.50),
(10021, 15, 250, 0.22),
(10022, 16, 250, 0.28),
(10023, 17, 250, 0.35),
(10024, 20, 250, 0.50),
(10025, 21, 250, 0.20),
(10026, 24, 250, 0.32),
(10027, 27, 250, 0.55),
(10028, 29, 250, 0.55),
(10029, 30, 250, 0.65),
(10030, 28, 250, 0.60),
(10031, 31, 250, 0.75),
(10032, 32, 250, 0.85),
(10033, 34, 250, 1.05),
(10034, 35, 250, 1.50),
(10035, 37, 250, 1.20),
(10036, 39, 250, 3.00),
(10037, 33, 250, 0.95),
(10038, 36, 250, 1.00),
(10039, 38, 250, 1.50),
(10040, 40, 250, 5.00),
(10041, 1, 251, 0.04),
(10042, 2, 251, 0.06),
(10043, 3, 251, 0.08),
(10044, 4, 251, 0.10),
(10045, 5, 251, 0.12),
(10046, 6, 251, 0.14),
(10047, 9, 251, 0.25),
(10048, 12, 251, 0.12),
(10049, 13, 251, 0.14),
(10050, 7, 251, 0.18),
(10051, 8, 251, 0.22),
(10052, 10, 251, 0.08),
(10053, 11, 251, 0.10),
(10054, 14, 251, 0.16),
(10055, 18, 251, 0.40),
(10056, 19, 251, 0.45),
(10057, 22, 251, 0.22),
(10058, 23, 251, 0.30),
(10059, 25, 251, 0.40),
(10060, 26, 251, 0.50),
(10061, 15, 251, 0.22),
(10062, 16, 251, 0.28),
(10063, 17, 251, 0.35),
(10064, 20, 251, 0.50),
(10065, 21, 251, 0.20),
(10066, 24, 251, 0.32),
(10067, 27, 251, 0.55),
(10068, 29, 251, 0.55),
(10069, 30, 251, 0.65),
(10070, 28, 251, 0.60),
(10071, 31, 251, 0.75),
(10072, 32, 251, 0.85),
(10073, 34, 251, 1.05),
(10074, 35, 251, 1.50),
(10075, 37, 251, 1.20),
(10076, 39, 251, 3.00),
(10077, 33, 251, 0.95),
(10078, 36, 251, 1.00),
(10079, 38, 251, 1.50),
(10080, 40, 251, 5.00),
(10081, 1, 252, 0.04),
(10082, 2, 252, 0.06),
(10083, 3, 252, 0.08),
(10084, 4, 252, 0.10),
(10085, 5, 252, 0.12),
(10086, 6, 252, 0.14),
(10087, 9, 252, 0.25),
(10088, 12, 252, 0.12),
(10089, 13, 252, 0.14),
(10090, 7, 252, 0.18),
(10091, 8, 252, 0.22),
(10092, 10, 252, 0.08),
(10093, 11, 252, 0.10),
(10094, 14, 252, 0.16),
(10095, 18, 252, 0.40),
(10096, 19, 252, 0.45),
(10097, 22, 252, 0.22),
(10098, 23, 252, 0.30),
(10099, 25, 252, 0.40),
(10100, 26, 252, 0.50),
(10101, 15, 252, 0.22),
(10102, 16, 252, 0.28),
(10103, 17, 252, 0.35),
(10104, 20, 252, 0.50),
(10105, 21, 252, 0.20),
(10106, 24, 252, 0.32),
(10107, 27, 252, 0.55),
(10108, 29, 252, 0.55),
(10109, 30, 252, 0.65),
(10110, 28, 252, 0.60),
(10111, 31, 252, 0.75),
(10112, 32, 252, 0.85),
(10113, 34, 252, 1.05),
(10114, 35, 252, 1.50),
(10115, 37, 252, 1.20),
(10116, 39, 252, 3.00),
(10117, 33, 252, 0.95),
(10118, 36, 252, 1.00),
(10119, 38, 252, 1.50),
(10120, 40, 252, 5.00),
(10121, 1, 253, 0.04),
(10122, 2, 253, 0.06),
(10123, 3, 253, 0.08),
(10124, 4, 253, 0.10),
(10125, 5, 253, 0.12),
(10126, 6, 253, 0.14),
(10127, 9, 253, 0.25),
(10128, 12, 253, 0.12),
(10129, 13, 253, 0.14),
(10130, 7, 253, 0.18),
(10131, 8, 253, 0.22),
(10132, 10, 253, 0.08),
(10133, 11, 253, 0.10),
(10134, 14, 253, 0.16),
(10135, 18, 253, 0.40),
(10136, 19, 253, 0.45),
(10137, 22, 253, 0.22),
(10138, 23, 253, 0.30),
(10139, 25, 253, 0.40),
(10140, 26, 253, 0.50),
(10141, 15, 253, 0.22),
(10142, 16, 253, 0.28),
(10143, 17, 253, 0.35),
(10144, 20, 253, 0.50),
(10145, 21, 253, 0.20),
(10146, 24, 253, 0.32),
(10147, 27, 253, 0.55),
(10148, 29, 253, 0.55),
(10149, 30, 253, 0.65),
(10150, 28, 253, 0.60),
(10151, 31, 253, 0.75),
(10152, 32, 253, 0.85),
(10153, 34, 253, 1.05),
(10154, 35, 253, 1.50),
(10155, 37, 253, 1.20),
(10156, 39, 253, 3.00),
(10157, 33, 253, 0.95),
(10158, 36, 253, 1.00),
(10159, 38, 253, 1.50),
(10160, 40, 253, 5.00),
(10161, 1, 254, 0.04),
(10162, 2, 254, 0.06),
(10163, 3, 254, 0.08),
(10164, 4, 254, 0.10),
(10165, 5, 254, 0.12),
(10166, 6, 254, 0.14),
(10167, 9, 254, 0.25),
(10168, 12, 254, 0.12),
(10169, 13, 254, 0.14),
(10170, 7, 254, 0.18),
(10171, 8, 254, 0.22),
(10172, 10, 254, 0.08),
(10173, 11, 254, 0.10),
(10174, 14, 254, 0.16),
(10175, 18, 254, 0.40),
(10176, 19, 254, 0.45),
(10177, 22, 254, 0.22),
(10178, 23, 254, 0.30),
(10179, 25, 254, 0.40),
(10180, 26, 254, 0.50),
(10181, 15, 254, 0.22),
(10182, 16, 254, 0.28),
(10183, 17, 254, 0.35),
(10184, 20, 254, 0.50),
(10185, 21, 254, 0.20),
(10186, 24, 254, 0.32),
(10187, 27, 254, 0.55),
(10188, 29, 254, 0.55),
(10189, 30, 254, 0.65),
(10190, 28, 254, 0.60),
(10191, 31, 254, 0.75),
(10192, 32, 254, 0.85),
(10193, 34, 254, 1.05),
(10194, 35, 254, 1.50),
(10195, 37, 254, 1.20),
(10196, 39, 254, 3.00),
(10197, 33, 254, 0.95),
(10198, 36, 254, 1.00),
(10199, 38, 254, 1.50),
(10200, 40, 254, 5.00),
(10201, 1, 255, 0.04),
(10202, 2, 255, 0.06),
(10203, 3, 255, 0.08),
(10204, 4, 255, 0.10),
(10205, 5, 255, 0.12),
(10206, 6, 255, 0.14),
(10207, 9, 255, 0.25),
(10208, 12, 255, 0.12),
(10209, 13, 255, 0.14),
(10210, 7, 255, 0.18),
(10211, 8, 255, 0.22),
(10212, 10, 255, 0.08),
(10213, 11, 255, 0.10),
(10214, 14, 255, 0.16),
(10215, 18, 255, 0.40),
(10216, 19, 255, 0.45),
(10217, 22, 255, 0.22),
(10218, 23, 255, 0.30),
(10219, 25, 255, 0.40),
(10220, 26, 255, 0.50),
(10221, 15, 255, 0.22),
(10222, 16, 255, 0.28),
(10223, 17, 255, 0.35),
(10224, 20, 255, 0.50),
(10225, 21, 255, 0.20),
(10226, 24, 255, 0.32),
(10227, 27, 255, 0.55),
(10228, 29, 255, 0.55),
(10229, 30, 255, 0.65),
(10230, 28, 255, 0.60),
(10231, 31, 255, 0.75),
(10232, 32, 255, 0.85),
(10233, 34, 255, 1.05),
(10234, 35, 255, 1.50),
(10235, 37, 255, 1.20),
(10236, 39, 255, 3.00),
(10237, 33, 255, 0.95),
(10238, 36, 255, 1.00),
(10239, 38, 255, 1.50),
(10240, 40, 255, 5.00),
(10241, 1, 256, 0.04),
(10242, 2, 256, 0.06),
(10243, 3, 256, 0.08),
(10244, 4, 256, 0.10),
(10245, 5, 256, 0.12),
(10246, 6, 256, 0.14),
(10247, 9, 256, 0.25),
(10248, 12, 256, 0.12),
(10249, 13, 256, 0.14),
(10250, 7, 256, 0.18),
(10251, 8, 256, 0.22),
(10252, 10, 256, 0.08),
(10253, 11, 256, 0.10),
(10254, 14, 256, 0.16),
(10255, 18, 256, 0.40),
(10256, 19, 256, 0.45),
(10257, 22, 256, 0.22),
(10258, 23, 256, 0.30),
(10259, 25, 256, 0.40),
(10260, 26, 256, 0.50),
(10261, 15, 256, 0.22),
(10262, 16, 256, 0.28),
(10263, 17, 256, 0.35),
(10264, 20, 256, 0.50),
(10265, 21, 256, 0.20),
(10266, 24, 256, 0.32),
(10267, 27, 256, 0.55),
(10268, 29, 256, 0.55),
(10269, 30, 256, 0.65),
(10270, 28, 256, 0.60),
(10271, 31, 256, 0.75),
(10272, 32, 256, 0.85),
(10273, 34, 256, 1.05),
(10274, 35, 256, 1.50),
(10275, 37, 256, 1.20),
(10276, 39, 256, 3.00),
(10277, 33, 256, 0.95),
(10278, 36, 256, 1.00),
(10279, 38, 256, 1.50),
(10280, 40, 256, 5.00),
(10281, 1, 257, 0.04),
(10282, 2, 257, 0.06),
(10283, 3, 257, 0.08),
(10284, 4, 257, 0.10),
(10285, 5, 257, 0.12),
(10286, 6, 257, 0.14),
(10287, 9, 257, 0.25),
(10288, 12, 257, 0.12),
(10289, 13, 257, 0.14),
(10290, 7, 257, 0.18),
(10291, 8, 257, 0.22),
(10292, 10, 257, 0.08),
(10293, 11, 257, 0.10),
(10294, 14, 257, 0.16),
(10295, 18, 257, 0.40),
(10296, 19, 257, 0.45),
(10297, 22, 257, 0.22),
(10298, 23, 257, 0.30),
(10299, 25, 257, 0.40),
(10300, 26, 257, 0.50),
(10301, 15, 257, 0.22),
(10302, 16, 257, 0.28),
(10303, 17, 257, 0.35),
(10304, 20, 257, 0.50),
(10305, 21, 257, 0.20),
(10306, 24, 257, 0.32),
(10307, 27, 257, 0.55),
(10308, 29, 257, 0.55),
(10309, 30, 257, 0.65),
(10310, 28, 257, 0.60),
(10311, 31, 257, 0.75),
(10312, 32, 257, 0.85),
(10313, 34, 257, 1.05),
(10314, 35, 257, 1.50),
(10315, 37, 257, 1.20),
(10316, 39, 257, 3.00),
(10317, 33, 257, 0.95),
(10318, 36, 257, 1.00),
(10319, 38, 257, 1.50),
(10320, 40, 257, 5.00),
(10321, 1, 258, 0.04),
(10322, 2, 258, 0.06),
(10323, 3, 258, 0.08),
(10324, 4, 258, 0.10),
(10325, 5, 258, 0.12),
(10326, 6, 258, 0.14),
(10327, 9, 258, 0.25),
(10328, 12, 258, 0.12),
(10329, 13, 258, 0.14),
(10330, 7, 258, 0.18),
(10331, 8, 258, 0.22),
(10332, 10, 258, 0.08),
(10333, 11, 258, 0.10),
(10334, 14, 258, 0.16),
(10335, 18, 258, 0.40),
(10336, 19, 258, 0.45),
(10337, 22, 258, 0.22),
(10338, 23, 258, 0.30),
(10339, 25, 258, 0.40),
(10340, 26, 258, 0.50),
(10341, 15, 258, 0.22),
(10342, 16, 258, 0.28),
(10343, 17, 258, 0.35),
(10344, 20, 258, 0.50),
(10345, 21, 258, 0.20),
(10346, 24, 258, 0.32),
(10347, 27, 258, 0.55),
(10348, 29, 258, 0.55),
(10349, 30, 258, 0.65),
(10350, 28, 258, 0.60),
(10351, 31, 258, 0.75),
(10352, 32, 258, 0.85),
(10353, 34, 258, 1.05),
(10354, 35, 258, 1.50),
(10355, 37, 258, 1.20),
(10356, 39, 258, 3.00),
(10357, 33, 258, 0.95),
(10358, 36, 258, 1.00),
(10359, 38, 258, 1.50),
(10360, 40, 258, 5.00),
(10361, 1, 259, 0.04),
(10362, 2, 259, 0.06),
(10363, 3, 259, 0.08),
(10364, 4, 259, 0.10),
(10365, 5, 259, 0.12),
(10366, 6, 259, 0.14),
(10367, 9, 259, 0.25),
(10368, 12, 259, 0.12),
(10369, 13, 259, 0.14),
(10370, 7, 259, 0.18),
(10371, 8, 259, 0.22),
(10372, 10, 259, 0.08),
(10373, 11, 259, 0.10),
(10374, 14, 259, 0.16),
(10375, 18, 259, 0.40),
(10376, 19, 259, 0.45),
(10377, 22, 259, 0.22),
(10378, 23, 259, 0.30),
(10379, 25, 259, 0.40),
(10380, 26, 259, 0.50),
(10381, 15, 259, 0.22),
(10382, 16, 259, 0.28),
(10383, 17, 259, 0.35),
(10384, 20, 259, 0.50),
(10385, 21, 259, 0.20),
(10386, 24, 259, 0.32),
(10387, 27, 259, 0.55),
(10388, 29, 259, 0.55),
(10389, 30, 259, 0.65),
(10390, 28, 259, 0.60),
(10391, 31, 259, 0.75),
(10392, 32, 259, 0.85),
(10393, 34, 259, 1.05),
(10394, 35, 259, 1.50),
(10395, 37, 259, 1.20),
(10396, 39, 259, 3.00),
(10397, 33, 259, 0.95),
(10398, 36, 259, 1.00),
(10399, 38, 259, 1.50),
(10400, 40, 259, 5.00),
(10401, 1, 260, 0.04),
(10402, 2, 260, 0.06),
(10403, 3, 260, 0.08),
(10404, 4, 260, 0.10),
(10405, 5, 260, 0.12),
(10406, 6, 260, 0.14),
(10407, 9, 260, 0.25),
(10408, 12, 260, 0.12),
(10409, 13, 260, 0.14),
(10410, 7, 260, 0.18),
(10411, 8, 260, 0.22),
(10412, 10, 260, 0.08),
(10413, 11, 260, 0.10),
(10414, 14, 260, 0.16),
(10415, 18, 260, 0.40),
(10416, 19, 260, 0.45),
(10417, 22, 260, 0.22),
(10418, 23, 260, 0.30),
(10419, 25, 260, 0.40),
(10420, 26, 260, 0.50),
(10421, 15, 260, 0.22),
(10422, 16, 260, 0.28),
(10423, 17, 260, 0.35),
(10424, 20, 260, 0.50),
(10425, 21, 260, 0.20),
(10426, 24, 260, 0.32),
(10427, 27, 260, 0.55),
(10428, 29, 260, 0.55),
(10429, 30, 260, 0.65),
(10430, 28, 260, 0.60),
(10431, 31, 260, 0.75),
(10432, 32, 260, 0.85),
(10433, 34, 260, 1.05),
(10434, 35, 260, 1.50),
(10435, 37, 260, 1.20),
(10436, 39, 260, 3.00),
(10437, 33, 260, 0.95),
(10438, 36, 260, 1.00),
(10439, 38, 260, 1.50),
(10440, 40, 260, 5.00),
(10441, 1, 261, 0.04),
(10442, 2, 261, 0.06),
(10443, 3, 261, 0.08),
(10444, 4, 261, 0.10),
(10445, 5, 261, 0.12),
(10446, 6, 261, 0.14),
(10447, 9, 261, 0.25),
(10448, 12, 261, 0.12),
(10449, 13, 261, 0.14),
(10450, 7, 261, 0.18),
(10451, 8, 261, 0.22),
(10452, 10, 261, 0.08),
(10453, 11, 261, 0.10),
(10454, 14, 261, 0.16),
(10455, 18, 261, 0.40),
(10456, 19, 261, 0.45),
(10457, 22, 261, 0.22),
(10458, 23, 261, 0.30),
(10459, 25, 261, 0.40),
(10460, 26, 261, 0.50),
(10461, 15, 261, 0.22),
(10462, 16, 261, 0.28),
(10463, 17, 261, 0.35),
(10464, 20, 261, 0.50),
(10465, 21, 261, 0.20),
(10466, 24, 261, 0.32),
(10467, 27, 261, 0.55),
(10468, 29, 261, 0.55),
(10469, 30, 261, 0.65),
(10470, 28, 261, 0.60),
(10471, 31, 261, 0.75),
(10472, 32, 261, 0.85),
(10473, 34, 261, 1.05),
(10474, 35, 261, 1.50),
(10475, 37, 261, 1.20),
(10476, 39, 261, 3.00),
(10477, 33, 261, 0.95),
(10478, 36, 261, 1.00),
(10479, 38, 261, 1.50),
(10480, 40, 261, 5.00),
(10481, 1, 262, 0.04),
(10482, 2, 262, 0.06),
(10483, 3, 262, 0.08),
(10484, 4, 262, 0.10),
(10485, 5, 262, 0.12),
(10486, 6, 262, 0.14),
(10487, 9, 262, 0.25),
(10488, 12, 262, 0.12),
(10489, 13, 262, 0.14),
(10490, 7, 262, 0.18),
(10491, 8, 262, 0.22),
(10492, 10, 262, 0.08),
(10493, 11, 262, 0.10),
(10494, 14, 262, 0.16),
(10495, 18, 262, 0.40),
(10496, 19, 262, 0.45),
(10497, 22, 262, 0.22),
(10498, 23, 262, 0.30),
(10499, 25, 262, 0.40),
(10500, 26, 262, 0.50),
(10501, 15, 262, 0.22),
(10502, 16, 262, 0.28),
(10503, 17, 262, 0.35),
(10504, 20, 262, 0.50),
(10505, 21, 262, 0.20),
(10506, 24, 262, 0.32),
(10507, 27, 262, 0.55),
(10508, 29, 262, 0.55),
(10509, 30, 262, 0.65),
(10510, 28, 262, 0.60),
(10511, 31, 262, 0.75),
(10512, 32, 262, 0.85),
(10513, 34, 262, 1.05),
(10514, 35, 262, 1.50),
(10515, 37, 262, 1.20),
(10516, 39, 262, 3.00),
(10517, 33, 262, 0.95),
(10518, 36, 262, 1.00),
(10519, 38, 262, 1.50),
(10520, 40, 262, 5.00),
(10521, 1, 263, 0.04),
(10522, 2, 263, 0.06),
(10523, 3, 263, 0.08),
(10524, 4, 263, 0.10),
(10525, 5, 263, 0.12),
(10526, 6, 263, 0.14),
(10527, 9, 263, 0.25),
(10528, 12, 263, 0.12),
(10529, 13, 263, 0.14),
(10530, 7, 263, 0.18),
(10531, 8, 263, 0.22),
(10532, 10, 263, 0.08),
(10533, 11, 263, 0.10),
(10534, 14, 263, 0.16),
(10535, 18, 263, 0.40),
(10536, 19, 263, 0.45),
(10537, 22, 263, 0.22),
(10538, 23, 263, 0.30),
(10539, 25, 263, 0.40),
(10540, 26, 263, 0.50),
(10541, 15, 263, 0.22),
(10542, 16, 263, 0.28),
(10543, 17, 263, 0.35),
(10544, 20, 263, 0.50),
(10545, 21, 263, 0.20),
(10546, 24, 263, 0.32),
(10547, 27, 263, 0.55),
(10548, 29, 263, 0.55),
(10549, 30, 263, 0.65),
(10550, 28, 263, 0.60),
(10551, 31, 263, 0.75),
(10552, 32, 263, 0.85),
(10553, 34, 263, 1.05),
(10554, 35, 263, 1.50),
(10555, 37, 263, 1.20),
(10556, 39, 263, 3.00),
(10557, 33, 263, 0.95),
(10558, 36, 263, 1.00),
(10559, 38, 263, 1.50),
(10560, 40, 263, 5.00),
(10561, 1, 264, 0.04),
(10562, 2, 264, 0.06),
(10563, 3, 264, 0.08),
(10564, 4, 264, 0.10),
(10565, 5, 264, 0.12),
(10566, 6, 264, 0.14),
(10567, 9, 264, 0.25),
(10568, 12, 264, 0.12),
(10569, 13, 264, 0.14),
(10570, 7, 264, 0.18),
(10571, 8, 264, 0.22),
(10572, 10, 264, 0.08),
(10573, 11, 264, 0.10),
(10574, 14, 264, 0.16),
(10575, 18, 264, 0.40),
(10576, 19, 264, 0.45),
(10577, 22, 264, 0.22),
(10578, 23, 264, 0.30),
(10579, 25, 264, 0.40),
(10580, 26, 264, 0.50),
(10581, 15, 264, 0.22),
(10582, 16, 264, 0.28),
(10583, 17, 264, 0.35),
(10584, 20, 264, 0.50),
(10585, 21, 264, 0.20),
(10586, 24, 264, 0.32),
(10587, 27, 264, 0.55),
(10588, 29, 264, 0.55),
(10589, 30, 264, 0.65),
(10590, 28, 264, 0.60),
(10591, 31, 264, 0.75),
(10592, 32, 264, 0.85),
(10593, 34, 264, 1.05),
(10594, 35, 264, 1.50),
(10595, 37, 264, 1.20),
(10596, 39, 264, 3.00),
(10597, 33, 264, 0.95),
(10598, 36, 264, 1.00),
(10599, 38, 264, 1.50),
(10600, 40, 264, 5.00),
(10601, 1, 265, 0.04),
(10602, 2, 265, 0.06),
(10603, 3, 265, 0.08),
(10604, 4, 265, 0.10),
(10605, 5, 265, 0.12),
(10606, 6, 265, 0.14),
(10607, 9, 265, 0.25),
(10608, 12, 265, 0.12),
(10609, 13, 265, 0.14),
(10610, 7, 265, 0.18),
(10611, 8, 265, 0.22),
(10612, 10, 265, 0.08),
(10613, 11, 265, 0.10),
(10614, 14, 265, 0.16),
(10615, 18, 265, 0.40),
(10616, 19, 265, 0.45),
(10617, 22, 265, 0.22),
(10618, 23, 265, 0.30),
(10619, 25, 265, 0.40),
(10620, 26, 265, 0.50),
(10621, 15, 265, 0.22),
(10622, 16, 265, 0.28),
(10623, 17, 265, 0.35),
(10624, 20, 265, 0.50),
(10625, 21, 265, 0.20),
(10626, 24, 265, 0.32),
(10627, 27, 265, 0.55),
(10628, 29, 265, 0.55),
(10629, 30, 265, 0.65),
(10630, 28, 265, 0.60),
(10631, 31, 265, 0.75),
(10632, 32, 265, 0.85),
(10633, 34, 265, 1.05),
(10634, 35, 265, 1.50),
(10635, 37, 265, 1.20),
(10636, 39, 265, 3.00),
(10637, 33, 265, 0.95),
(10638, 36, 265, 1.00),
(10639, 38, 265, 1.50),
(10640, 40, 265, 5.00),
(10641, 1, 266, 0.04),
(10642, 2, 266, 0.06),
(10643, 3, 266, 0.08),
(10644, 4, 266, 0.10),
(10645, 5, 266, 0.12),
(10646, 6, 266, 0.14),
(10647, 9, 266, 0.25),
(10648, 12, 266, 0.12),
(10649, 13, 266, 0.14),
(10650, 7, 266, 0.18),
(10651, 8, 266, 0.22),
(10652, 10, 266, 0.08),
(10653, 11, 266, 0.10),
(10654, 14, 266, 0.16),
(10655, 18, 266, 0.40),
(10656, 19, 266, 0.45),
(10657, 22, 266, 0.22),
(10658, 23, 266, 0.30),
(10659, 25, 266, 0.40),
(10660, 26, 266, 0.50),
(10661, 15, 266, 0.22),
(10662, 16, 266, 0.28),
(10663, 17, 266, 0.35),
(10664, 20, 266, 0.50),
(10665, 21, 266, 0.20),
(10666, 24, 266, 0.32),
(10667, 27, 266, 0.55),
(10668, 29, 266, 0.55),
(10669, 30, 266, 0.65),
(10670, 28, 266, 0.60),
(10671, 31, 266, 0.75),
(10672, 32, 266, 0.85),
(10673, 34, 266, 1.05),
(10674, 35, 266, 1.50),
(10675, 37, 266, 1.20),
(10676, 39, 266, 3.00),
(10677, 33, 266, 0.95),
(10678, 36, 266, 1.00),
(10679, 38, 266, 1.50),
(10680, 40, 266, 5.00),
(10681, 1, 267, 0.04),
(10682, 2, 267, 0.06),
(10683, 3, 267, 0.08),
(10684, 4, 267, 0.10),
(10685, 5, 267, 0.12),
(10686, 6, 267, 0.14),
(10687, 9, 267, 0.25),
(10688, 12, 267, 0.12),
(10689, 13, 267, 0.14),
(10690, 7, 267, 0.18),
(10691, 8, 267, 0.22),
(10692, 10, 267, 0.08),
(10693, 11, 267, 0.10),
(10694, 14, 267, 0.16),
(10695, 18, 267, 0.40),
(10696, 19, 267, 0.45),
(10697, 22, 267, 0.22),
(10698, 23, 267, 0.30),
(10699, 25, 267, 0.40),
(10700, 26, 267, 0.50),
(10701, 15, 267, 0.22),
(10702, 16, 267, 0.28),
(10703, 17, 267, 0.35),
(10704, 20, 267, 0.50),
(10705, 21, 267, 0.20),
(10706, 24, 267, 0.32),
(10707, 27, 267, 0.55),
(10708, 29, 267, 0.55),
(10709, 30, 267, 0.65),
(10710, 28, 267, 0.60),
(10711, 31, 267, 0.75),
(10712, 32, 267, 0.85),
(10713, 34, 267, 1.05),
(10714, 35, 267, 1.50),
(10715, 37, 267, 1.20),
(10716, 39, 267, 3.00),
(10717, 33, 267, 0.95),
(10718, 36, 267, 1.00),
(10719, 38, 267, 1.50),
(10720, 40, 267, 5.00),
(10721, 1, 268, 0.04),
(10722, 2, 268, 0.06),
(10723, 3, 268, 0.08),
(10724, 4, 268, 0.10),
(10725, 5, 268, 0.12),
(10726, 6, 268, 0.14),
(10727, 9, 268, 0.25),
(10728, 12, 268, 0.12),
(10729, 13, 268, 0.14),
(10730, 7, 268, 0.18),
(10731, 8, 268, 0.22),
(10732, 10, 268, 0.08),
(10733, 11, 268, 0.10),
(10734, 14, 268, 0.16),
(10735, 18, 268, 0.40),
(10736, 19, 268, 0.45),
(10737, 22, 268, 0.22),
(10738, 23, 268, 0.30),
(10739, 25, 268, 0.40),
(10740, 26, 268, 0.50),
(10741, 15, 268, 0.22),
(10742, 16, 268, 0.28),
(10743, 17, 268, 0.35),
(10744, 20, 268, 0.50),
(10745, 21, 268, 0.20),
(10746, 24, 268, 0.32),
(10747, 27, 268, 0.55),
(10748, 29, 268, 0.55),
(10749, 30, 268, 0.65),
(10750, 28, 268, 0.60),
(10751, 31, 268, 0.75),
(10752, 32, 268, 0.85),
(10753, 34, 268, 1.05),
(10754, 35, 268, 1.50),
(10755, 37, 268, 1.20),
(10756, 39, 268, 3.00),
(10757, 33, 268, 0.95),
(10758, 36, 268, 1.00),
(10759, 38, 268, 1.50),
(10760, 40, 268, 5.00),
(10761, 1, 269, 0.04),
(10762, 2, 269, 0.06),
(10763, 3, 269, 0.08),
(10764, 4, 269, 0.10),
(10765, 5, 269, 0.12),
(10766, 6, 269, 0.14),
(10767, 9, 269, 0.25),
(10768, 12, 269, 0.12),
(10769, 13, 269, 0.14),
(10770, 7, 269, 0.18),
(10771, 8, 269, 0.22),
(10772, 10, 269, 0.08),
(10773, 11, 269, 0.10),
(10774, 14, 269, 0.16),
(10775, 18, 269, 0.40),
(10776, 19, 269, 0.45),
(10777, 22, 269, 0.22),
(10778, 23, 269, 0.30),
(10779, 25, 269, 0.40),
(10780, 26, 269, 0.50),
(10781, 15, 269, 0.22),
(10782, 16, 269, 0.28),
(10783, 17, 269, 0.35),
(10784, 20, 269, 0.50),
(10785, 21, 269, 0.20),
(10786, 24, 269, 0.32),
(10787, 27, 269, 0.55),
(10788, 29, 269, 0.55),
(10789, 30, 269, 0.65),
(10790, 28, 269, 0.60),
(10791, 31, 269, 0.75),
(10792, 32, 269, 0.85),
(10793, 34, 269, 1.05),
(10794, 35, 269, 1.50),
(10795, 37, 269, 1.20),
(10796, 39, 269, 3.00),
(10797, 33, 269, 0.95),
(10798, 36, 269, 1.00),
(10799, 38, 269, 1.50),
(10800, 40, 269, 5.00),
(10801, 1, 270, 0.04),
(10802, 2, 270, 0.06),
(10803, 3, 270, 0.08),
(10804, 4, 270, 0.10),
(10805, 5, 270, 0.12),
(10806, 6, 270, 0.14),
(10807, 9, 270, 0.25),
(10808, 12, 270, 0.12),
(10809, 13, 270, 0.14),
(10810, 7, 270, 0.18),
(10811, 8, 270, 0.22),
(10812, 10, 270, 0.08),
(10813, 11, 270, 0.10),
(10814, 14, 270, 0.16),
(10815, 18, 270, 0.40),
(10816, 19, 270, 0.45),
(10817, 22, 270, 0.22),
(10818, 23, 270, 0.30),
(10819, 25, 270, 0.40),
(10820, 26, 270, 0.50),
(10821, 15, 270, 0.22),
(10822, 16, 270, 0.28),
(10823, 17, 270, 0.35),
(10824, 20, 270, 0.50),
(10825, 21, 270, 0.20),
(10826, 24, 270, 0.32),
(10827, 27, 270, 0.55),
(10828, 29, 270, 0.55),
(10829, 30, 270, 0.65),
(10830, 28, 270, 0.60),
(10831, 31, 270, 0.75),
(10832, 32, 270, 0.85),
(10833, 34, 270, 1.05),
(10834, 35, 270, 1.50),
(10835, 37, 270, 1.20),
(10836, 39, 270, 3.00),
(10837, 33, 270, 0.95),
(10838, 36, 270, 1.00),
(10839, 38, 270, 1.50),
(10840, 40, 270, 5.00),
(10841, 1, 271, 0.04),
(10842, 2, 271, 0.06),
(10843, 3, 271, 0.08),
(10844, 4, 271, 0.10),
(10845, 5, 271, 0.12),
(10846, 6, 271, 0.14),
(10847, 9, 271, 0.25),
(10848, 12, 271, 0.12),
(10849, 13, 271, 0.14),
(10850, 7, 271, 0.18),
(10851, 8, 271, 0.22),
(10852, 10, 271, 0.08),
(10853, 11, 271, 0.10),
(10854, 14, 271, 0.16),
(10855, 18, 271, 0.40),
(10856, 19, 271, 0.45),
(10857, 22, 271, 0.22),
(10858, 23, 271, 0.30),
(10859, 25, 271, 0.40),
(10860, 26, 271, 0.50),
(10861, 15, 271, 0.22),
(10862, 16, 271, 0.28),
(10863, 17, 271, 0.35),
(10864, 20, 271, 0.50),
(10865, 21, 271, 0.20),
(10866, 24, 271, 0.32),
(10867, 27, 271, 0.55),
(10868, 29, 271, 0.55),
(10869, 30, 271, 0.65),
(10870, 28, 271, 0.60),
(10871, 31, 271, 0.75),
(10872, 32, 271, 0.85),
(10873, 34, 271, 1.05),
(10874, 35, 271, 1.50),
(10875, 37, 271, 1.20),
(10876, 39, 271, 3.00),
(10877, 33, 271, 0.95),
(10878, 36, 271, 1.00),
(10879, 38, 271, 1.50),
(10880, 40, 271, 5.00),
(10881, 1, 272, 0.04),
(10882, 2, 272, 0.06),
(10883, 3, 272, 0.08),
(10884, 4, 272, 0.10),
(10885, 5, 272, 0.12),
(10886, 6, 272, 0.14),
(10887, 9, 272, 0.25),
(10888, 12, 272, 0.12),
(10889, 13, 272, 0.14),
(10890, 7, 272, 0.18),
(10891, 8, 272, 0.22),
(10892, 10, 272, 0.08),
(10893, 11, 272, 0.10),
(10894, 14, 272, 0.16),
(10895, 18, 272, 0.40),
(10896, 19, 272, 0.45),
(10897, 22, 272, 0.22),
(10898, 23, 272, 0.30),
(10899, 25, 272, 0.40),
(10900, 26, 272, 0.50),
(10901, 15, 272, 0.22),
(10902, 16, 272, 0.28),
(10903, 17, 272, 0.35),
(10904, 20, 272, 0.50),
(10905, 21, 272, 0.20),
(10906, 24, 272, 0.32),
(10907, 27, 272, 0.55),
(10908, 29, 272, 0.55),
(10909, 30, 272, 0.65),
(10910, 28, 272, 0.60),
(10911, 31, 272, 0.75),
(10912, 32, 272, 0.85),
(10913, 34, 272, 1.05),
(10914, 35, 272, 1.50),
(10915, 37, 272, 1.20),
(10916, 39, 272, 3.00),
(10917, 33, 272, 0.95),
(10918, 36, 272, 1.00),
(10919, 38, 272, 1.50),
(10920, 40, 272, 5.00),
(10921, 1, 273, 0.04),
(10922, 2, 273, 0.06),
(10923, 3, 273, 0.08),
(10924, 4, 273, 0.10),
(10925, 5, 273, 0.12),
(10926, 6, 273, 0.14),
(10927, 9, 273, 0.25),
(10928, 12, 273, 0.12),
(10929, 13, 273, 0.14),
(10930, 7, 273, 0.18),
(10931, 8, 273, 0.22),
(10932, 10, 273, 0.08),
(10933, 11, 273, 0.10),
(10934, 14, 273, 0.16),
(10935, 18, 273, 0.40),
(10936, 19, 273, 0.45),
(10937, 22, 273, 0.22),
(10938, 23, 273, 0.30),
(10939, 25, 273, 0.40),
(10940, 26, 273, 0.50),
(10941, 15, 273, 0.22),
(10942, 16, 273, 0.28),
(10943, 17, 273, 0.35),
(10944, 20, 273, 0.50),
(10945, 21, 273, 0.20),
(10946, 24, 273, 0.32),
(10947, 27, 273, 0.55),
(10948, 29, 273, 0.55),
(10949, 30, 273, 0.65),
(10950, 28, 273, 0.60),
(10951, 31, 273, 0.75),
(10952, 32, 273, 0.85),
(10953, 34, 273, 1.05),
(10954, 35, 273, 1.50),
(10955, 37, 273, 1.20),
(10956, 39, 273, 3.00),
(10957, 33, 273, 0.95),
(10958, 36, 273, 1.00),
(10959, 38, 273, 1.50),
(10960, 40, 273, 5.00),
(10961, 1, 274, 0.04),
(10962, 2, 274, 0.06),
(10963, 3, 274, 0.08),
(10964, 4, 274, 0.10),
(10965, 5, 274, 0.12),
(10966, 6, 274, 0.14),
(10967, 9, 274, 0.25),
(10968, 12, 274, 0.12),
(10969, 13, 274, 0.14),
(10970, 7, 274, 0.18),
(10971, 8, 274, 0.22),
(10972, 10, 274, 0.08),
(10973, 11, 274, 0.10),
(10974, 14, 274, 0.16),
(10975, 18, 274, 0.40),
(10976, 19, 274, 0.45),
(10977, 22, 274, 0.22),
(10978, 23, 274, 0.30),
(10979, 25, 274, 0.40),
(10980, 26, 274, 0.50),
(10981, 15, 274, 0.22),
(10982, 16, 274, 0.28),
(10983, 17, 274, 0.35),
(10984, 20, 274, 0.50),
(10985, 21, 274, 0.20),
(10986, 24, 274, 0.32),
(10987, 27, 274, 0.55),
(10988, 29, 274, 0.55),
(10989, 30, 274, 0.65),
(10990, 28, 274, 0.60),
(10991, 31, 274, 0.75),
(10992, 32, 274, 0.85),
(10993, 34, 274, 1.05),
(10994, 35, 274, 1.50),
(10995, 37, 274, 1.20),
(10996, 39, 274, 3.00),
(10997, 33, 274, 0.95),
(10998, 36, 274, 1.00),
(10999, 38, 274, 1.50),
(11000, 40, 274, 5.00);

-- --------------------------------------------------------

--
-- Structure de la table `Mosaic`
--

CREATE TABLE `Mosaic` (
  `id_Mosaic` int(11) NOT NULL,
  `pattern_type` varchar(50) NOT NULL,
  `generation_date` datetime NOT NULL DEFAULT current_timestamp()
) ENGINE=InnoDB DEFAULT CHARSET=utf8mb4 COLLATE=utf8mb4_general_ci;

--
-- Déchargement des données de la table `Mosaic`
--

INSERT INTO `Mosaic` (`id_Mosaic`, `pattern_type`, `generation_date`) VALUES
(1, 'Château Fort Médiéval', '2025-12-24 12:27:48'),
(2, 'Vaisseau Spatial', '2025-12-24 12:27:48'),
(3, 'Maison de Campagne', '2025-12-24 12:27:48');

-- --------------------------------------------------------

--
-- Structure de la table `MosaicComposition`
--

CREATE TABLE `MosaicComposition` (
  `id_Mosaic` int(11) NOT NULL,
  `id_Item` int(11) NOT NULL,
  `quantity_needed` int(11) NOT NULL
) ENGINE=InnoDB DEFAULT CHARSET=utf8mb4 COLLATE=utf8mb4_general_ci;

--
-- Déchargement des données de la table `MosaicComposition`
--

INSERT INTO `MosaicComposition` (`id_Mosaic`, `id_Item`, `quantity_needed`) VALUES
(1, 1, 10),
(1, 4, 500),
(1, 5, 50);

-- --------------------------------------------------------

--
-- Structure de la table `OrderItem`
--

CREATE TABLE `OrderItem` (
  `id_Order` int(11) NOT NULL,
  `id_Item` int(11) NOT NULL,
  `quantity` int(11) NOT NULL,
  `unit_price_snapshot` decimal(10,2) NOT NULL
) ENGINE=InnoDB DEFAULT CHARSET=utf8mb4 COLLATE=utf8mb4_general_ci;

--
-- Déchargement des données de la table `OrderItem`
--

INSERT INTO `OrderItem` (`id_Order`, `id_Item`, `quantity`, `unit_price_snapshot`) VALUES
(1, 1, 5, 0.15),
(1, 3, 2, 0.10),
(2, 2, 100, 0.15),
(3, 7, 1, 1.20);

--
-- Déclencheurs `OrderItem`
--
DELIMITER $$
CREATE TRIGGER `prevent_orderitem_delete` BEFORE DELETE ON `OrderItem` FOR EACH ROW BEGIN
    SIGNAL SQLSTATE '45000' SET MESSAGE_TEXT = 'Erreur : Suppression interdite (OrderItem).'$$
DELIMITER ;
DELIMITER $$
CREATE TRIGGER `prevent_orderitem_update` BEFORE UPDATE ON `OrderItem` FOR EACH ROW BEGIN
    SIGNAL SQLSTATE '45000' SET MESSAGE_TEXT = 'Erreur : Modification interdite (OrderItem).'$$
DELIMITER ;

-- --------------------------------------------------------

--
-- Structure de la table `SaveCustomer`
--

CREATE TABLE `SaveCustomer` (
  `id_SaveCustomer` int(11) NOT NULL,
  `first_name` varchar(100) NOT NULL,
  `last_name` varchar(100) NOT NULL,
  `email` varchar(150) NOT NULL,
  `adress` varchar(255) DEFAULT NULL,
  `postal_code` varchar(20) DEFAULT NULL,
  `city` varchar(255) DEFAULT NULL
) ENGINE=InnoDB DEFAULT CHARSET=utf8mb4 COLLATE=utf8mb4_general_ci;

--
-- Déchargement des données de la table `SaveCustomer`
--

INSERT INTO `SaveCustomer` (`id_SaveCustomer`, `first_name`, `last_name`, `email`, `adress`, `postal_code`, `city`) VALUES
(1, 'Jean', 'Admin', 'admin@sae.fr', '12 Rue du Test', '75000', 'Paris'),
(2, 'Sophie', 'Martin', 'sophie@client.fr', '45 Avenue des Champs', '69000', 'Lyon');

--
-- Déclencheurs `SaveCustomer`
--
DELIMITER $$
CREATE TRIGGER `prevent_savecustomer_delete` BEFORE DELETE ON `SaveCustomer` FOR EACH ROW BEGIN
    SIGNAL SQLSTATE '45000' SET MESSAGE_TEXT = 'Erreur : Suppression interdite (SaveCustomer).'$$
DELIMITER ;
DELIMITER $$
CREATE TRIGGER `prevent_savecustomer_update` BEFORE UPDATE ON `SaveCustomer` FOR EACH ROW BEGIN
    SIGNAL SQLSTATE '45000' SET MESSAGE_TEXT = 'Erreur : Modification interdite (SaveCustomer).'$$
DELIMITER ;

-- --------------------------------------------------------

--
-- Structure de la table `Shapes`
--

CREATE TABLE `Shapes` (
  `id` int(11) NOT NULL,
  `width` tinyint(4) NOT NULL,
  `length` tinyint(4) NOT NULL,
  `hole` int(11) DEFAULT NULL,
  `name` varchar(50) NOT NULL
) ENGINE=InnoDB DEFAULT CHARSET=utf8mb4 COLLATE=utf8mb4_general_ci;

--
-- Déchargement des données de la table `Shapes`
--

INSERT INTO `Shapes` (`id`, `width`, `length`, `hole`, `name`) VALUES
(1, 1, 1, NULL, 'Brick 1x1'),
(2, 1, 2, NULL, 'Brick 1x2'),
(3, 1, 3, NULL, 'Brick 1x3'),
(4, 1, 4, NULL, 'Brick 1x4'),
(5, 1, 5, NULL, 'Brick 1x5'),
(6, 1, 6, NULL, 'Brick 1x6'),
(7, 2, 2, NULL, 'Brick 2x2'),
(8, 2, 2, 1, 'Brick 2x2 in L'),
(9, 1, 8, NULL, 'Brick 1x8'),
(10, 2, 3, NULL, 'Brick 2x3'),
(11, 2, 3, 1, 'Brick 2x3 in U'),
(12, 1, 10, NULL, 'Brick 1x10'),
(13, 1, 12, NULL, 'Brick 1x12'),
(14, 2, 4, NULL, 'Brick 2x4'),
(15, 3, 3, NULL, 'Brick 3x3'),
(16, 3, 3, 268, 'Brick 3x3 in +'),
(17, 3, 3, 1245, 'Brick 3x3 in L'),
(18, 2, 6, NULL, 'Brick 2x6'),
(19, 2, 8, NULL, 'Brick 2x8'),
(20, 4, 4, NULL, 'Brick 4x4'),
(21, 4, 4, 2367, 'Brick 4x4 in L'),
(22, 2, 10, NULL, 'Brick 2x10'),
(23, 2, 12, NULL, 'Brick 2x12'),
(24, 4, 6, NULL, 'Brick 4x6'),
(25, 2, 14, NULL, 'Brick 2x14'),
(26, 2, 16, NULL, 'Brick 2x16'),
(27, 4, 8, NULL, 'Brick 4x8'),
(28, 6, 6, NULL, 'Brick 6x6'),
(29, 4, 10, NULL, 'Brick 4x10'),
(30, 4, 12, NULL, 'Brick 4x12'),
(31, 6, 8, NULL, 'Brick 6x8'),
(32, 6, 10, NULL, 'Brick 6x10'),
(33, 8, 8, NULL, 'Brick 8x8'),
(34, 6, 12, NULL, 'Brick 6x12'),
(35, 6, 14, NULL, 'Brick 6x14'),
(36, 8, 11, NULL, 'Brick 8x11'),
(37, 6, 16, NULL, 'Brick 6x16'),
(38, 8, 16, NULL, 'Brick 8x16'),
(39, 6, 24, NULL, 'Brick 6x24'),
(40, 16, 16, NULL, 'Brick 16x16');

-- --------------------------------------------------------

--
-- Structure de la table `StockEntry`
--

CREATE TABLE `StockEntry` (
  `id_Stock` int(11) NOT NULL,
  `id_Item` int(11) NOT NULL,
  `date_import` date NOT NULL DEFAULT curdate(),
  `quantity` int(11) NOT NULL
) ENGINE=InnoDB DEFAULT CHARSET=utf8mb4 COLLATE=utf8mb4_general_ci;

--
-- Déchargement des données de la table `StockEntry`
--

INSERT INTO `StockEntry` (`id_Stock`, `id_Item`, `date_import`, `quantity`) VALUES
(1, 1, '2025-12-14', 1000),
(2, 2, '2025-12-19', 500),
(3, 3, '2025-12-24', 50),
(4, 4, '2025-12-24', 2000);

-- --------------------------------------------------------

--
-- Doublure de structure pour la vue `View_StockStatus`
-- (Voir ci-dessous la vue réelle)
--
CREATE TABLE `View_StockStatus` (
`id_Item` int(11)
,`name` varchar(79)
,`current_stock` decimal(33,0)
,`alert_status` varchar(3)
);

-- --------------------------------------------------------

--
-- Structure de la vue `View_StockStatus`
--
DROP TABLE IF EXISTS `View_StockStatus`;

CREATE ALGORITHM=UNDEFINED DEFINER=`root`@`localhost` SQL SECURITY DEFINER VIEW `View_StockStatus`  AS SELECT `i`.`id_Item` AS `id_Item`, concat(`s`.`name`,' ',`c`.`name`) AS `name`, ifnull(`entries`.`total_in`,0) - ifnull(`sales`.`total_out`,0) AS `current_stock`, CASE WHEN ifnull(`entries`.`total_in`,0) - ifnull(`sales`.`total_out`,0) < 10 THEN 'OUI' ELSE 'NON' END AS `alert_status` FROM ((((`Item` `i` join `Shapes` `s` on(`i`.`shape_id` = `s`.`id`)) join `Colors` `c` on(`i`.`color_id` = `c`.`id`)) left join (select `StockEntry`.`id_Item` AS `id_Item`,sum(`StockEntry`.`quantity`) AS `total_in` from `StockEntry` group by `StockEntry`.`id_Item`) `entries` on(`i`.`id_Item` = `entries`.`id_Item`)) left join (select `OrderItem`.`id_Item` AS `id_Item`,sum(`OrderItem`.`quantity`) AS `total_out` from `OrderItem` group by `OrderItem`.`id_Item`) `sales` on(`i`.`id_Item` = `sales`.`id_Item`)) ;

--
-- Index pour les tables déchargées
--

--
-- Index pour la table `BankDetails`
--
ALTER TABLE `BankDetails`
  ADD PRIMARY KEY (`id_Bank_Details`),
  ADD KEY `id_Customer` (`id_Customer`);

--
-- Index pour la table `Colors`
--
ALTER TABLE `Colors`
  ADD PRIMARY KEY (`id`);

--
-- Index pour la table `Customer`
--
ALTER TABLE `Customer`
  ADD PRIMARY KEY (`id_Customer`),
  ADD KEY `id_SaveCustomer` (`id_SaveCustomer`);

--
-- Index pour la table `CustomerImage`
--
ALTER TABLE `CustomerImage`
  ADD PRIMARY KEY (`id_Image`);

--
-- Index pour la table `CustomerOrder`
--
ALTER TABLE `CustomerOrder`
  ADD PRIMARY KEY (`id_Order`),
  ADD KEY `id_Customer` (`id_Customer`),
  ADD KEY `id_Image` (`id_Image`),
  ADD KEY `id_Mosaic` (`id_Mosaic`);

--
-- Index pour la table `FactoryOrder`
--
ALTER TABLE `FactoryOrder`
  ADD PRIMARY KEY (`id_FactoryOrder`),
  ADD KEY `id_Item` (`id_Item`);

--
-- Index pour la table `Image`
--
ALTER TABLE `Image`
  ADD PRIMARY KEY (`id_Image`);

--
-- Index pour la table `Invoice`
--
ALTER TABLE `Invoice`
  ADD PRIMARY KEY (`id_Invoice`),
  ADD UNIQUE KEY `id_Order` (`id_Order`),
  ADD KEY `id_Bank_Details` (`id_Bank_Details`),
  ADD KEY `id_SaveCustomer` (`id_SaveCustomer`);

--
-- Index pour la table `Item`
--
ALTER TABLE `Item`
  ADD PRIMARY KEY (`id_Item`),
  ADD UNIQUE KEY `shape_id` (`shape_id`,`color_id`),
  ADD KEY `color_id` (`color_id`);

--
-- Index pour la table `Mosaic`
--
ALTER TABLE `Mosaic`
  ADD PRIMARY KEY (`id_Mosaic`);

--
-- Index pour la table `MosaicComposition`
--
ALTER TABLE `MosaicComposition`
  ADD PRIMARY KEY (`id_Mosaic`,`id_Item`),
  ADD KEY `id_Item` (`id_Item`);

--
-- Index pour la table `OrderItem`
--
ALTER TABLE `OrderItem`
  ADD PRIMARY KEY (`id_Order`,`id_Item`),
  ADD KEY `id_Item` (`id_Item`);

--
-- Index pour la table `SaveCustomer`
--
ALTER TABLE `SaveCustomer`
  ADD PRIMARY KEY (`id_SaveCustomer`);

--
-- Index pour la table `Shapes`
--
ALTER TABLE `Shapes`
  ADD PRIMARY KEY (`id`),
  ADD UNIQUE KEY `width` (`width`,`length`,`hole`);

--
-- Index pour la table `StockEntry`
--
ALTER TABLE `StockEntry`
  ADD PRIMARY KEY (`id_Stock`),
  ADD KEY `fk_stock_item` (`id_Item`);

--
-- AUTO_INCREMENT pour les tables déchargées
--

--
-- AUTO_INCREMENT pour la table `BankDetails`
--
ALTER TABLE `BankDetails`
  MODIFY `id_Bank_Details` int(11) NOT NULL AUTO_INCREMENT, AUTO_INCREMENT=2;

--
-- AUTO_INCREMENT pour la table `Customer`
--
ALTER TABLE `Customer`
  MODIFY `id_Customer` int(11) NOT NULL AUTO_INCREMENT, AUTO_INCREMENT=3;

--
-- AUTO_INCREMENT pour la table `CustomerImage`
--
ALTER TABLE `CustomerImage`
  MODIFY `id_Image` int(11) NOT NULL AUTO_INCREMENT;

--
-- AUTO_INCREMENT pour la table `CustomerOrder`
--
ALTER TABLE `CustomerOrder`
  MODIFY `id_Order` int(11) NOT NULL AUTO_INCREMENT, AUTO_INCREMENT=4;

--
-- AUTO_INCREMENT pour la table `FactoryOrder`
--
ALTER TABLE `FactoryOrder`
  MODIFY `id_FactoryOrder` int(11) NOT NULL AUTO_INCREMENT;

--
-- AUTO_INCREMENT pour la table `Image`
--
ALTER TABLE `Image`
  MODIFY `id_Image` int(11) NOT NULL AUTO_INCREMENT;

--
-- AUTO_INCREMENT pour la table `Invoice`
--
ALTER TABLE `Invoice`
  MODIFY `id_Invoice` int(11) NOT NULL AUTO_INCREMENT, AUTO_INCREMENT=3;

--
-- AUTO_INCREMENT pour la table `Item`
--
ALTER TABLE `Item`
  MODIFY `id_Item` int(11) NOT NULL AUTO_INCREMENT, AUTO_INCREMENT=16384;

--
-- AUTO_INCREMENT pour la table `Mosaic`
--
ALTER TABLE `Mosaic`
  MODIFY `id_Mosaic` int(11) NOT NULL AUTO_INCREMENT, AUTO_INCREMENT=4;

--
-- AUTO_INCREMENT pour la table `SaveCustomer`
--
ALTER TABLE `SaveCustomer`
  MODIFY `id_SaveCustomer` int(11) NOT NULL AUTO_INCREMENT, AUTO_INCREMENT=3;

--
-- AUTO_INCREMENT pour la table `StockEntry`
--
ALTER TABLE `StockEntry`
  MODIFY `id_Stock` int(11) NOT NULL AUTO_INCREMENT, AUTO_INCREMENT=5;

--
-- Contraintes pour les tables déchargées
--

--
-- Contraintes pour la table `BankDetails`
--
ALTER TABLE `BankDetails`
  ADD CONSTRAINT `BankDetails_ibfk_1` FOREIGN KEY (`id_Customer`) REFERENCES `Customer` (`id_Customer`);

--
-- Contraintes pour la table `Customer`
--
ALTER TABLE `Customer`
  ADD CONSTRAINT `Customer_ibfk_1` FOREIGN KEY (`id_SaveCustomer`) REFERENCES `SaveCustomer` (`id_SaveCustomer`);

--
-- Contraintes pour la table `CustomerOrder`
--
ALTER TABLE `CustomerOrder`
  ADD CONSTRAINT `CustomerOrder_ibfk_1` FOREIGN KEY (`id_Customer`) REFERENCES `Customer` (`id_Customer`),
  ADD CONSTRAINT `CustomerOrder_ibfk_2` FOREIGN KEY (`id_Image`) REFERENCES `CustomerImage` (`id_Image`),
  ADD CONSTRAINT `CustomerOrder_ibfk_3` FOREIGN KEY (`id_Mosaic`) REFERENCES `Mosaic` (`id_Mosaic`);

--
-- Contraintes pour la table `FactoryOrder`
--
ALTER TABLE `FactoryOrder`
  ADD CONSTRAINT `FactoryOrder_ibfk_1` FOREIGN KEY (`id_Item`) REFERENCES `Item` (`id_Item`);

--
-- Contraintes pour la table `Invoice`
--
ALTER TABLE `Invoice`
  ADD CONSTRAINT `Invoice_ibfk_1` FOREIGN KEY (`id_Order`) REFERENCES `CustomerOrder` (`id_Order`),
  ADD CONSTRAINT `Invoice_ibfk_2` FOREIGN KEY (`id_Bank_Details`) REFERENCES `BankDetails` (`id_Bank_Details`),
  ADD CONSTRAINT `Invoice_ibfk_3` FOREIGN KEY (`id_SaveCustomer`) REFERENCES `SaveCustomer` (`id_SaveCustomer`);

--
-- Contraintes pour la table `Item`
--
ALTER TABLE `Item`
  ADD CONSTRAINT `pieces_ibfk_1` FOREIGN KEY (`shape_id`) REFERENCES `Shapes` (`id`) ON UPDATE CASCADE,
  ADD CONSTRAINT `pieces_ibfk_2` FOREIGN KEY (`color_id`) REFERENCES `Colors` (`id`) ON UPDATE CASCADE;

--
-- Contraintes pour la table `MosaicComposition`
--
ALTER TABLE `MosaicComposition`
  ADD CONSTRAINT `MosaicComposition_ibfk_1` FOREIGN KEY (`id_Mosaic`) REFERENCES `Mosaic` (`id_Mosaic`),
  ADD CONSTRAINT `MosaicComposition_ibfk_2` FOREIGN KEY (`id_Item`) REFERENCES `Item` (`id_Item`);

--
-- Contraintes pour la table `OrderItem`
--
ALTER TABLE `OrderItem`
  ADD CONSTRAINT `OrderItem_ibfk_1` FOREIGN KEY (`id_Order`) REFERENCES `CustomerOrder` (`id_Order`),
  ADD CONSTRAINT `OrderItem_ibfk_2` FOREIGN KEY (`id_Item`) REFERENCES `Item` (`id_Item`);

--
-- Contraintes pour la table `StockEntry`
--
ALTER TABLE `StockEntry`
  ADD CONSTRAINT `fk_stock_item` FOREIGN KEY (`id_Item`) REFERENCES `Item` (`id_Item`);
COMMIT;

/*!40101 SET CHARACTER_SET_CLIENT=@OLD_CHARACTER_SET_CLIENT */;
/*!40101 SET CHARACTER_SET_RESULTS=@OLD_CHARACTER_SET_RESULTS */;
/*!40101 SET COLLATION_CONNECTION=@OLD_COLLATION_CONNECTION */;
